[2026-09-27T16:46:01.220+0000] {manager.py:483} INFO - Processing files using up to 2 processes at a time 
[2026-09-27T16:46:01.222+0000] {manager.py:484} INFO - Process each file at most once every 30 seconds
[2026-09-27T16:46:01.226+0000] {manager.py:485} INFO - Checking for new files in /opt/airflow/dags every 300 seconds
[2026-09-27T16:46:01.229+0000] {manager.py:821} INFO - Searching for files in /opt/airflow/dags
[2026-09-27T16:46:01.301+0000] {manager.py:824} INFO - There are 1 files in /opt/airflow/dags
[2026-09-27T16:46:01.586+0000] {manager.py:997} INFO - 
================================================================================
DAG File Processing Stats

File Path                             PID  Runtime      # DAGs    # Errors  Last Runtime    Last Run      Last # of DB Queries
----------------------------------  -----  ---------  --------  ----------  --------------  ----------  ----------------------
/opt/airflow/dags/medallion_dag.py    175  0.04s             0           0                                                   0
================================================================================
[2026-09-27T16:46:31.980+0000] {manager.py:997} INFO - 
================================================================================
DAG File Processing Stats

File Path                           PID    Runtime      # DAGs    # Errors  Last Runtime    Last Run               Last # of DB Queries
----------------------------------  -----  ---------  --------  ----------  --------------  -------------------  ----------------------
/opt/airflow/dags/medallion_dag.py                           1           0  2.42s           2026-09-27T16:46:03                      45
================================================================================
[2026-09-27T16:47:02.018+0000] {manager.py:997} INFO - 
================================================================================
DAG File Processing Stats

File Path                           PID    Runtime      # DAGs    # Errors  Last Runtime    Last Run               Last # of DB Queries
----------------------------------  -----  ---------  --------  ----------  --------------  -------------------  ----------------------
/opt/airflow/dags/medallion_dag.py                           1           0  0.58s           2026-09-27T16:46:34                      12
================================================================================
[2026-09-27T16:47:32.432+0000] {manager.py:997} INFO - 
================================================================================
DAG File Processing Stats

File Path                           PID    Runtime      # DAGs    # Errors  Last Runtime    Last Run               Last # of DB Queries
----------------------------------  -----  ---------  --------  ----------  --------------  -------------------  ----------------------
/opt/airflow/dags/medallion_dag.py                           1           0  0.48s           2026-09-27T16:47:05                      12
================================================================================
[2026-09-27T16:48:02.483+0000] {manager.py:997} INFO - 
================================================================================
DAG File Processing Stats

File Path                           PID    Runtime      # DAGs    # Errors  Last Runtime    Last Run               Last # of DB Queries
----------------------------------  -----  ---------  --------  ----------  --------------  -------------------  ----------------------
/opt/airflow/dags/medallion_dag.py                           1           0  0.46s           2026-09-27T16:47:35                      12
================================================================================
[2026-09-27T16:48:32.654+0000] {manager.py:997} INFO - 
================================================================================
DAG File Processing Stats

File Path                           PID    Runtime      # DAGs    # Errors  Last Runtime    Last Run               Last # of DB Queries
----------------------------------  -----  ---------  --------  ----------  --------------  -------------------  ----------------------
/opt/airflow/dags/medallion_dag.py                           1           0  0.54s           2026-09-27T16:48:07                      12
================================================================================
[2026-09-27T16:49:02.714+0000] {manager.py:997} INFO - 
================================================================================
DAG File Processing Stats

File Path                           PID    Runtime      # DAGs    # Errors  Last Runtime    Last Run               Last # of DB Queries
----------------------------------  -----  ---------  --------  ----------  --------------  -------------------  ----------------------
/opt/airflow/dags/medallion_dag.py                           1           0  1.17s           2026-09-27T16:48:38                      12
================================================================================
[2026-09-27T16:49:33.068+0000] {manager.py:997} INFO - 
================================================================================
DAG File Processing Stats

File Path                           PID    Runtime      # DAGs    # Errors  Last Runtime    Last Run               Last # of DB Queries
----------------------------------  -----  ---------  --------  ----------  --------------  -------------------  ----------------------
/opt/airflow/dags/medallion_dag.py                           1           0  0.81s           2026-09-27T16:49:09                      12
================================================================================
[2026-09-27T16:50:03.687+0000] {manager.py:997} INFO - 
================================================================================
DAG File Processing Stats

File Path                           PID    Runtime      # DAGs    # Errors  Last Runtime    Last Run               Last # of DB Queries
----------------------------------  -----  ---------  --------  ----------  --------------  -------------------  ----------------------
/opt/airflow/dags/medallion_dag.py                           1           0  0.74s           2026-09-27T16:49:40                      12
================================================================================
[2026-09-27T16:50:34.413+0000] {manager.py:997} INFO - 
================================================================================
DAG File Processing Stats

File Path                           PID    Runtime      # DAGs    # Errors  Last Runtime    Last Run               Last # of DB Queries
----------------------------------  -----  ---------  --------  ----------  --------------  -------------------  ----------------------
/opt/airflow/dags/medallion_dag.py                           1           0  1.37s           2026-09-27T16:50:12                      12
================================================================================
[2026-09-27T16:51:01.662+0000] {manager.py:821} INFO - Searching for files in /opt/airflow/dags
[2026-09-27T16:51:01.751+0000] {manager.py:824} INFO - There are 1 files in /opt/airflow/dags
[2026-09-27T16:51:04.815+0000] {manager.py:997} INFO - 
================================================================================
DAG File Processing Stats

File Path                           PID    Runtime      # DAGs    # Errors  Last Runtime    Last Run               Last # of DB Queries
----------------------------------  -----  ---------  --------  ----------  --------------  -------------------  ----------------------
/opt/airflow/dags/medallion_dag.py                           1           0  0.71s           2026-09-27T16:50:43                      12
================================================================================
[2026-09-27T16:51:34.958+0000] {manager.py:997} INFO - 
================================================================================
DAG File Processing Stats

File Path                           PID    Runtime      # DAGs    # Errors  Last Runtime    Last Run               Last # of DB Queries
----------------------------------  -----  ---------  --------  ----------  --------------  -------------------  ----------------------
/opt/airflow/dags/medallion_dag.py                           1           0  0.72s           2026-09-27T16:51:14                      12
================================================================================
[2026-09-27T16:52:05.523+0000] {manager.py:997} INFO - 
================================================================================
DAG File Processing Stats

File Path                           PID    Runtime      # DAGs    # Errors  Last Runtime    Last Run               Last # of DB Queries
----------------------------------  -----  ---------  --------  ----------  --------------  -------------------  ----------------------
/opt/airflow/dags/medallion_dag.py                           1           0  1.49s           2026-09-27T16:51:46                      12
================================================================================
[2026-09-27T16:52:36.228+0000] {manager.py:997} INFO - 
================================================================================
DAG File Processing Stats

File Path                           PID    Runtime      # DAGs    # Errors  Last Runtime    Last Run               Last # of DB Queries
----------------------------------  -----  ---------  --------  ----------  --------------  -------------------  ----------------------
/opt/airflow/dags/medallion_dag.py                           1           0  1.20s           2026-09-27T16:52:17                      12
================================================================================
[2026-09-27T16:53:06.449+0000] {manager.py:997} INFO - 
================================================================================
DAG File Processing Stats

File Path                           PID    Runtime      # DAGs    # Errors  Last Runtime    Last Run               Last # of DB Queries
----------------------------------  -----  ---------  --------  ----------  --------------  -------------------  ----------------------
/opt/airflow/dags/medallion_dag.py                           1           0  0.69s           2026-09-27T16:52:49                      12
================================================================================
[2026-09-27T16:53:37.073+0000] {manager.py:997} INFO - 
================================================================================
DAG File Processing Stats

File Path                           PID    Runtime      # DAGs    # Errors  Last Runtime    Last Run               Last # of DB Queries
----------------------------------  -----  ---------  --------  ----------  --------------  -------------------  ----------------------
/opt/airflow/dags/medallion_dag.py                           1           0  1.06s           2026-09-27T16:53:20                      12
================================================================================
[2026-09-27T16:54:07.321+0000] {manager.py:997} INFO - 
================================================================================
DAG File Processing Stats

File Path                           PID    Runtime      # DAGs    # Errors  Last Runtime    Last Run               Last # of DB Queries
----------------------------------  -----  ---------  --------  ----------  --------------  -------------------  ----------------------
/opt/airflow/dags/medallion_dag.py                           1           0  0.71s           2026-09-27T16:53:52                      12
================================================================================
[2026-09-27T16:54:37.802+0000] {manager.py:997} INFO - 
================================================================================
DAG File Processing Stats

File Path                           PID    Runtime      # DAGs    # Errors  Last Runtime    Last Run               Last # of DB Queries
----------------------------------  -----  ---------  --------  ----------  --------------  -------------------  ----------------------
/opt/airflow/dags/medallion_dag.py                           1           0  0.75s           2026-09-27T16:54:23                      12
================================================================================
[2026-09-27T16:55:08.411+0000] {manager.py:997} INFO - 
================================================================================
DAG File Processing Stats

File Path                           PID    Runtime      # DAGs    # Errors  Last Runtime    Last Run               Last # of DB Queries
----------------------------------  -----  ---------  --------  ----------  --------------  -------------------  ----------------------
/opt/airflow/dags/medallion_dag.py                           1           0  0.84s           2026-09-27T16:54:54                      12
================================================================================
[2026-09-27T16:55:38.959+0000] {manager.py:997} INFO - 
================================================================================
DAG File Processing Stats

File Path                           PID    Runtime      # DAGs    # Errors  Last Runtime    Last Run               Last # of DB Queries
----------------------------------  -----  ---------  --------  ----------  --------------  -------------------  ----------------------
/opt/airflow/dags/medallion_dag.py                           1           0  0.87s           2026-09-27T16:55:25                      12
================================================================================
[2026-09-27T16:56:01.755+0000] {manager.py:821} INFO - Searching for files in /opt/airflow/dags
[2026-09-27T16:56:01.807+0000] {manager.py:824} INFO - There are 1 files in /opt/airflow/dags
[2026-09-27T16:56:09.355+0000] {manager.py:997} INFO - 
================================================================================
DAG File Processing Stats

File Path                           PID    Runtime      # DAGs    # Errors  Last Runtime    Last Run               Last # of DB Queries
----------------------------------  -----  ---------  --------  ----------  --------------  -------------------  ----------------------
/opt/airflow/dags/medallion_dag.py                           1           0  0.79s           2026-09-27T16:55:57                      12
================================================================================
[2026-09-27T16:56:39.973+0000] {manager.py:997} INFO - 
================================================================================
DAG File Processing Stats

File Path                           PID    Runtime      # DAGs    # Errors  Last Runtime    Last Run               Last # of DB Queries
----------------------------------  -----  ---------  --------  ----------  --------------  -------------------  ----------------------
/opt/airflow/dags/medallion_dag.py                           1           0  0.63s           2026-09-27T16:56:27                      12
================================================================================
[2026-09-27T16:57:10.687+0000] {manager.py:997} INFO - 
================================================================================
DAG File Processing Stats

File Path                           PID    Runtime      # DAGs    # Errors  Last Runtime    Last Run               Last # of DB Queries
----------------------------------  -----  ---------  --------  ----------  --------------  -------------------  ----------------------
/opt/airflow/dags/medallion_dag.py                           1           0  1.34s           2026-09-27T16:56:59                      12
================================================================================
[2026-09-27T16:57:41.314+0000] {manager.py:997} INFO - 
================================================================================
DAG File Processing Stats

File Path                           PID    Runtime      # DAGs    # Errors  Last Runtime    Last Run               Last # of DB Queries
----------------------------------  -----  ---------  --------  ----------  --------------  -------------------  ----------------------
/opt/airflow/dags/medallion_dag.py                           1           0  1.32s           2026-09-27T16:57:31                      12
================================================================================
[2026-09-27T16:58:11.313+0000] {manager.py:997} INFO - 
================================================================================
DAG File Processing Stats

File Path                           PID    Runtime      # DAGs    # Errors  Last Runtime    Last Run               Last # of DB Queries
----------------------------------  -----  ---------  --------  ----------  --------------  -------------------  ----------------------
/opt/airflow/dags/medallion_dag.py                           1           0  1.47s           2026-09-27T16:58:03                      12
================================================================================
[2026-09-27T16:58:41.833+0000] {manager.py:997} INFO - 
================================================================================
DAG File Processing Stats

File Path                           PID    Runtime      # DAGs    # Errors  Last Runtime    Last Run               Last # of DB Queries
----------------------------------  -----  ---------  --------  ----------  --------------  -------------------  ----------------------
/opt/airflow/dags/medallion_dag.py                           1           0  3.24s           2026-09-27T16:58:36                      12
================================================================================
[2026-09-27T16:59:12.493+0000] {manager.py:997} INFO - 
================================================================================
DAG File Processing Stats

File Path                           PID    Runtime      # DAGs    # Errors  Last Runtime    Last Run               Last # of DB Queries
----------------------------------  -----  ---------  --------  ----------  --------------  -------------------  ----------------------
/opt/airflow/dags/medallion_dag.py                           1           0  1.42s           2026-09-27T16:59:08                      12
================================================================================
[2026-09-27T16:59:42.636+0000] {manager.py:997} INFO - 
================================================================================
DAG File Processing Stats

File Path                           PID    Runtime      # DAGs    # Errors  Last Runtime    Last Run               Last # of DB Queries
----------------------------------  -----  ---------  --------  ----------  --------------  -------------------  ----------------------
/opt/airflow/dags/medallion_dag.py                           1           0  1.62s           2026-09-27T16:59:40                      12
================================================================================
[2026-09-27T17:00:12.942+0000] {manager.py:997} INFO - 
================================================================================
DAG File Processing Stats

File Path                             PID  Runtime      # DAGs    # Errors  Last Runtime    Last Run               Last # of DB Queries
----------------------------------  -----  ---------  --------  ----------  --------------  -------------------  ----------------------
/opt/airflow/dags/medallion_dag.py    434  2.03s             1           0  1.62s           2026-09-27T16:59:40                      12
================================================================================
[2026-09-27T17:00:43.984+0000] {manager.py:997} INFO - 
================================================================================
DAG File Processing Stats

File Path                           PID    Runtime      # DAGs    # Errors  Last Runtime    Last Run               Last # of DB Queries
----------------------------------  -----  ---------  --------  ----------  --------------  -------------------  ----------------------
/opt/airflow/dags/medallion_dag.py                           1           0  3.36s           2026-09-27T17:00:14                      12
================================================================================
[2026-09-27T17:01:02.524+0000] {manager.py:821} INFO - Searching for files in /opt/airflow/dags
[2026-09-27T17:01:02.957+0000] {manager.py:824} INFO - There are 1 files in /opt/airflow/dags
[2026-09-27T17:01:14.215+0000] {manager.py:997} INFO - 
================================================================================
DAG File Processing Stats

File Path                           PID    Runtime      # DAGs    # Errors  Last Runtime    Last Run               Last # of DB Queries
----------------------------------  -----  ---------  --------  ----------  --------------  -------------------  ----------------------
/opt/airflow/dags/medallion_dag.py                           1           0  3.27s           2026-09-27T17:00:48                      12
================================================================================
[2026-09-27T17:01:44.467+0000] {manager.py:997} INFO - 
================================================================================
DAG File Processing Stats

File Path                           PID    Runtime      # DAGs    # Errors  Last Runtime    Last Run               Last # of DB Queries
----------------------------------  -----  ---------  --------  ----------  --------------  -------------------  ----------------------
/opt/airflow/dags/medallion_dag.py                           1           0  3.77s           2026-09-27T17:01:22                      12
================================================================================
[2026-09-27T17:02:15.065+0000] {manager.py:997} INFO - 
================================================================================
DAG File Processing Stats

File Path                           PID    Runtime      # DAGs    # Errors  Last Runtime    Last Run               Last # of DB Queries
----------------------------------  -----  ---------  --------  ----------  --------------  -------------------  ----------------------
/opt/airflow/dags/medallion_dag.py                           1           0  1.27s           2026-09-27T17:01:54                      12
================================================================================
[2026-09-27T17:02:45.314+0000] {manager.py:997} INFO - 
================================================================================
DAG File Processing Stats

File Path                           PID    Runtime      # DAGs    # Errors  Last Runtime    Last Run               Last # of DB Queries
----------------------------------  -----  ---------  --------  ----------  --------------  -------------------  ----------------------
/opt/airflow/dags/medallion_dag.py                           1           0  6.25s           2026-09-27T17:02:30                      12
================================================================================
[2026-09-27T17:03:15.695+0000] {manager.py:997} INFO - 
================================================================================
DAG File Processing Stats

File Path                           PID    Runtime      # DAGs    # Errors  Last Runtime    Last Run               Last # of DB Queries
----------------------------------  -----  ---------  --------  ----------  --------------  -------------------  ----------------------
/opt/airflow/dags/medallion_dag.py                           1           0  2.49s           2026-09-27T17:03:03                      12
================================================================================
[2026-09-27T17:03:46.434+0000] {manager.py:997} INFO - 
================================================================================
DAG File Processing Stats

File Path                           PID    Runtime      # DAGs    # Errors  Last Runtime    Last Run               Last # of DB Queries
----------------------------------  -----  ---------  --------  ----------  --------------  -------------------  ----------------------
/opt/airflow/dags/medallion_dag.py                           1           0  8.64s           2026-09-27T17:03:43                      12
================================================================================
[2026-09-27T17:04:00.432+0000] {manager.py:465} INFO - Exiting gracefully upon receiving signal 15
[2026-09-27T17:04:51.642+0000] {manager.py:483} INFO - Processing files using up to 2 processes at a time 
[2026-09-27T17:04:51.646+0000] {manager.py:484} INFO - Process each file at most once every 30 seconds
[2026-09-27T17:04:51.657+0000] {manager.py:485} INFO - Checking for new files in /opt/airflow/dags every 300 seconds
[2026-09-27T17:04:51.659+0000] {manager.py:821} INFO - Searching for files in /opt/airflow/dags
[2026-09-27T17:04:51.779+0000] {manager.py:824} INFO - There are 1 files in /opt/airflow/dags
[2026-09-27T17:04:52.030+0000] {manager.py:997} INFO - 
================================================================================
DAG File Processing Stats

File Path                             PID  Runtime      # DAGs    # Errors  Last Runtime    Last Run      Last # of DB Queries
----------------------------------  -----  ---------  --------  ----------  --------------  ----------  ----------------------
/opt/airflow/dags/medallion_dag.py    175  0.05s             0           0                                                   0
================================================================================
[2026-09-27T17:05:22.574+0000] {manager.py:997} INFO - 
================================================================================
DAG File Processing Stats

File Path                           PID    Runtime      # DAGs    # Errors  Last Runtime    Last Run               Last # of DB Queries
----------------------------------  -----  ---------  --------  ----------  --------------  -------------------  ----------------------
/opt/airflow/dags/medallion_dag.py                           1           0  2.35s           2026-09-27T17:04:54                      12
================================================================================
[2026-09-27T17:05:52.668+0000] {manager.py:997} INFO - 
================================================================================
DAG File Processing Stats

File Path                           PID    Runtime      # DAGs    # Errors  Last Runtime    Last Run               Last # of DB Queries
----------------------------------  -----  ---------  --------  ----------  --------------  -------------------  ----------------------
/opt/airflow/dags/medallion_dag.py                           1           0  1.43s           2026-09-27T17:05:26                      12
================================================================================
[2026-09-27T17:06:22.922+0000] {manager.py:997} INFO - 
================================================================================
DAG File Processing Stats

File Path                           PID    Runtime      # DAGs    # Errors  Last Runtime    Last Run               Last # of DB Queries
----------------------------------  -----  ---------  --------  ----------  --------------  -------------------  ----------------------
/opt/airflow/dags/medallion_dag.py                           1           0  0.99s           2026-09-27T17:05:57                      12
================================================================================
[2026-09-27T17:06:53.277+0000] {manager.py:997} INFO - 
================================================================================
DAG File Processing Stats

File Path                           PID    Runtime      # DAGs    # Errors  Last Runtime    Last Run               Last # of DB Queries
----------------------------------  -----  ---------  --------  ----------  --------------  -------------------  ----------------------
/opt/airflow/dags/medallion_dag.py                           1           0  0.91s           2026-09-27T17:06:28                      12
================================================================================
[2026-09-27T17:07:23.731+0000] {manager.py:997} INFO - 
================================================================================
DAG File Processing Stats

File Path                           PID    Runtime      # DAGs    # Errors  Last Runtime    Last Run               Last # of DB Queries
----------------------------------  -----  ---------  --------  ----------  --------------  -------------------  ----------------------
/opt/airflow/dags/medallion_dag.py                           1           0  4.82s           2026-09-27T17:07:04                      12
================================================================================
[2026-09-27T17:07:53.839+0000] {manager.py:997} INFO - 
================================================================================
DAG File Processing Stats

File Path                           PID    Runtime      # DAGs    # Errors  Last Runtime    Last Run               Last # of DB Queries
----------------------------------  -----  ---------  --------  ----------  --------------  -------------------  ----------------------
/opt/airflow/dags/medallion_dag.py                           1           0  3.12s           2026-09-27T17:07:37                      12
================================================================================
[2026-09-27T17:08:23.917+0000] {manager.py:997} INFO - 
================================================================================
DAG File Processing Stats

File Path                           PID    Runtime      # DAGs    # Errors  Last Runtime    Last Run               Last # of DB Queries
----------------------------------  -----  ---------  --------  ----------  --------------  -------------------  ----------------------
/opt/airflow/dags/medallion_dag.py                           1           0  2.76s           2026-09-27T17:08:11                      12
================================================================================
[2026-09-27T17:08:54.521+0000] {manager.py:997} INFO - 
================================================================================
DAG File Processing Stats

File Path                           PID    Runtime      # DAGs    # Errors  Last Runtime    Last Run               Last # of DB Queries
----------------------------------  -----  ---------  --------  ----------  --------------  -------------------  ----------------------
/opt/airflow/dags/medallion_dag.py                           1           0  2.55s           2026-09-27T17:08:44                      12
================================================================================
[2026-09-27T17:09:24.577+0000] {manager.py:997} INFO - 
================================================================================
DAG File Processing Stats

File Path                           PID    Runtime      # DAGs    # Errors  Last Runtime    Last Run               Last # of DB Queries
----------------------------------  -----  ---------  --------  ----------  --------------  -------------------  ----------------------
/opt/airflow/dags/medallion_dag.py                           1           0  2.45s           2026-09-27T17:09:17                      12
================================================================================
[2026-09-27T17:09:51.854+0000] {manager.py:821} INFO - Searching for files in /opt/airflow/dags
[2026-09-27T17:09:52.034+0000] {manager.py:824} INFO - There are 1 files in /opt/airflow/dags
[2026-09-27T17:09:54.796+0000] {manager.py:997} INFO - 
================================================================================
DAG File Processing Stats

File Path                           PID    Runtime      # DAGs    # Errors  Last Runtime    Last Run               Last # of DB Queries
----------------------------------  -----  ---------  --------  ----------  --------------  -------------------  ----------------------
/opt/airflow/dags/medallion_dag.py                           1           0  3.36s           2026-09-27T17:09:51                      12
================================================================================
[2026-09-27T17:10:24.865+0000] {manager.py:997} INFO - 
================================================================================
DAG File Processing Stats

File Path                             PID  Runtime      # DAGs    # Errors  Last Runtime    Last Run               Last # of DB Queries
----------------------------------  -----  ---------  --------  ----------  --------------  -------------------  ----------------------
/opt/airflow/dags/medallion_dag.py    250  2.44s             1           0  3.36s           2026-09-27T17:09:51                      12
================================================================================
[2026-09-27T17:10:55.478+0000] {manager.py:997} INFO - 
================================================================================
DAG File Processing Stats

File Path                           PID    Runtime      # DAGs    # Errors  Last Runtime    Last Run               Last # of DB Queries
----------------------------------  -----  ---------  --------  ----------  --------------  -------------------  ----------------------
/opt/airflow/dags/medallion_dag.py                           1           0  3.60s           2026-09-27T17:10:26                      12
================================================================================
[2026-09-27T17:11:25.609+0000] {manager.py:997} INFO - 
================================================================================
DAG File Processing Stats

File Path                           PID    Runtime      # DAGs    # Errors  Last Runtime    Last Run               Last # of DB Queries
----------------------------------  -----  ---------  --------  ----------  --------------  -------------------  ----------------------
/opt/airflow/dags/medallion_dag.py                           1           0  1.56s           2026-09-27T17:10:58                      12
================================================================================
[2026-09-27T17:11:56.125+0000] {manager.py:997} INFO - 
================================================================================
DAG File Processing Stats

File Path                           PID    Runtime      # DAGs    # Errors  Last Runtime    Last Run               Last # of DB Queries
----------------------------------  -----  ---------  --------  ----------  --------------  -------------------  ----------------------
/opt/airflow/dags/medallion_dag.py                           1           0  1.57s           2026-09-27T17:11:29                      12
================================================================================
[2026-09-27T17:12:26.995+0000] {manager.py:997} INFO - 
================================================================================
DAG File Processing Stats

File Path                           PID    Runtime      # DAGs    # Errors  Last Runtime    Last Run               Last # of DB Queries
----------------------------------  -----  ---------  --------  ----------  --------------  -------------------  ----------------------
/opt/airflow/dags/medallion_dag.py                           1           0  2.20s           2026-09-27T17:12:02                      12
================================================================================
[2026-09-27T17:12:57.090+0000] {manager.py:997} INFO - 
================================================================================
DAG File Processing Stats

File Path                           PID    Runtime      # DAGs    # Errors  Last Runtime    Last Run               Last # of DB Queries
----------------------------------  -----  ---------  --------  ----------  --------------  -------------------  ----------------------
/opt/airflow/dags/medallion_dag.py                           1           0  2.41s           2026-09-27T17:12:35                      12
================================================================================
[2026-09-27T17:13:27.434+0000] {manager.py:997} INFO - 
================================================================================
DAG File Processing Stats

File Path                           PID    Runtime      # DAGs    # Errors  Last Runtime    Last Run               Last # of DB Queries
----------------------------------  -----  ---------  --------  ----------  --------------  -------------------  ----------------------
/opt/airflow/dags/medallion_dag.py                           1           0  2.35s           2026-09-27T17:13:08                      12
================================================================================
[2026-09-27T17:13:57.656+0000] {manager.py:997} INFO - 
================================================================================
DAG File Processing Stats

File Path                           PID    Runtime      # DAGs    # Errors  Last Runtime    Last Run               Last # of DB Queries
----------------------------------  -----  ---------  --------  ----------  --------------  -------------------  ----------------------
/opt/airflow/dags/medallion_dag.py                           1           0  2.46s           2026-09-27T17:13:41                      12
================================================================================
[2026-09-27T17:14:28.136+0000] {manager.py:997} INFO - 
================================================================================
DAG File Processing Stats

File Path                           PID    Runtime      # DAGs    # Errors  Last Runtime    Last Run               Last # of DB Queries
----------------------------------  -----  ---------  --------  ----------  --------------  -------------------  ----------------------
/opt/airflow/dags/medallion_dag.py                           1           0  1.32s           2026-09-27T17:14:12                      12
================================================================================
[2026-09-27T17:14:52.042+0000] {manager.py:821} INFO - Searching for files in /opt/airflow/dags
[2026-09-27T17:14:52.112+0000] {manager.py:824} INFO - There are 1 files in /opt/airflow/dags
[2026-09-27T17:14:58.212+0000] {manager.py:997} INFO - 
================================================================================
DAG File Processing Stats

File Path                           PID    Runtime      # DAGs    # Errors  Last Runtime    Last Run               Last # of DB Queries
----------------------------------  -----  ---------  --------  ----------  --------------  -------------------  ----------------------
/opt/airflow/dags/medallion_dag.py                           1           0  4.09s           2026-09-27T17:14:49                      12
================================================================================
[2026-09-27T17:15:28.752+0000] {manager.py:997} INFO - 
================================================================================
DAG File Processing Stats

File Path                           PID    Runtime      # DAGs    # Errors  Last Runtime    Last Run               Last # of DB Queries
----------------------------------  -----  ---------  --------  ----------  --------------  -------------------  ----------------------
/opt/airflow/dags/medallion_dag.py                           1           0  1.10s           2026-09-27T17:15:20                      12
================================================================================
[2026-09-27T17:15:59.340+0000] {manager.py:997} INFO - 
================================================================================
DAG File Processing Stats

File Path                           PID    Runtime      # DAGs    # Errors  Last Runtime    Last Run               Last # of DB Queries
----------------------------------  -----  ---------  --------  ----------  --------------  -------------------  ----------------------
/opt/airflow/dags/medallion_dag.py                           1           0  2.64s           2026-09-27T17:15:54                      12
================================================================================
[2026-09-27T17:16:29.429+0000] {manager.py:997} INFO - 
================================================================================
DAG File Processing Stats

File Path                           PID    Runtime      # DAGs    # Errors  Last Runtime    Last Run               Last # of DB Queries
----------------------------------  -----  ---------  --------  ----------  --------------  -------------------  ----------------------
/opt/airflow/dags/medallion_dag.py                           1           0  1.57s           2026-09-27T17:16:26                      12
================================================================================
[2026-09-27T17:16:59.549+0000] {manager.py:997} INFO - 
================================================================================
DAG File Processing Stats

File Path                           PID    Runtime      # DAGs    # Errors  Last Runtime    Last Run               Last # of DB Queries
----------------------------------  -----  ---------  --------  ----------  --------------  -------------------  ----------------------
/opt/airflow/dags/medallion_dag.py                           1           0  1.32s           2026-09-27T17:16:57                      12
================================================================================
[2026-09-27T17:17:29.554+0000] {manager.py:997} INFO - 
================================================================================
DAG File Processing Stats

File Path                           PID    Runtime      # DAGs    # Errors  Last Runtime    Last Run               Last # of DB Queries
----------------------------------  -----  ---------  --------  ----------  --------------  -------------------  ----------------------
/opt/airflow/dags/medallion_dag.py                           1           0  1.44s           2026-09-27T17:17:29                      12
================================================================================
[2026-09-27T17:17:59.898+0000] {manager.py:997} INFO - 
================================================================================
DAG File Processing Stats

File Path                             PID  Runtime      # DAGs    # Errors  Last Runtime    Last Run               Last # of DB Queries
----------------------------------  -----  ---------  --------  ----------  --------------  -------------------  ----------------------
/opt/airflow/dags/medallion_dag.py    499  0.01s             1           0  1.44s           2026-09-27T17:17:29                      12
================================================================================
[2026-09-27T17:18:29.986+0000] {manager.py:997} INFO - 
================================================================================
DAG File Processing Stats

File Path                           PID    Runtime      # DAGs    # Errors  Last Runtime    Last Run               Last # of DB Queries
----------------------------------  -----  ---------  --------  ----------  --------------  -------------------  ----------------------
/opt/airflow/dags/medallion_dag.py                           1           0  1.58s           2026-09-27T17:18:01                      12
================================================================================
[2026-09-27T17:19:00.458+0000] {manager.py:997} INFO - 
================================================================================
DAG File Processing Stats

File Path                           PID    Runtime      # DAGs    # Errors  Last Runtime    Last Run               Last # of DB Queries
----------------------------------  -----  ---------  --------  ----------  --------------  -------------------  ----------------------
/opt/airflow/dags/medallion_dag.py                           1           0  1.59s           2026-09-27T17:18:33                      12
================================================================================
[2026-09-27T17:19:30.464+0000] {manager.py:997} INFO - 
================================================================================
DAG File Processing Stats

File Path                           PID    Runtime      # DAGs    # Errors  Last Runtime    Last Run               Last # of DB Queries
----------------------------------  -----  ---------  --------  ----------  --------------  -------------------  ----------------------
/opt/airflow/dags/medallion_dag.py                           1           0  1.43s           2026-09-27T17:19:05                      12
================================================================================
[2026-09-27T17:19:52.324+0000] {manager.py:821} INFO - Searching for files in /opt/airflow/dags
[2026-09-27T17:19:52.365+0000] {manager.py:824} INFO - There are 1 files in /opt/airflow/dags
[2026-09-27T17:20:00.773+0000] {manager.py:997} INFO - 
================================================================================
DAG File Processing Stats

File Path                           PID    Runtime      # DAGs    # Errors  Last Runtime    Last Run               Last # of DB Queries
----------------------------------  -----  ---------  --------  ----------  --------------  -------------------  ----------------------
/opt/airflow/dags/medallion_dag.py                           1           0  0.85s           2026-09-27T17:19:36                      12
================================================================================
[2026-09-27T17:20:31.093+0000] {manager.py:997} INFO - 
================================================================================
DAG File Processing Stats

File Path                           PID    Runtime      # DAGs    # Errors  Last Runtime    Last Run               Last # of DB Queries
----------------------------------  -----  ---------  --------  ----------  --------------  -------------------  ----------------------
/opt/airflow/dags/medallion_dag.py                           1           0  0.81s           2026-09-27T17:20:07                      12
================================================================================
[2026-09-27T17:21:01.409+0000] {manager.py:997} INFO - 
================================================================================
DAG File Processing Stats

File Path                           PID    Runtime      # DAGs    # Errors  Last Runtime    Last Run               Last # of DB Queries
----------------------------------  -----  ---------  --------  ----------  --------------  -------------------  ----------------------
/opt/airflow/dags/medallion_dag.py                           1           0  0.86s           2026-09-27T17:20:38                      12
================================================================================
[2026-09-27T17:21:31.712+0000] {manager.py:997} INFO - 
================================================================================
DAG File Processing Stats

File Path                           PID    Runtime      # DAGs    # Errors  Last Runtime    Last Run               Last # of DB Queries
----------------------------------  -----  ---------  --------  ----------  --------------  -------------------  ----------------------
/opt/airflow/dags/medallion_dag.py                           1           0  0.82s           2026-09-27T17:21:09                      12
================================================================================
[2026-09-27T17:22:01.884+0000] {manager.py:997} INFO - 
================================================================================
DAG File Processing Stats

File Path                           PID    Runtime      # DAGs    # Errors  Last Runtime    Last Run               Last # of DB Queries
----------------------------------  -----  ---------  --------  ----------  --------------  -------------------  ----------------------
/opt/airflow/dags/medallion_dag.py                           1           0  0.83s           2026-09-27T17:21:40                      12
================================================================================
[2026-09-27T17:22:31.947+0000] {manager.py:997} INFO - 
================================================================================
DAG File Processing Stats

File Path                           PID    Runtime      # DAGs    # Errors  Last Runtime    Last Run               Last # of DB Queries
----------------------------------  -----  ---------  --------  ----------  --------------  -------------------  ----------------------
/opt/airflow/dags/medallion_dag.py                           1           0  0.77s           2026-09-27T17:22:11                      12
================================================================================
[2026-09-27T17:23:02.371+0000] {manager.py:997} INFO - 
================================================================================
DAG File Processing Stats

File Path                           PID    Runtime      # DAGs    # Errors  Last Runtime    Last Run               Last # of DB Queries
----------------------------------  -----  ---------  --------  ----------  --------------  -------------------  ----------------------
/opt/airflow/dags/medallion_dag.py                           1           0  0.77s           2026-09-27T17:22:42                      12
================================================================================
[2026-09-27T17:23:32.593+0000] {manager.py:997} INFO - 
================================================================================
DAG File Processing Stats

File Path                           PID    Runtime      # DAGs    # Errors  Last Runtime    Last Run               Last # of DB Queries
----------------------------------  -----  ---------  --------  ----------  --------------  -------------------  ----------------------
/opt/airflow/dags/medallion_dag.py                           1           0  0.85s           2026-09-27T17:23:14                      12
================================================================================
[2026-09-27T17:24:02.658+0000] {manager.py:997} INFO - 
================================================================================
DAG File Processing Stats

File Path                           PID    Runtime      # DAGs    # Errors  Last Runtime    Last Run               Last # of DB Queries
----------------------------------  -----  ---------  --------  ----------  --------------  -------------------  ----------------------
/opt/airflow/dags/medallion_dag.py                           1           0  0.81s           2026-09-27T17:23:45                      12
================================================================================
[2026-09-27T17:24:32.680+0000] {manager.py:997} INFO - 
================================================================================
DAG File Processing Stats

File Path                           PID    Runtime      # DAGs    # Errors  Last Runtime    Last Run               Last # of DB Queries
----------------------------------  -----  ---------  --------  ----------  --------------  -------------------  ----------------------
/opt/airflow/dags/medallion_dag.py                           1           0  1.38s           2026-09-27T17:24:17                      12
================================================================================
[2026-09-27T17:24:52.397+0000] {manager.py:821} INFO - Searching for files in /opt/airflow/dags
[2026-09-27T17:24:52.640+0000] {manager.py:824} INFO - There are 1 files in /opt/airflow/dags
[2026-09-27T17:25:02.823+0000] {manager.py:997} INFO - 
================================================================================
DAG File Processing Stats

File Path                           PID    Runtime      # DAGs    # Errors  Last Runtime    Last Run               Last # of DB Queries
----------------------------------  -----  ---------  --------  ----------  --------------  -------------------  ----------------------
/opt/airflow/dags/medallion_dag.py                           1           0  1.58s           2026-09-27T17:24:49                      12
================================================================================
[2026-09-27T17:25:33.268+0000] {manager.py:997} INFO - 
================================================================================
DAG File Processing Stats

File Path                           PID    Runtime      # DAGs    # Errors  Last Runtime    Last Run               Last # of DB Queries
----------------------------------  -----  ---------  --------  ----------  --------------  -------------------  ----------------------
/opt/airflow/dags/medallion_dag.py                           1           0  1.99s           2026-09-27T17:25:21                      12
================================================================================
[2026-09-27T17:26:03.908+0000] {manager.py:997} INFO - 
================================================================================
DAG File Processing Stats

File Path                           PID    Runtime      # DAGs    # Errors  Last Runtime    Last Run               Last # of DB Queries
----------------------------------  -----  ---------  --------  ----------  --------------  -------------------  ----------------------
/opt/airflow/dags/medallion_dag.py                           1           0  2.07s           2026-09-27T17:25:53                      12
================================================================================
[2026-09-27T17:26:34.021+0000] {manager.py:997} INFO - 
================================================================================
DAG File Processing Stats

File Path                           PID    Runtime      # DAGs    # Errors  Last Runtime    Last Run               Last # of DB Queries
----------------------------------  -----  ---------  --------  ----------  --------------  -------------------  ----------------------
/opt/airflow/dags/medallion_dag.py                           1           0  0.80s           2026-09-27T17:26:24                      12
================================================================================
[2026-09-27T17:27:04.485+0000] {manager.py:997} INFO - 
================================================================================
DAG File Processing Stats

File Path                           PID    Runtime      # DAGs    # Errors  Last Runtime    Last Run               Last # of DB Queries
----------------------------------  -----  ---------  --------  ----------  --------------  -------------------  ----------------------
/opt/airflow/dags/medallion_dag.py                           1           0  2.19s           2026-09-27T17:26:57                      12
================================================================================
[2026-09-27T17:27:34.559+0000] {manager.py:997} INFO - 
================================================================================
DAG File Processing Stats

File Path                           PID    Runtime      # DAGs    # Errors  Last Runtime    Last Run               Last # of DB Queries
----------------------------------  -----  ---------  --------  ----------  --------------  -------------------  ----------------------
/opt/airflow/dags/medallion_dag.py                           1           0  1.75s           2026-09-27T17:27:29                      12
================================================================================
[2026-09-27T17:28:04.801+0000] {manager.py:997} INFO - 
================================================================================
DAG File Processing Stats

File Path                           PID    Runtime      # DAGs    # Errors  Last Runtime    Last Run               Last # of DB Queries
----------------------------------  -----  ---------  --------  ----------  --------------  -------------------  ----------------------
/opt/airflow/dags/medallion_dag.py                           1           0  0.85s           2026-09-27T17:28:00                      12
================================================================================
[2026-09-27T17:28:34.819+0000] {manager.py:997} INFO - 
================================================================================
DAG File Processing Stats

File Path                           PID    Runtime      # DAGs    # Errors  Last Runtime    Last Run               Last # of DB Queries
----------------------------------  -----  ---------  --------  ----------  --------------  -------------------  ----------------------
/opt/airflow/dags/medallion_dag.py                           1           0  0.74s           2026-09-27T17:28:31                      12
================================================================================
[2026-09-27T17:29:04.821+0000] {manager.py:997} INFO - 
================================================================================
DAG File Processing Stats

File Path                           PID    Runtime      # DAGs    # Errors  Last Runtime    Last Run               Last # of DB Queries
----------------------------------  -----  ---------  --------  ----------  --------------  -------------------  ----------------------
/opt/airflow/dags/medallion_dag.py                           1           0  0.85s           2026-09-27T17:29:02                      12
================================================================================
[2026-09-27T17:29:35.404+0000] {manager.py:997} INFO - 
================================================================================
DAG File Processing Stats

File Path                           PID    Runtime      # DAGs    # Errors  Last Runtime    Last Run               Last # of DB Queries
----------------------------------  -----  ---------  --------  ----------  --------------  -------------------  ----------------------
/opt/airflow/dags/medallion_dag.py                           1           0  0.56s           2026-09-27T17:29:33                      12
================================================================================
[2026-09-27T17:29:52.552+0000] {manager.py:821} INFO - Searching for files in /opt/airflow/dags
[2026-09-27T17:29:52.586+0000] {manager.py:824} INFO - There are 1 files in /opt/airflow/dags
[2026-09-27T17:30:05.721+0000] {manager.py:997} INFO - 
================================================================================
DAG File Processing Stats

File Path                           PID    Runtime      # DAGs    # Errors  Last Runtime    Last Run               Last # of DB Queries
----------------------------------  -----  ---------  --------  ----------  --------------  -------------------  ----------------------
/opt/airflow/dags/medallion_dag.py                           1           0  0.86s           2026-09-27T17:30:04                      12
================================================================================
[2026-09-27T17:30:36.011+0000] {manager.py:997} INFO - 
================================================================================
DAG File Processing Stats

File Path                             PID  Runtime      # DAGs    # Errors  Last Runtime    Last Run               Last # of DB Queries
----------------------------------  -----  ---------  --------  ----------  --------------  -------------------  ----------------------
/opt/airflow/dags/medallion_dag.py   3585  1.02s             1           0  0.86s           2026-09-27T17:30:04                      12
================================================================================
[2026-09-27T17:31:06.332+0000] {manager.py:997} INFO - 
================================================================================
DAG File Processing Stats

File Path                             PID  Runtime      # DAGs    # Errors  Last Runtime    Last Run               Last # of DB Queries
----------------------------------  -----  ---------  --------  ----------  --------------  -------------------  ----------------------
/opt/airflow/dags/medallion_dag.py   4206  0.01s             1           0  1.04s           2026-09-27T17:30:36                      12
================================================================================
[2026-09-27T17:31:36.695+0000] {manager.py:997} INFO - 
================================================================================
DAG File Processing Stats

File Path                           PID    Runtime      # DAGs    # Errors  Last Runtime    Last Run               Last # of DB Queries
----------------------------------  -----  ---------  --------  ----------  --------------  -------------------  ----------------------
/opt/airflow/dags/medallion_dag.py                           1           0  1.00s           2026-09-27T17:31:07                      12
================================================================================
[2026-09-27T17:32:06.712+0000] {manager.py:997} INFO - 
================================================================================
DAG File Processing Stats

File Path                           PID    Runtime      # DAGs    # Errors  Last Runtime    Last Run               Last # of DB Queries
----------------------------------  -----  ---------  --------  ----------  --------------  -------------------  ----------------------
/opt/airflow/dags/medallion_dag.py                           1           0  0.70s           2026-09-27T17:31:38                      12
================================================================================
[2026-09-27T17:32:37.010+0000] {manager.py:997} INFO - 
================================================================================
DAG File Processing Stats

File Path                           PID    Runtime      # DAGs    # Errors  Last Runtime    Last Run               Last # of DB Queries
----------------------------------  -----  ---------  --------  ----------  --------------  -------------------  ----------------------
/opt/airflow/dags/medallion_dag.py                           1           0  0.93s           2026-09-27T17:32:09                      12
================================================================================
[2026-09-27T17:33:07.757+0000] {manager.py:997} INFO - 
================================================================================
DAG File Processing Stats

File Path                           PID    Runtime      # DAGs    # Errors  Last Runtime    Last Run               Last # of DB Queries
----------------------------------  -----  ---------  --------  ----------  --------------  -------------------  ----------------------
/opt/airflow/dags/medallion_dag.py                           1           0  0.50s           2026-09-27T17:32:40                      12
================================================================================
[2026-09-27T17:33:38.204+0000] {manager.py:997} INFO - 
================================================================================
DAG File Processing Stats

File Path                           PID    Runtime      # DAGs    # Errors  Last Runtime    Last Run               Last # of DB Queries
----------------------------------  -----  ---------  --------  ----------  --------------  -------------------  ----------------------
/opt/airflow/dags/medallion_dag.py                           1           0  0.49s           2026-09-27T17:33:11                      12
================================================================================
[2026-09-27T17:34:08.519+0000] {manager.py:997} INFO - 
================================================================================
DAG File Processing Stats

File Path                           PID    Runtime      # DAGs    # Errors  Last Runtime    Last Run               Last # of DB Queries
----------------------------------  -----  ---------  --------  ----------  --------------  -------------------  ----------------------
/opt/airflow/dags/medallion_dag.py                           1           0  0.59s           2026-09-27T17:33:42                      12
================================================================================
[2026-09-27T17:34:38.847+0000] {manager.py:997} INFO - 
================================================================================
DAG File Processing Stats

File Path                           PID    Runtime      # DAGs    # Errors  Last Runtime    Last Run               Last # of DB Queries
----------------------------------  -----  ---------  --------  ----------  --------------  -------------------  ----------------------
/opt/airflow/dags/medallion_dag.py                           1           0  0.46s           2026-09-27T17:34:13                      12
================================================================================
[2026-09-27T17:34:52.959+0000] {manager.py:821} INFO - Searching for files in /opt/airflow/dags
[2026-09-27T17:34:52.985+0000] {manager.py:824} INFO - There are 1 files in /opt/airflow/dags
[2026-09-27T17:35:09.133+0000] {manager.py:997} INFO - 
================================================================================
DAG File Processing Stats

File Path                           PID    Runtime      # DAGs    # Errors  Last Runtime    Last Run               Last # of DB Queries
----------------------------------  -----  ---------  --------  ----------  --------------  -------------------  ----------------------
/opt/airflow/dags/medallion_dag.py                           1           0  0.49s           2026-09-27T17:34:43                      12
================================================================================
[2026-09-27T17:35:39.407+0000] {manager.py:997} INFO - 
================================================================================
DAG File Processing Stats

File Path                           PID    Runtime      # DAGs    # Errors  Last Runtime    Last Run               Last # of DB Queries
----------------------------------  -----  ---------  --------  ----------  --------------  -------------------  ----------------------
/opt/airflow/dags/medallion_dag.py                           1           0  0.48s           2026-09-27T17:35:14                      12
================================================================================
[2026-09-27T17:36:09.725+0000] {manager.py:997} INFO - 
================================================================================
DAG File Processing Stats

File Path                           PID    Runtime      # DAGs    # Errors  Last Runtime    Last Run               Last # of DB Queries
----------------------------------  -----  ---------  --------  ----------  --------------  -------------------  ----------------------
/opt/airflow/dags/medallion_dag.py                           1           0  0.49s           2026-09-27T17:35:45                      12
================================================================================
[2026-09-27T17:36:40.020+0000] {manager.py:997} INFO - 
================================================================================
DAG File Processing Stats

File Path                           PID    Runtime      # DAGs    # Errors  Last Runtime    Last Run               Last # of DB Queries
----------------------------------  -----  ---------  --------  ----------  --------------  -------------------  ----------------------
/opt/airflow/dags/medallion_dag.py                           1           0  0.55s           2026-09-27T17:36:16                      12
================================================================================
[2026-09-27T17:37:10.365+0000] {manager.py:997} INFO - 
================================================================================
DAG File Processing Stats

File Path                           PID    Runtime      # DAGs    # Errors  Last Runtime    Last Run               Last # of DB Queries
----------------------------------  -----  ---------  --------  ----------  --------------  -------------------  ----------------------
/opt/airflow/dags/medallion_dag.py                           1           0  0.76s           2026-09-27T17:36:47                      12
================================================================================
[2026-09-27T17:37:41.091+0000] {manager.py:997} INFO - 
================================================================================
DAG File Processing Stats

File Path                           PID    Runtime      # DAGs    # Errors  Last Runtime    Last Run               Last # of DB Queries
----------------------------------  -----  ---------  --------  ----------  --------------  -------------------  ----------------------
/opt/airflow/dags/medallion_dag.py                           1           0  0.52s           2026-09-27T17:37:18                      12
================================================================================
[2026-09-27T17:38:11.680+0000] {manager.py:997} INFO - 
================================================================================
DAG File Processing Stats

File Path                           PID    Runtime      # DAGs    # Errors  Last Runtime    Last Run               Last # of DB Queries
----------------------------------  -----  ---------  --------  ----------  --------------  -------------------  ----------------------
/opt/airflow/dags/medallion_dag.py                           1           0  0.50s           2026-09-27T17:37:48                      12
================================================================================
[2026-09-27T17:38:42.240+0000] {manager.py:997} INFO - 
================================================================================
DAG File Processing Stats

File Path                           PID    Runtime      # DAGs    # Errors  Last Runtime    Last Run               Last # of DB Queries
----------------------------------  -----  ---------  --------  ----------  --------------  -------------------  ----------------------
/opt/airflow/dags/medallion_dag.py                           1           0  0.48s           2026-09-27T17:38:19                      12
================================================================================
[2026-09-27T17:39:12.846+0000] {manager.py:997} INFO - 
================================================================================
DAG File Processing Stats

File Path                           PID    Runtime      # DAGs    # Errors  Last Runtime    Last Run               Last # of DB Queries
----------------------------------  -----  ---------  --------  ----------  --------------  -------------------  ----------------------
/opt/airflow/dags/medallion_dag.py                           1           0  0.50s           2026-09-27T17:38:49                      12
================================================================================
[2026-09-27T17:39:43.411+0000] {manager.py:997} INFO - 
================================================================================
DAG File Processing Stats

File Path                           PID    Runtime      # DAGs    # Errors  Last Runtime    Last Run               Last # of DB Queries
----------------------------------  -----  ---------  --------  ----------  --------------  -------------------  ----------------------
/opt/airflow/dags/medallion_dag.py                           1           0  0.48s           2026-09-27T17:39:20                      12
================================================================================
[2026-09-27T17:39:53.309+0000] {manager.py:821} INFO - Searching for files in /opt/airflow/dags
[2026-09-27T17:39:53.414+0000] {manager.py:824} INFO - There are 1 files in /opt/airflow/dags
[2026-09-27T17:40:13.676+0000] {manager.py:997} INFO - 
================================================================================
DAG File Processing Stats

File Path                           PID    Runtime      # DAGs    # Errors  Last Runtime    Last Run               Last # of DB Queries
----------------------------------  -----  ---------  --------  ----------  --------------  -------------------  ----------------------
/opt/airflow/dags/medallion_dag.py                           1           0  0.72s           2026-09-27T17:39:51                      12
================================================================================
[2026-09-27T17:40:44.370+0000] {manager.py:997} INFO - 
================================================================================
DAG File Processing Stats

File Path                           PID    Runtime      # DAGs    # Errors  Last Runtime    Last Run               Last # of DB Queries
----------------------------------  -----  ---------  --------  ----------  --------------  -------------------  ----------------------
/opt/airflow/dags/medallion_dag.py                           1           0  0.47s           2026-09-27T17:40:22                      12
================================================================================
[2026-09-27T17:41:14.903+0000] {manager.py:997} INFO - 
================================================================================
DAG File Processing Stats

File Path                           PID    Runtime      # DAGs    # Errors  Last Runtime    Last Run               Last # of DB Queries
----------------------------------  -----  ---------  --------  ----------  --------------  -------------------  ----------------------
/opt/airflow/dags/medallion_dag.py                           1           0  0.48s           2026-09-27T17:40:52                      12
================================================================================
[2026-09-27T17:41:45.620+0000] {manager.py:997} INFO - 
================================================================================
DAG File Processing Stats

File Path                           PID    Runtime      # DAGs    # Errors  Last Runtime    Last Run               Last # of DB Queries
----------------------------------  -----  ---------  --------  ----------  --------------  -------------------  ----------------------
/opt/airflow/dags/medallion_dag.py                           1           0  0.53s           2026-09-27T17:41:23                      12
================================================================================
[2026-09-27T17:42:16.118+0000] {manager.py:997} INFO - 
================================================================================
DAG File Processing Stats

File Path                           PID    Runtime      # DAGs    # Errors  Last Runtime    Last Run               Last # of DB Queries
----------------------------------  -----  ---------  --------  ----------  --------------  -------------------  ----------------------
/opt/airflow/dags/medallion_dag.py                           1           0  0.53s           2026-09-27T17:41:54                      12
================================================================================
[2026-09-27T17:42:46.377+0000] {manager.py:997} INFO - 
================================================================================
DAG File Processing Stats

File Path                           PID    Runtime      # DAGs    # Errors  Last Runtime    Last Run               Last # of DB Queries
----------------------------------  -----  ---------  --------  ----------  --------------  -------------------  ----------------------
/opt/airflow/dags/medallion_dag.py                           1           0  0.52s           2026-09-27T17:42:25                      12
================================================================================
[2026-09-27T17:43:17.204+0000] {manager.py:997} INFO - 
================================================================================
DAG File Processing Stats

File Path                           PID    Runtime      # DAGs    # Errors  Last Runtime    Last Run               Last # of DB Queries
----------------------------------  -----  ---------  --------  ----------  --------------  -------------------  ----------------------
/opt/airflow/dags/medallion_dag.py                           1           0  0.51s           2026-09-27T17:42:55                      12
================================================================================
[2026-09-27T17:43:47.601+0000] {manager.py:997} INFO - 
================================================================================
DAG File Processing Stats

File Path                           PID    Runtime      # DAGs    # Errors  Last Runtime    Last Run               Last # of DB Queries
----------------------------------  -----  ---------  --------  ----------  --------------  -------------------  ----------------------
/opt/airflow/dags/medallion_dag.py                           1           0  0.47s           2026-09-27T17:43:26                      12
================================================================================
[2026-09-27T17:44:17.796+0000] {manager.py:997} INFO - 
================================================================================
DAG File Processing Stats

File Path                           PID    Runtime      # DAGs    # Errors  Last Runtime    Last Run               Last # of DB Queries
----------------------------------  -----  ---------  --------  ----------  --------------  -------------------  ----------------------
/opt/airflow/dags/medallion_dag.py                           1           0  0.49s           2026-09-27T17:43:57                      12
================================================================================
[2026-09-27T17:44:48.155+0000] {manager.py:997} INFO - 
================================================================================
DAG File Processing Stats

File Path                           PID    Runtime      # DAGs    # Errors  Last Runtime    Last Run               Last # of DB Queries
----------------------------------  -----  ---------  --------  ----------  --------------  -------------------  ----------------------
/opt/airflow/dags/medallion_dag.py                           1           0  0.47s           2026-09-27T17:44:28                      12
================================================================================
[2026-09-27T17:44:53.601+0000] {manager.py:821} INFO - Searching for files in /opt/airflow/dags
[2026-09-27T17:44:53.620+0000] {manager.py:824} INFO - There are 1 files in /opt/airflow/dags
[2026-09-27T17:45:18.378+0000] {manager.py:997} INFO - 
================================================================================
DAG File Processing Stats

File Path                           PID    Runtime      # DAGs    # Errors  Last Runtime    Last Run               Last # of DB Queries
----------------------------------  -----  ---------  --------  ----------  --------------  -------------------  ----------------------
/opt/airflow/dags/medallion_dag.py                           1           0  0.47s           2026-09-27T17:44:59                      12
================================================================================
[2026-09-27T17:45:49.188+0000] {manager.py:997} INFO - 
================================================================================
DAG File Processing Stats

File Path                           PID    Runtime      # DAGs    # Errors  Last Runtime    Last Run               Last # of DB Queries
----------------------------------  -----  ---------  --------  ----------  --------------  -------------------  ----------------------
/opt/airflow/dags/medallion_dag.py                           1           0  0.48s           2026-09-27T17:45:30                      12
================================================================================
[2026-09-27T17:46:19.515+0000] {manager.py:997} INFO - 
================================================================================
DAG File Processing Stats

File Path                           PID    Runtime      # DAGs    # Errors  Last Runtime    Last Run               Last # of DB Queries
----------------------------------  -----  ---------  --------  ----------  --------------  -------------------  ----------------------
/opt/airflow/dags/medallion_dag.py                           1           0  0.48s           2026-09-27T17:46:00                      12
================================================================================
[2026-09-27T17:46:49.884+0000] {manager.py:997} INFO - 
================================================================================
DAG File Processing Stats

File Path                           PID    Runtime      # DAGs    # Errors  Last Runtime    Last Run               Last # of DB Queries
----------------------------------  -----  ---------  --------  ----------  --------------  -------------------  ----------------------
/opt/airflow/dags/medallion_dag.py                           1           0  0.49s           2026-09-27T17:46:31                      12
================================================================================
[2026-09-27T17:47:20.297+0000] {manager.py:997} INFO - 
================================================================================
DAG File Processing Stats

File Path                           PID    Runtime      # DAGs    # Errors  Last Runtime    Last Run               Last # of DB Queries
----------------------------------  -----  ---------  --------  ----------  --------------  -------------------  ----------------------
/opt/airflow/dags/medallion_dag.py                           1           0  0.49s           2026-09-27T17:47:02                      12
================================================================================
[2026-09-27T17:47:50.628+0000] {manager.py:997} INFO - 
================================================================================
DAG File Processing Stats

File Path                           PID    Runtime      # DAGs    # Errors  Last Runtime    Last Run               Last # of DB Queries
----------------------------------  -----  ---------  --------  ----------  --------------  -------------------  ----------------------
/opt/airflow/dags/medallion_dag.py                           1           0  0.59s           2026-09-27T17:47:33                      12
================================================================================
[2026-09-27T17:48:21.007+0000] {manager.py:997} INFO - 
================================================================================
DAG File Processing Stats

File Path                           PID    Runtime      # DAGs    # Errors  Last Runtime    Last Run               Last # of DB Queries
----------------------------------  -----  ---------  --------  ----------  --------------  -------------------  ----------------------
/opt/airflow/dags/medallion_dag.py                           1           0  0.50s           2026-09-27T17:48:04                      12
================================================================================
[2026-09-27T17:48:51.298+0000] {manager.py:997} INFO - 
================================================================================
DAG File Processing Stats

File Path                           PID    Runtime      # DAGs    # Errors  Last Runtime    Last Run               Last # of DB Queries
----------------------------------  -----  ---------  --------  ----------  --------------  -------------------  ----------------------
/opt/airflow/dags/medallion_dag.py                           1           0  0.47s           2026-09-27T17:48:35                      12
================================================================================
[2026-09-27T17:49:21.643+0000] {manager.py:997} INFO - 
================================================================================
DAG File Processing Stats

File Path                           PID    Runtime      # DAGs    # Errors  Last Runtime    Last Run               Last # of DB Queries
----------------------------------  -----  ---------  --------  ----------  --------------  -------------------  ----------------------
/opt/airflow/dags/medallion_dag.py                           1           0  0.45s           2026-09-27T17:49:05                      12
================================================================================
[2026-09-27T17:49:51.930+0000] {manager.py:997} INFO - 
================================================================================
DAG File Processing Stats

File Path                           PID    Runtime      # DAGs    # Errors  Last Runtime    Last Run               Last # of DB Queries
----------------------------------  -----  ---------  --------  ----------  --------------  -------------------  ----------------------
/opt/airflow/dags/medallion_dag.py                           1           0  0.50s           2026-09-27T17:49:36                      12
================================================================================
[2026-09-27T17:49:53.947+0000] {manager.py:821} INFO - Searching for files in /opt/airflow/dags
[2026-09-27T17:49:54.045+0000] {manager.py:824} INFO - There are 1 files in /opt/airflow/dags
[2026-09-27T17:50:21.996+0000] {manager.py:997} INFO - 
================================================================================
DAG File Processing Stats

File Path                           PID    Runtime      # DAGs    # Errors  Last Runtime    Last Run               Last # of DB Queries
----------------------------------  -----  ---------  --------  ----------  --------------  -------------------  ----------------------
/opt/airflow/dags/medallion_dag.py                           1           0  0.59s           2026-09-27T17:50:07                      12
================================================================================
[2026-09-27T17:50:52.336+0000] {manager.py:997} INFO - 
================================================================================
DAG File Processing Stats

File Path                           PID    Runtime      # DAGs    # Errors  Last Runtime    Last Run               Last # of DB Queries
----------------------------------  -----  ---------  --------  ----------  --------------  -------------------  ----------------------
/opt/airflow/dags/medallion_dag.py                           1           0  0.51s           2026-09-27T17:50:38                      12
================================================================================
[2026-09-27T17:51:22.886+0000] {manager.py:997} INFO - 
================================================================================
DAG File Processing Stats

File Path                           PID    Runtime      # DAGs    # Errors  Last Runtime    Last Run               Last # of DB Queries
----------------------------------  -----  ---------  --------  ----------  --------------  -------------------  ----------------------
/opt/airflow/dags/medallion_dag.py                           1           0  0.48s           2026-09-27T17:51:08                      12
================================================================================
[2026-09-27T17:51:53.489+0000] {manager.py:997} INFO - 
================================================================================
DAG File Processing Stats

File Path                           PID    Runtime      # DAGs    # Errors  Last Runtime    Last Run               Last # of DB Queries
----------------------------------  -----  ---------  --------  ----------  --------------  -------------------  ----------------------
/opt/airflow/dags/medallion_dag.py                           1           0  0.51s           2026-09-27T17:51:39                      12
================================================================================
[2026-09-27T17:52:24.092+0000] {manager.py:997} INFO - 
================================================================================
DAG File Processing Stats

File Path                           PID    Runtime      # DAGs    # Errors  Last Runtime    Last Run               Last # of DB Queries
----------------------------------  -----  ---------  --------  ----------  --------------  -------------------  ----------------------
/opt/airflow/dags/medallion_dag.py                           1           0  0.53s           2026-09-27T17:52:10                      12
================================================================================
[2026-09-27T17:52:54.702+0000] {manager.py:997} INFO - 
================================================================================
DAG File Processing Stats

File Path                           PID    Runtime      # DAGs    # Errors  Last Runtime    Last Run               Last # of DB Queries
----------------------------------  -----  ---------  --------  ----------  --------------  -------------------  ----------------------
/opt/airflow/dags/medallion_dag.py                           1           0  0.49s           2026-09-27T17:52:40                      12
================================================================================
[2026-09-27T17:53:25.293+0000] {manager.py:997} INFO - 
================================================================================
DAG File Processing Stats

File Path                           PID    Runtime      # DAGs    # Errors  Last Runtime    Last Run               Last # of DB Queries
----------------------------------  -----  ---------  --------  ----------  --------------  -------------------  ----------------------
/opt/airflow/dags/medallion_dag.py                           1           0  0.45s           2026-09-27T17:53:11                      12
================================================================================
[2026-09-27T17:53:55.799+0000] {manager.py:997} INFO - 
================================================================================
DAG File Processing Stats

File Path                           PID    Runtime      # DAGs    # Errors  Last Runtime    Last Run               Last # of DB Queries
----------------------------------  -----  ---------  --------  ----------  --------------  -------------------  ----------------------
/opt/airflow/dags/medallion_dag.py                           1           0  0.49s           2026-09-27T17:53:41                      12
================================================================================
[2026-09-27T17:54:26.456+0000] {manager.py:997} INFO - 
================================================================================
DAG File Processing Stats

File Path                           PID    Runtime      # DAGs    # Errors  Last Runtime    Last Run               Last # of DB Queries
----------------------------------  -----  ---------  --------  ----------  --------------  -------------------  ----------------------
/opt/airflow/dags/medallion_dag.py                           1           0  0.52s           2026-09-27T17:54:12                      12
================================================================================
[2026-09-27T17:54:53.987+0000] {manager.py:821} INFO - Searching for files in /opt/airflow/dags
[2026-09-27T17:54:54.006+0000] {manager.py:824} INFO - There are 1 files in /opt/airflow/dags
[2026-09-27T17:54:57.052+0000] {manager.py:997} INFO - 
================================================================================
DAG File Processing Stats

File Path                           PID    Runtime      # DAGs    # Errors  Last Runtime    Last Run               Last # of DB Queries
----------------------------------  -----  ---------  --------  ----------  --------------  -------------------  ----------------------
/opt/airflow/dags/medallion_dag.py                           1           0  0.49s           2026-09-27T17:54:43                      12
================================================================================
[2026-09-27T17:55:27.604+0000] {manager.py:997} INFO - 
================================================================================
DAG File Processing Stats

File Path                           PID    Runtime      # DAGs    # Errors  Last Runtime    Last Run               Last # of DB Queries
----------------------------------  -----  ---------  --------  ----------  --------------  -------------------  ----------------------
/opt/airflow/dags/medallion_dag.py                           1           0  0.64s           2026-09-27T17:55:13                      12
================================================================================
[2026-09-27T17:55:57.879+0000] {manager.py:997} INFO - 
================================================================================
DAG File Processing Stats

File Path                           PID    Runtime      # DAGs    # Errors  Last Runtime    Last Run               Last # of DB Queries
----------------------------------  -----  ---------  --------  ----------  --------------  -------------------  ----------------------
/opt/airflow/dags/medallion_dag.py                           1           0  0.48s           2026-09-27T17:55:44                      12
================================================================================
[2026-09-27T17:56:28.672+0000] {manager.py:997} INFO - 
================================================================================
DAG File Processing Stats

File Path                           PID    Runtime      # DAGs    # Errors  Last Runtime    Last Run               Last # of DB Queries
----------------------------------  -----  ---------  --------  ----------  --------------  -------------------  ----------------------
/opt/airflow/dags/medallion_dag.py                           1           0  0.51s           2026-09-27T17:56:15                      12
================================================================================
[2026-09-27T17:56:58.679+0000] {manager.py:997} INFO - 
================================================================================
DAG File Processing Stats

File Path                           PID    Runtime      # DAGs    # Errors  Last Runtime    Last Run               Last # of DB Queries
----------------------------------  -----  ---------  --------  ----------  --------------  -------------------  ----------------------
/opt/airflow/dags/medallion_dag.py                           1           0  0.60s           2026-09-27T17:56:46                      12
================================================================================
[2026-09-27T17:57:29.487+0000] {manager.py:997} INFO - 
================================================================================
DAG File Processing Stats

File Path                           PID    Runtime      # DAGs    # Errors  Last Runtime    Last Run               Last # of DB Queries
----------------------------------  -----  ---------  --------  ----------  --------------  -------------------  ----------------------
/opt/airflow/dags/medallion_dag.py                           1           0  0.49s           2026-09-27T17:57:17                      12
================================================================================
[2026-09-27T17:57:59.684+0000] {manager.py:997} INFO - 
================================================================================
DAG File Processing Stats

File Path                           PID    Runtime      # DAGs    # Errors  Last Runtime    Last Run               Last # of DB Queries
----------------------------------  -----  ---------  --------  ----------  --------------  -------------------  ----------------------
/opt/airflow/dags/medallion_dag.py                           1           0  0.75s           2026-09-27T17:57:48                      12
================================================================================
[2026-09-27T17:58:30.339+0000] {manager.py:997} INFO - 
================================================================================
DAG File Processing Stats

File Path                           PID    Runtime      # DAGs    # Errors  Last Runtime    Last Run               Last # of DB Queries
----------------------------------  -----  ---------  --------  ----------  --------------  -------------------  ----------------------
/opt/airflow/dags/medallion_dag.py                           1           0  0.48s           2026-09-27T17:58:19                      12
================================================================================
[2026-09-27T17:59:00.880+0000] {manager.py:997} INFO - 
================================================================================
DAG File Processing Stats

File Path                           PID    Runtime      # DAGs    # Errors  Last Runtime    Last Run               Last # of DB Queries
----------------------------------  -----  ---------  --------  ----------  --------------  -------------------  ----------------------
/opt/airflow/dags/medallion_dag.py                           1           0  0.46s           2026-09-27T17:58:50                      12
================================================================================
[2026-09-27T17:59:31.007+0000] {manager.py:997} INFO - 
================================================================================
DAG File Processing Stats

File Path                           PID    Runtime      # DAGs    # Errors  Last Runtime    Last Run               Last # of DB Queries
----------------------------------  -----  ---------  --------  ----------  --------------  -------------------  ----------------------
/opt/airflow/dags/medallion_dag.py                           1           0  0.45s           2026-09-27T17:59:20                      12
================================================================================
[2026-09-27T17:59:54.306+0000] {manager.py:821} INFO - Searching for files in /opt/airflow/dags
[2026-09-27T17:59:54.323+0000] {manager.py:824} INFO - There are 1 files in /opt/airflow/dags
[2026-09-27T18:00:01.413+0000] {manager.py:997} INFO - 
================================================================================
DAG File Processing Stats

File Path                           PID    Runtime      # DAGs    # Errors  Last Runtime    Last Run               Last # of DB Queries
----------------------------------  -----  ---------  --------  ----------  --------------  -------------------  ----------------------
/opt/airflow/dags/medallion_dag.py                           1           0  0.49s           2026-09-27T17:59:51                      12
================================================================================
[2026-09-27T18:00:31.692+0000] {manager.py:997} INFO - 
================================================================================
DAG File Processing Stats

File Path                           PID    Runtime      # DAGs    # Errors  Last Runtime    Last Run               Last # of DB Queries
----------------------------------  -----  ---------  --------  ----------  --------------  -------------------  ----------------------
/opt/airflow/dags/medallion_dag.py                           1           0  0.49s           2026-09-27T18:00:22                      12
================================================================================
[2026-09-27T18:01:02.104+0000] {manager.py:997} INFO - 
================================================================================
DAG File Processing Stats

File Path                           PID    Runtime      # DAGs    # Errors  Last Runtime    Last Run               Last # of DB Queries
----------------------------------  -----  ---------  --------  ----------  --------------  -------------------  ----------------------
/opt/airflow/dags/medallion_dag.py                           1           0  0.46s           2026-09-27T18:00:53                      12
================================================================================
[2026-09-27T18:01:32.336+0000] {manager.py:997} INFO - 
================================================================================
DAG File Processing Stats

File Path                           PID    Runtime      # DAGs    # Errors  Last Runtime    Last Run               Last # of DB Queries
----------------------------------  -----  ---------  --------  ----------  --------------  -------------------  ----------------------
/opt/airflow/dags/medallion_dag.py                           1           0  0.46s           2026-09-27T18:01:24                      12
================================================================================
[2026-09-27T18:02:02.700+0000] {manager.py:997} INFO - 
================================================================================
DAG File Processing Stats

File Path                           PID    Runtime      # DAGs    # Errors  Last Runtime    Last Run               Last # of DB Queries
----------------------------------  -----  ---------  --------  ----------  --------------  -------------------  ----------------------
/opt/airflow/dags/medallion_dag.py                           1           0  0.49s           2026-09-27T18:01:55                      12
================================================================================
[2026-09-27T18:02:32.987+0000] {manager.py:997} INFO - 
================================================================================
DAG File Processing Stats

File Path                           PID    Runtime      # DAGs    # Errors  Last Runtime    Last Run               Last # of DB Queries
----------------------------------  -----  ---------  --------  ----------  --------------  -------------------  ----------------------
/opt/airflow/dags/medallion_dag.py                           1           0  0.47s           2026-09-27T18:02:25                      12
================================================================================
[2026-09-27T18:03:03.366+0000] {manager.py:997} INFO - 
================================================================================
DAG File Processing Stats

File Path                           PID    Runtime      # DAGs    # Errors  Last Runtime    Last Run               Last # of DB Queries
----------------------------------  -----  ---------  --------  ----------  --------------  -------------------  ----------------------
/opt/airflow/dags/medallion_dag.py                           1           0  0.50s           2026-09-27T18:02:56                      12
================================================================================
[2026-09-27T18:03:33.674+0000] {manager.py:997} INFO - 
================================================================================
DAG File Processing Stats

File Path                           PID    Runtime      # DAGs    # Errors  Last Runtime    Last Run               Last # of DB Queries
----------------------------------  -----  ---------  --------  ----------  --------------  -------------------  ----------------------
/opt/airflow/dags/medallion_dag.py                           1           0  0.55s           2026-09-27T18:03:27                      12
================================================================================
[2026-09-27T18:04:04.096+0000] {manager.py:997} INFO - 
================================================================================
DAG File Processing Stats

File Path                           PID    Runtime      # DAGs    # Errors  Last Runtime    Last Run               Last # of DB Queries
----------------------------------  -----  ---------  --------  ----------  --------------  -------------------  ----------------------
/opt/airflow/dags/medallion_dag.py                           1           0  0.52s           2026-09-27T18:03:58                      12
================================================================================
[2026-09-27T18:04:34.401+0000] {manager.py:997} INFO - 
================================================================================
DAG File Processing Stats

File Path                           PID    Runtime      # DAGs    # Errors  Last Runtime    Last Run               Last # of DB Queries
----------------------------------  -----  ---------  --------  ----------  --------------  -------------------  ----------------------
/opt/airflow/dags/medallion_dag.py                           1           0  0.47s           2026-09-27T18:04:29                      12
================================================================================
[2026-09-27T18:04:54.624+0000] {manager.py:821} INFO - Searching for files in /opt/airflow/dags
[2026-09-27T18:04:54.647+0000] {manager.py:824} INFO - There are 1 files in /opt/airflow/dags
[2026-09-27T18:05:05.257+0000] {manager.py:997} INFO - 
================================================================================
DAG File Processing Stats

File Path                           PID    Runtime      # DAGs    # Errors  Last Runtime    Last Run               Last # of DB Queries
----------------------------------  -----  ---------  --------  ----------  --------------  -------------------  ----------------------
/opt/airflow/dags/medallion_dag.py                           1           0  0.50s           2026-09-27T18:05:00                      12
================================================================================
[2026-09-27T18:05:35.641+0000] {manager.py:997} INFO - 
================================================================================
DAG File Processing Stats

File Path                           PID    Runtime      # DAGs    # Errors  Last Runtime    Last Run               Last # of DB Queries
----------------------------------  -----  ---------  --------  ----------  --------------  -------------------  ----------------------
/opt/airflow/dags/medallion_dag.py                           1           0  0.62s           2026-09-27T18:05:31                      12
================================================================================
[2026-09-27T18:06:05.926+0000] {manager.py:997} INFO - 
================================================================================
DAG File Processing Stats

File Path                           PID    Runtime      # DAGs    # Errors  Last Runtime    Last Run               Last # of DB Queries
----------------------------------  -----  ---------  --------  ----------  --------------  -------------------  ----------------------
/opt/airflow/dags/medallion_dag.py                           1           0  0.48s           2026-09-27T18:06:01                      12
================================================================================
[2026-09-27T18:06:35.931+0000] {manager.py:997} INFO - 
================================================================================
DAG File Processing Stats

File Path                           PID    Runtime      # DAGs    # Errors  Last Runtime    Last Run               Last # of DB Queries
----------------------------------  -----  ---------  --------  ----------  --------------  -------------------  ----------------------
/opt/airflow/dags/medallion_dag.py                           1           0  0.68s           2026-09-27T18:06:32                      12
================================================================================
[2026-09-27T18:07:06.812+0000] {manager.py:997} INFO - 
================================================================================
DAG File Processing Stats

File Path                           PID    Runtime      # DAGs    # Errors  Last Runtime    Last Run               Last # of DB Queries
----------------------------------  -----  ---------  --------  ----------  --------------  -------------------  ----------------------
/opt/airflow/dags/medallion_dag.py                           1           0  1.39s           2026-09-27T18:07:04                      12
================================================================================
[2026-09-27T18:07:37.265+0000] {manager.py:997} INFO - 
================================================================================
DAG File Processing Stats

File Path                           PID    Runtime      # DAGs    # Errors  Last Runtime    Last Run               Last # of DB Queries
----------------------------------  -----  ---------  --------  ----------  --------------  -------------------  ----------------------
/opt/airflow/dags/medallion_dag.py                           1           0  1.20s           2026-09-27T18:07:36                      12
================================================================================
[2026-09-27T18:08:07.969+0000] {manager.py:997} INFO - 
================================================================================
DAG File Processing Stats

File Path                             PID  Runtime      # DAGs    # Errors  Last Runtime    Last Run               Last # of DB Queries
----------------------------------  -----  ---------  --------  ----------  --------------  -------------------  ----------------------
/opt/airflow/dags/medallion_dag.py   4798  1.06s             1           0  1.20s           2026-09-27T18:07:36                      12
================================================================================
[2026-09-27T18:08:38.334+0000] {manager.py:997} INFO - 
================================================================================
DAG File Processing Stats

File Path                           PID    Runtime      # DAGs    # Errors  Last Runtime    Last Run               Last # of DB Queries
----------------------------------  -----  ---------  --------  ----------  --------------  -------------------  ----------------------
/opt/airflow/dags/medallion_dag.py                           1           0  1.82s           2026-09-27T18:08:08                      12
================================================================================
[2026-09-27T18:09:08.684+0000] {manager.py:997} INFO - 
================================================================================
DAG File Processing Stats

File Path                           PID    Runtime      # DAGs    # Errors  Last Runtime    Last Run               Last # of DB Queries
----------------------------------  -----  ---------  --------  ----------  --------------  -------------------  ----------------------
/opt/airflow/dags/medallion_dag.py                           1           0  1.85s           2026-09-27T18:08:41                      12
================================================================================
[2026-09-27T18:09:39.358+0000] {manager.py:997} INFO - 
================================================================================
DAG File Processing Stats

File Path                           PID    Runtime      # DAGs    # Errors  Last Runtime    Last Run               Last # of DB Queries
----------------------------------  -----  ---------  --------  ----------  --------------  -------------------  ----------------------
/opt/airflow/dags/medallion_dag.py                           1           0  0.68s           2026-09-27T18:09:12                      12
================================================================================
[2026-09-27T18:09:55.528+0000] {manager.py:821} INFO - Searching for files in /opt/airflow/dags
[2026-09-27T18:09:55.562+0000] {manager.py:824} INFO - There are 1 files in /opt/airflow/dags
[2026-09-27T18:10:09.720+0000] {manager.py:997} INFO - 
================================================================================
DAG File Processing Stats

File Path                           PID    Runtime      # DAGs    # Errors  Last Runtime    Last Run               Last # of DB Queries
----------------------------------  -----  ---------  --------  ----------  --------------  -------------------  ----------------------
/opt/airflow/dags/medallion_dag.py                           1           0  0.69s           2026-09-27T18:09:43                      12
================================================================================
[2026-09-27T18:10:39.811+0000] {manager.py:997} INFO - 
================================================================================
DAG File Processing Stats

File Path                           PID    Runtime      # DAGs    # Errors  Last Runtime    Last Run               Last # of DB Queries
----------------------------------  -----  ---------  --------  ----------  --------------  -------------------  ----------------------
/opt/airflow/dags/medallion_dag.py                           1           0  0.75s           2026-09-27T18:10:14                      12
================================================================================
[2026-09-27T18:11:09.846+0000] {manager.py:997} INFO - 
================================================================================
DAG File Processing Stats

File Path                           PID    Runtime      # DAGs    # Errors  Last Runtime    Last Run               Last # of DB Queries
----------------------------------  -----  ---------  --------  ----------  --------------  -------------------  ----------------------
/opt/airflow/dags/medallion_dag.py                           1           0  0.71s           2026-09-27T18:10:45                      12
================================================================================
[2026-09-27T18:11:40.166+0000] {manager.py:997} INFO - 
================================================================================
DAG File Processing Stats

File Path                           PID    Runtime      # DAGs    # Errors  Last Runtime    Last Run               Last # of DB Queries
----------------------------------  -----  ---------  --------  ----------  --------------  -------------------  ----------------------
/opt/airflow/dags/medallion_dag.py                           1           0  1.26s           2026-09-27T18:11:17                      12
================================================================================
[2026-09-27T18:12:10.377+0000] {manager.py:997} INFO - 
================================================================================
DAG File Processing Stats

File Path                           PID    Runtime      # DAGs    # Errors  Last Runtime    Last Run               Last # of DB Queries
----------------------------------  -----  ---------  --------  ----------  --------------  -------------------  ----------------------
/opt/airflow/dags/medallion_dag.py                           1           0  0.76s           2026-09-27T18:11:48                      12
================================================================================
[2026-09-27T18:12:40.530+0000] {manager.py:997} INFO - 
================================================================================
DAG File Processing Stats

File Path                           PID    Runtime      # DAGs    # Errors  Last Runtime    Last Run               Last # of DB Queries
----------------------------------  -----  ---------  --------  ----------  --------------  -------------------  ----------------------
/opt/airflow/dags/medallion_dag.py                           1           0  0.80s           2026-09-27T18:12:19                      12
================================================================================
[2026-09-27T18:13:10.717+0000] {manager.py:997} INFO - 
================================================================================
DAG File Processing Stats

File Path                           PID    Runtime      # DAGs    # Errors  Last Runtime    Last Run               Last # of DB Queries
----------------------------------  -----  ---------  --------  ----------  --------------  -------------------  ----------------------
/opt/airflow/dags/medallion_dag.py                           1           0  0.87s           2026-09-27T18:12:50                      12
================================================================================
[2026-09-27T18:13:40.976+0000] {manager.py:997} INFO - 
================================================================================
DAG File Processing Stats

File Path                           PID    Runtime      # DAGs    # Errors  Last Runtime    Last Run               Last # of DB Queries
----------------------------------  -----  ---------  --------  ----------  --------------  -------------------  ----------------------
/opt/airflow/dags/medallion_dag.py                           1           0  0.74s           2026-09-27T18:13:21                      12
================================================================================
[2026-09-27T18:14:10.992+0000] {manager.py:997} INFO - 
================================================================================
DAG File Processing Stats

File Path                           PID    Runtime      # DAGs    # Errors  Last Runtime    Last Run               Last # of DB Queries
----------------------------------  -----  ---------  --------  ----------  --------------  -------------------  ----------------------
/opt/airflow/dags/medallion_dag.py                           1           0  1.15s           2026-09-27T18:13:52                      12
================================================================================
[2026-09-27T18:14:41.005+0000] {manager.py:997} INFO - 
================================================================================
DAG File Processing Stats

File Path                           PID    Runtime      # DAGs    # Errors  Last Runtime    Last Run               Last # of DB Queries
----------------------------------  -----  ---------  --------  ----------  --------------  -------------------  ----------------------
/opt/airflow/dags/medallion_dag.py                           1           0  0.79s           2026-09-27T18:14:23                      12
================================================================================
[2026-09-27T18:14:55.901+0000] {manager.py:821} INFO - Searching for files in /opt/airflow/dags
[2026-09-27T18:14:55.940+0000] {manager.py:824} INFO - There are 1 files in /opt/airflow/dags
[2026-09-27T18:15:11.170+0000] {manager.py:997} INFO - 
================================================================================
DAG File Processing Stats

File Path                           PID    Runtime      # DAGs    # Errors  Last Runtime    Last Run               Last # of DB Queries
----------------------------------  -----  ---------  --------  ----------  --------------  -------------------  ----------------------
/opt/airflow/dags/medallion_dag.py                           1           0  0.72s           2026-09-27T18:14:54                      12
================================================================================
[2026-09-27T18:15:41.608+0000] {manager.py:997} INFO - 
================================================================================
DAG File Processing Stats

File Path                           PID    Runtime      # DAGs    # Errors  Last Runtime    Last Run               Last # of DB Queries
----------------------------------  -----  ---------  --------  ----------  --------------  -------------------  ----------------------
/opt/airflow/dags/medallion_dag.py                           1           0  0.78s           2026-09-27T18:15:25                      12
================================================================================
[2026-09-27T18:16:11.823+0000] {manager.py:997} INFO - 
================================================================================
DAG File Processing Stats

File Path                           PID    Runtime      # DAGs    # Errors  Last Runtime    Last Run               Last # of DB Queries
----------------------------------  -----  ---------  --------  ----------  --------------  -------------------  ----------------------
/opt/airflow/dags/medallion_dag.py                           1           0  0.80s           2026-09-27T18:15:56                      12
================================================================================
[2026-09-27T18:16:41.984+0000] {manager.py:997} INFO - 
================================================================================
DAG File Processing Stats

File Path                           PID    Runtime      # DAGs    # Errors  Last Runtime    Last Run               Last # of DB Queries
----------------------------------  -----  ---------  --------  ----------  --------------  -------------------  ----------------------
/opt/airflow/dags/medallion_dag.py                           1           0  0.83s           2026-09-27T18:16:27                      12
================================================================================
[2026-09-27T18:17:12.007+0000] {manager.py:997} INFO - 
================================================================================
DAG File Processing Stats

File Path                           PID    Runtime      # DAGs    # Errors  Last Runtime    Last Run               Last # of DB Queries
----------------------------------  -----  ---------  --------  ----------  --------------  -------------------  ----------------------
/opt/airflow/dags/medallion_dag.py                           1           0  0.70s           2026-09-27T18:16:58                      12
================================================================================
[2026-09-27T18:17:42.384+0000] {manager.py:997} INFO - 
================================================================================
DAG File Processing Stats

File Path                           PID    Runtime      # DAGs    # Errors  Last Runtime    Last Run               Last # of DB Queries
----------------------------------  -----  ---------  --------  ----------  --------------  -------------------  ----------------------
/opt/airflow/dags/medallion_dag.py                           1           0  1.39s           2026-09-27T18:17:30                      12
================================================================================
[2026-09-27T18:18:12.685+0000] {manager.py:997} INFO - 
================================================================================
DAG File Processing Stats

File Path                           PID    Runtime      # DAGs    # Errors  Last Runtime    Last Run               Last # of DB Queries
----------------------------------  -----  ---------  --------  ----------  --------------  -------------------  ----------------------
/opt/airflow/dags/medallion_dag.py                           1           0  0.96s           2026-09-27T18:18:01                      12
================================================================================
[2026-09-27T18:18:42.733+0000] {manager.py:997} INFO - 
================================================================================
DAG File Processing Stats

File Path                           PID    Runtime      # DAGs    # Errors  Last Runtime    Last Run               Last # of DB Queries
----------------------------------  -----  ---------  --------  ----------  --------------  -------------------  ----------------------
/opt/airflow/dags/medallion_dag.py                           1           0  0.77s           2026-09-27T18:18:32                      12
================================================================================
[2026-09-27T18:19:13.742+0000] {manager.py:997} INFO - 
================================================================================
DAG File Processing Stats

File Path                           PID    Runtime      # DAGs    # Errors  Last Runtime    Last Run               Last # of DB Queries
----------------------------------  -----  ---------  --------  ----------  --------------  -------------------  ----------------------
/opt/airflow/dags/medallion_dag.py                           1           0  0.63s           2026-09-27T18:19:03                      12
================================================================================
[2026-09-27T18:19:43.848+0000] {manager.py:997} INFO - 
================================================================================
DAG File Processing Stats

File Path                           PID    Runtime      # DAGs    # Errors  Last Runtime    Last Run               Last # of DB Queries
----------------------------------  -----  ---------  --------  ----------  --------------  -------------------  ----------------------
/opt/airflow/dags/medallion_dag.py                           1           0  0.65s           2026-09-27T18:19:34                      12
================================================================================
[2026-09-27T18:19:56.044+0000] {manager.py:821} INFO - Searching for files in /opt/airflow/dags
[2026-09-27T18:19:56.074+0000] {manager.py:824} INFO - There are 1 files in /opt/airflow/dags
[2026-09-27T18:20:13.981+0000] {manager.py:997} INFO - 
================================================================================
DAG File Processing Stats

File Path                           PID    Runtime      # DAGs    # Errors  Last Runtime    Last Run               Last # of DB Queries
----------------------------------  -----  ---------  --------  ----------  --------------  -------------------  ----------------------
/opt/airflow/dags/medallion_dag.py                           1           0  0.66s           2026-09-27T18:20:05                      12
================================================================================
[2026-09-27T18:20:44.180+0000] {manager.py:997} INFO - 
================================================================================
DAG File Processing Stats

File Path                           PID    Runtime      # DAGs    # Errors  Last Runtime    Last Run               Last # of DB Queries
----------------------------------  -----  ---------  --------  ----------  --------------  -------------------  ----------------------
/opt/airflow/dags/medallion_dag.py                           1           0  0.98s           2026-09-27T18:20:37                      12
================================================================================
[2026-09-27T18:21:14.205+0000] {manager.py:997} INFO - 
================================================================================
DAG File Processing Stats

File Path                           PID    Runtime      # DAGs    # Errors  Last Runtime    Last Run               Last # of DB Queries
----------------------------------  -----  ---------  --------  ----------  --------------  -------------------  ----------------------
/opt/airflow/dags/medallion_dag.py                           1           0  0.66s           2026-09-27T18:21:08                      12
================================================================================
[2026-09-27T18:21:44.284+0000] {manager.py:997} INFO - 
================================================================================
DAG File Processing Stats

File Path                           PID    Runtime      # DAGs    # Errors  Last Runtime    Last Run               Last # of DB Queries
----------------------------------  -----  ---------  --------  ----------  --------------  -------------------  ----------------------
/opt/airflow/dags/medallion_dag.py                           1           0  0.67s           2026-09-27T18:21:39                      12
================================================================================
[2026-09-27T18:22:14.654+0000] {manager.py:997} INFO - 
================================================================================
DAG File Processing Stats

File Path                           PID    Runtime      # DAGs    # Errors  Last Runtime    Last Run               Last # of DB Queries
----------------------------------  -----  ---------  --------  ----------  --------------  -------------------  ----------------------
/opt/airflow/dags/medallion_dag.py                           1           0  0.65s           2026-09-27T18:22:10                      12
================================================================================
[2026-09-27T18:22:44.786+0000] {manager.py:997} INFO - 
================================================================================
DAG File Processing Stats

File Path                           PID    Runtime      # DAGs    # Errors  Last Runtime    Last Run               Last # of DB Queries
----------------------------------  -----  ---------  --------  ----------  --------------  -------------------  ----------------------
/opt/airflow/dags/medallion_dag.py                           1           0  0.64s           2026-09-27T18:22:40                      12
================================================================================
[2026-09-27T18:23:15.115+0000] {manager.py:997} INFO - 
================================================================================
DAG File Processing Stats

File Path                           PID    Runtime      # DAGs    # Errors  Last Runtime    Last Run               Last # of DB Queries
----------------------------------  -----  ---------  --------  ----------  --------------  -------------------  ----------------------
/opt/airflow/dags/medallion_dag.py                           1           0  0.69s           2026-09-27T18:23:11                      12
================================================================================
[2026-09-27T18:23:45.397+0000] {manager.py:997} INFO - 
================================================================================
DAG File Processing Stats

File Path                           PID    Runtime      # DAGs    # Errors  Last Runtime    Last Run               Last # of DB Queries
----------------------------------  -----  ---------  --------  ----------  --------------  -------------------  ----------------------
/opt/airflow/dags/medallion_dag.py                           1           0  1.36s           2026-09-27T18:23:43                      12
================================================================================
[2026-09-27T18:24:15.823+0000] {manager.py:997} INFO - 
================================================================================
DAG File Processing Stats

File Path                           PID    Runtime      # DAGs    # Errors  Last Runtime    Last Run               Last # of DB Queries
----------------------------------  -----  ---------  --------  ----------  --------------  -------------------  ----------------------
/opt/airflow/dags/medallion_dag.py                           1           0  0.63s           2026-09-27T18:24:14                      12
================================================================================
[2026-09-27T18:24:46.555+0000] {manager.py:997} INFO - 
================================================================================
DAG File Processing Stats

File Path                           PID    Runtime      # DAGs    # Errors  Last Runtime    Last Run               Last # of DB Queries
----------------------------------  -----  ---------  --------  ----------  --------------  -------------------  ----------------------
/opt/airflow/dags/medallion_dag.py                           1           0  0.62s           2026-09-27T18:24:44                      12
================================================================================
[2026-09-27T18:24:56.671+0000] {manager.py:821} INFO - Searching for files in /opt/airflow/dags
[2026-09-27T18:24:56.711+0000] {manager.py:824} INFO - There are 1 files in /opt/airflow/dags
[2026-09-27T18:25:16.745+0000] {manager.py:997} INFO - 
================================================================================
DAG File Processing Stats

File Path                           PID    Runtime      # DAGs    # Errors  Last Runtime    Last Run               Last # of DB Queries
----------------------------------  -----  ---------  --------  ----------  --------------  -------------------  ----------------------
/opt/airflow/dags/medallion_dag.py                           1           0  0.83s           2026-09-27T18:25:15                      12
================================================================================
[2026-09-27T18:25:47.443+0000] {manager.py:997} INFO - 
================================================================================
DAG File Processing Stats

File Path                           PID    Runtime      # DAGs    # Errors  Last Runtime    Last Run               Last # of DB Queries
----------------------------------  -----  ---------  --------  ----------  --------------  -------------------  ----------------------
/opt/airflow/dags/medallion_dag.py                           1           0  0.63s           2026-09-27T18:25:46                      12
================================================================================
[2026-09-27T18:26:17.630+0000] {manager.py:997} INFO - 
================================================================================
DAG File Processing Stats

File Path                           PID    Runtime      # DAGs    # Errors  Last Runtime    Last Run               Last # of DB Queries
----------------------------------  -----  ---------  --------  ----------  --------------  -------------------  ----------------------
/opt/airflow/dags/medallion_dag.py                           1           0  0.75s           2026-09-27T18:26:17                      12
================================================================================
[2026-09-27T18:26:48.058+0000] {manager.py:997} INFO - 
================================================================================
DAG File Processing Stats

File Path                             PID  Runtime      # DAGs    # Errors  Last Runtime    Last Run               Last # of DB Queries
----------------------------------  -----  ---------  --------  ----------  --------------  -------------------  ----------------------
/opt/airflow/dags/medallion_dag.py   4978  0.01s             1           0  0.75s           2026-09-27T18:26:17                      12
================================================================================
[2026-09-27T18:27:18.083+0000] {manager.py:997} INFO - 
================================================================================
DAG File Processing Stats

File Path                           PID    Runtime      # DAGs    # Errors  Last Runtime    Last Run               Last # of DB Queries
----------------------------------  -----  ---------  --------  ----------  --------------  -------------------  ----------------------
/opt/airflow/dags/medallion_dag.py                           1           0  0.63s           2026-09-27T18:26:48                      12
================================================================================
[2026-09-27T18:27:48.226+0000] {manager.py:997} INFO - 
================================================================================
DAG File Processing Stats

File Path                           PID    Runtime      # DAGs    # Errors  Last Runtime    Last Run               Last # of DB Queries
----------------------------------  -----  ---------  --------  ----------  --------------  -------------------  ----------------------
/opt/airflow/dags/medallion_dag.py                           1           0  1.14s           2026-09-27T18:27:19                      12
================================================================================
[2026-09-27T18:28:18.271+0000] {manager.py:997} INFO - 
================================================================================
DAG File Processing Stats

File Path                           PID    Runtime      # DAGs    # Errors  Last Runtime    Last Run               Last # of DB Queries
----------------------------------  -----  ---------  --------  ----------  --------------  -------------------  ----------------------
/opt/airflow/dags/medallion_dag.py                           1           0  0.62s           2026-09-27T18:27:50                      12
================================================================================
[2026-09-27T18:28:48.280+0000] {manager.py:997} INFO - 
================================================================================
DAG File Processing Stats

File Path                           PID    Runtime      # DAGs    # Errors  Last Runtime    Last Run               Last # of DB Queries
----------------------------------  -----  ---------  --------  ----------  --------------  -------------------  ----------------------
/opt/airflow/dags/medallion_dag.py                           1           0  0.59s           2026-09-27T18:28:21                      12
================================================================================
[2026-09-27T18:29:18.612+0000] {manager.py:997} INFO - 
================================================================================
DAG File Processing Stats

File Path                           PID    Runtime      # DAGs    # Errors  Last Runtime    Last Run               Last # of DB Queries
----------------------------------  -----  ---------  --------  ----------  --------------  -------------------  ----------------------
/opt/airflow/dags/medallion_dag.py                           1           0  0.64s           2026-09-27T18:28:52                      12
================================================================================
[2026-09-27T18:29:49.032+0000] {manager.py:997} INFO - 
================================================================================
DAG File Processing Stats

File Path                           PID    Runtime      # DAGs    # Errors  Last Runtime    Last Run               Last # of DB Queries
----------------------------------  -----  ---------  --------  ----------  --------------  -------------------  ----------------------
/opt/airflow/dags/medallion_dag.py                           1           0  0.70s           2026-09-27T18:29:23                      12
================================================================================
[2026-09-27T18:29:56.859+0000] {manager.py:821} INFO - Searching for files in /opt/airflow/dags
[2026-09-27T18:29:56.909+0000] {manager.py:824} INFO - There are 1 files in /opt/airflow/dags
[2026-09-27T18:30:19.219+0000] {manager.py:997} INFO - 
================================================================================
DAG File Processing Stats

File Path                           PID    Runtime      # DAGs    # Errors  Last Runtime    Last Run               Last # of DB Queries
----------------------------------  -----  ---------  --------  ----------  --------------  -------------------  ----------------------
/opt/airflow/dags/medallion_dag.py                           1           0  0.70s           2026-09-27T18:29:54                      12
================================================================================
[2026-09-27T18:30:49.224+0000] {manager.py:997} INFO - 
================================================================================
DAG File Processing Stats

File Path                           PID    Runtime      # DAGs    # Errors  Last Runtime    Last Run               Last # of DB Queries
----------------------------------  -----  ---------  --------  ----------  --------------  -------------------  ----------------------
/opt/airflow/dags/medallion_dag.py                           1           0  0.64s           2026-09-27T18:30:25                      12
================================================================================
[2026-09-27T18:31:19.566+0000] {manager.py:997} INFO - 
================================================================================
DAG File Processing Stats

File Path                           PID    Runtime      # DAGs    # Errors  Last Runtime    Last Run               Last # of DB Queries
----------------------------------  -----  ---------  --------  ----------  --------------  -------------------  ----------------------
/opt/airflow/dags/medallion_dag.py                           1           0  0.61s           2026-09-27T18:30:56                      12
================================================================================
[2026-09-27T18:31:49.964+0000] {manager.py:997} INFO - 
================================================================================
DAG File Processing Stats

File Path                           PID    Runtime      # DAGs    # Errors  Last Runtime    Last Run               Last # of DB Queries
----------------------------------  -----  ---------  --------  ----------  --------------  -------------------  ----------------------
/opt/airflow/dags/medallion_dag.py                           1           0  0.83s           2026-09-27T18:31:27                      12
================================================================================
[2026-09-27T18:32:20.052+0000] {manager.py:997} INFO - 
================================================================================
DAG File Processing Stats

File Path                           PID    Runtime      # DAGs    # Errors  Last Runtime    Last Run               Last # of DB Queries
----------------------------------  -----  ---------  --------  ----------  --------------  -------------------  ----------------------
/opt/airflow/dags/medallion_dag.py                           1           0  0.61s           2026-09-27T18:31:58                      12
================================================================================
[2026-09-27T18:32:50.104+0000] {manager.py:997} INFO - 
================================================================================
DAG File Processing Stats

File Path                           PID    Runtime      # DAGs    # Errors  Last Runtime    Last Run               Last # of DB Queries
----------------------------------  -----  ---------  --------  ----------  --------------  -------------------  ----------------------
/opt/airflow/dags/medallion_dag.py                           1           0  0.83s           2026-09-27T18:32:29                      12
================================================================================
[2026-09-27T18:33:20.789+0000] {manager.py:997} INFO - 
================================================================================
DAG File Processing Stats

File Path                           PID    Runtime      # DAGs    # Errors  Last Runtime    Last Run               Last # of DB Queries
----------------------------------  -----  ---------  --------  ----------  --------------  -------------------  ----------------------
/opt/airflow/dags/medallion_dag.py                           1           0  0.61s           2026-09-27T18:33:00                      12
================================================================================
[2026-09-27T18:33:50.920+0000] {manager.py:997} INFO - 
================================================================================
DAG File Processing Stats

File Path                           PID    Runtime      # DAGs    # Errors  Last Runtime    Last Run               Last # of DB Queries
----------------------------------  -----  ---------  --------  ----------  --------------  -------------------  ----------------------
/opt/airflow/dags/medallion_dag.py                           1           0  0.70s           2026-09-27T18:33:31                      12
================================================================================
[2026-09-27T18:34:21.269+0000] {manager.py:997} INFO - 
================================================================================
DAG File Processing Stats

File Path                           PID    Runtime      # DAGs    # Errors  Last Runtime    Last Run               Last # of DB Queries
----------------------------------  -----  ---------  --------  ----------  --------------  -------------------  ----------------------
/opt/airflow/dags/medallion_dag.py                           1           0  0.75s           2026-09-27T18:34:02                      12
================================================================================
[2026-09-27T18:34:51.657+0000] {manager.py:997} INFO - 
================================================================================
DAG File Processing Stats

File Path                           PID    Runtime      # DAGs    # Errors  Last Runtime    Last Run               Last # of DB Queries
----------------------------------  -----  ---------  --------  ----------  --------------  -------------------  ----------------------
/opt/airflow/dags/medallion_dag.py                           1           0  0.80s           2026-09-27T18:34:33                      12
================================================================================
[2026-09-27T18:34:57.723+0000] {manager.py:821} INFO - Searching for files in /opt/airflow/dags
[2026-09-27T18:34:57.771+0000] {manager.py:824} INFO - There are 1 files in /opt/airflow/dags
[2026-09-27T18:35:21.852+0000] {manager.py:997} INFO - 
================================================================================
DAG File Processing Stats

File Path                           PID    Runtime      # DAGs    # Errors  Last Runtime    Last Run               Last # of DB Queries
----------------------------------  -----  ---------  --------  ----------  --------------  -------------------  ----------------------
/opt/airflow/dags/medallion_dag.py                           1           0  0.75s           2026-09-27T18:35:04                      12
================================================================================
[2026-09-27T18:35:52.030+0000] {manager.py:997} INFO - 
================================================================================
DAG File Processing Stats

File Path                           PID    Runtime      # DAGs    # Errors  Last Runtime    Last Run               Last # of DB Queries
----------------------------------  -----  ---------  --------  ----------  --------------  -------------------  ----------------------
/opt/airflow/dags/medallion_dag.py                           1           0  0.86s           2026-09-27T18:35:35                      12
================================================================================
[2026-09-27T18:36:22.341+0000] {manager.py:997} INFO - 
================================================================================
DAG File Processing Stats

File Path                           PID    Runtime      # DAGs    # Errors  Last Runtime    Last Run               Last # of DB Queries
----------------------------------  -----  ---------  --------  ----------  --------------  -------------------  ----------------------
/opt/airflow/dags/medallion_dag.py                           1           0  0.97s           2026-09-27T18:36:07                      12
================================================================================
[2026-09-27T18:36:52.597+0000] {manager.py:997} INFO - 
================================================================================
DAG File Processing Stats

File Path                           PID    Runtime      # DAGs    # Errors  Last Runtime    Last Run               Last # of DB Queries
----------------------------------  -----  ---------  --------  ----------  --------------  -------------------  ----------------------
/opt/airflow/dags/medallion_dag.py                           1           0  0.88s           2026-09-27T18:36:38                      12
================================================================================
[2026-09-27T18:37:22.612+0000] {manager.py:997} INFO - 
================================================================================
DAG File Processing Stats

File Path                           PID    Runtime      # DAGs    # Errors  Last Runtime    Last Run               Last # of DB Queries
----------------------------------  -----  ---------  --------  ----------  --------------  -------------------  ----------------------
/opt/airflow/dags/medallion_dag.py                           1           0  0.63s           2026-09-27T18:37:09                      12
================================================================================
[2026-09-27T18:37:52.638+0000] {manager.py:997} INFO - 
================================================================================
DAG File Processing Stats

File Path                           PID    Runtime      # DAGs    # Errors  Last Runtime    Last Run               Last # of DB Queries
----------------------------------  -----  ---------  --------  ----------  --------------  -------------------  ----------------------
/opt/airflow/dags/medallion_dag.py                           1           0  0.78s           2026-09-27T18:37:40                      12
================================================================================
[2026-09-27T18:38:22.891+0000] {manager.py:997} INFO - 
================================================================================
DAG File Processing Stats

File Path                           PID    Runtime      # DAGs    # Errors  Last Runtime    Last Run               Last # of DB Queries
----------------------------------  -----  ---------  --------  ----------  --------------  -------------------  ----------------------
/opt/airflow/dags/medallion_dag.py                           1           0  0.93s           2026-09-27T18:38:11                      12
================================================================================
[2026-09-27T18:38:52.934+0000] {manager.py:997} INFO - 
================================================================================
DAG File Processing Stats

File Path                           PID    Runtime      # DAGs    # Errors  Last Runtime    Last Run               Last # of DB Queries
----------------------------------  -----  ---------  --------  ----------  --------------  -------------------  ----------------------
/opt/airflow/dags/medallion_dag.py                           1           0  0.73s           2026-09-27T18:38:42                      12
================================================================================
[2026-09-27T18:39:23.059+0000] {manager.py:997} INFO - 
================================================================================
DAG File Processing Stats

File Path                           PID    Runtime      # DAGs    # Errors  Last Runtime    Last Run               Last # of DB Queries
----------------------------------  -----  ---------  --------  ----------  --------------  -------------------  ----------------------
/opt/airflow/dags/medallion_dag.py                           1           0  0.82s           2026-09-27T18:39:13                      12
================================================================================
[2026-09-27T18:39:53.369+0000] {manager.py:997} INFO - 
================================================================================
DAG File Processing Stats

File Path                           PID    Runtime      # DAGs    # Errors  Last Runtime    Last Run               Last # of DB Queries
----------------------------------  -----  ---------  --------  ----------  --------------  -------------------  ----------------------
/opt/airflow/dags/medallion_dag.py                           1           0  1.49s           2026-09-27T18:39:45                      12
================================================================================
[2026-09-27T18:39:57.755+0000] {manager.py:821} INFO - Searching for files in /opt/airflow/dags
[2026-09-27T18:39:57.810+0000] {manager.py:824} INFO - There are 1 files in /opt/airflow/dags
[2026-09-27T18:40:23.682+0000] {manager.py:997} INFO - 
================================================================================
DAG File Processing Stats

File Path                           PID    Runtime      # DAGs    # Errors  Last Runtime    Last Run               Last # of DB Queries
----------------------------------  -----  ---------  --------  ----------  --------------  -------------------  ----------------------
/opt/airflow/dags/medallion_dag.py                           1           0  0.92s           2026-09-27T18:40:16                      12
================================================================================
[2026-09-27T18:40:54.104+0000] {manager.py:997} INFO - 
================================================================================
DAG File Processing Stats

File Path                           PID    Runtime      # DAGs    # Errors  Last Runtime    Last Run               Last # of DB Queries
----------------------------------  -----  ---------  --------  ----------  --------------  -------------------  ----------------------
/opt/airflow/dags/medallion_dag.py                           1           0  1.84s           2026-09-27T18:40:49                      12
================================================================================
[2026-09-27T18:41:24.546+0000] {manager.py:997} INFO - 
================================================================================
DAG File Processing Stats

File Path                           PID    Runtime      # DAGs    # Errors  Last Runtime    Last Run               Last # of DB Queries
----------------------------------  -----  ---------  --------  ----------  --------------  -------------------  ----------------------
/opt/airflow/dags/medallion_dag.py                           1           0  1.14s           2026-09-27T18:41:20                      12
================================================================================
[2026-09-27T18:41:54.948+0000] {manager.py:997} INFO - 
================================================================================
DAG File Processing Stats

File Path                           PID    Runtime      # DAGs    # Errors  Last Runtime    Last Run               Last # of DB Queries
----------------------------------  -----  ---------  --------  ----------  --------------  -------------------  ----------------------
/opt/airflow/dags/medallion_dag.py                           1           0  1.11s           2026-09-27T18:41:51                      12
================================================================================
[2026-09-27T18:42:25.137+0000] {manager.py:997} INFO - 
================================================================================
DAG File Processing Stats

File Path                           PID    Runtime      # DAGs    # Errors  Last Runtime    Last Run               Last # of DB Queries
----------------------------------  -----  ---------  --------  ----------  --------------  -------------------  ----------------------
/opt/airflow/dags/medallion_dag.py                           1           0  0.84s           2026-09-27T18:42:23                      12
================================================================================
[2026-09-27T18:42:55.348+0000] {manager.py:997} INFO - 
================================================================================
DAG File Processing Stats

File Path                           PID    Runtime      # DAGs    # Errors  Last Runtime    Last Run               Last # of DB Queries
----------------------------------  -----  ---------  --------  ----------  --------------  -------------------  ----------------------
/opt/airflow/dags/medallion_dag.py                           1           0  0.86s           2026-09-27T18:42:54                      12
================================================================================
[2026-09-27T18:43:25.470+0000] {manager.py:997} INFO - 
================================================================================
DAG File Processing Stats

File Path                           PID    Runtime      # DAGs    # Errors  Last Runtime    Last Run               Last # of DB Queries
----------------------------------  -----  ---------  --------  ----------  --------------  -------------------  ----------------------
/opt/airflow/dags/medallion_dag.py                           1           0  0.82s           2026-09-27T18:43:25                      12
================================================================================
[2026-09-27T18:43:55.815+0000] {manager.py:997} INFO - 
================================================================================
DAG File Processing Stats

File Path                             PID  Runtime      # DAGs    # Errors  Last Runtime    Last Run               Last # of DB Queries
----------------------------------  -----  ---------  --------  ----------  --------------  -------------------  ----------------------
/opt/airflow/dags/medallion_dag.py   5143  0.01s             1           0  0.82s           2026-09-27T18:43:25                      12
================================================================================
[2026-09-27T18:44:25.980+0000] {manager.py:997} INFO - 
================================================================================
DAG File Processing Stats

File Path                           PID    Runtime      # DAGs    # Errors  Last Runtime    Last Run               Last # of DB Queries
----------------------------------  -----  ---------  --------  ----------  --------------  -------------------  ----------------------
/opt/airflow/dags/medallion_dag.py                           1           0  0.84s           2026-09-27T18:43:56                      12
================================================================================
[2026-09-27T18:44:56.141+0000] {manager.py:997} INFO - 
================================================================================
DAG File Processing Stats

File Path                           PID    Runtime      # DAGs    # Errors  Last Runtime    Last Run               Last # of DB Queries
----------------------------------  -----  ---------  --------  ----------  --------------  -------------------  ----------------------
/opt/airflow/dags/medallion_dag.py                           1           0  0.85s           2026-09-27T18:44:27                      12
================================================================================
[2026-09-27T18:44:57.918+0000] {manager.py:821} INFO - Searching for files in /opt/airflow/dags
[2026-09-27T18:44:58.073+0000] {manager.py:824} INFO - There are 1 files in /opt/airflow/dags
[2026-09-27T18:45:26.516+0000] {manager.py:997} INFO - 
================================================================================
DAG File Processing Stats

File Path                           PID    Runtime      # DAGs    # Errors  Last Runtime    Last Run               Last # of DB Queries
----------------------------------  -----  ---------  --------  ----------  --------------  -------------------  ----------------------
/opt/airflow/dags/medallion_dag.py                           1           0  1.62s           2026-09-27T18:44:59                      12
================================================================================
[2026-09-27T18:45:56.832+0000] {manager.py:997} INFO - 
================================================================================
DAG File Processing Stats

File Path                           PID    Runtime      # DAGs    # Errors  Last Runtime    Last Run               Last # of DB Queries
----------------------------------  -----  ---------  --------  ----------  --------------  -------------------  ----------------------
/opt/airflow/dags/medallion_dag.py                           1           0  0.71s           2026-09-27T18:45:30                      12
================================================================================
[2026-09-27T18:46:27.114+0000] {manager.py:997} INFO - 
================================================================================
DAG File Processing Stats

File Path                           PID    Runtime      # DAGs    # Errors  Last Runtime    Last Run               Last # of DB Queries
----------------------------------  -----  ---------  --------  ----------  --------------  -------------------  ----------------------
/opt/airflow/dags/medallion_dag.py                           1           0  0.95s           2026-09-27T18:46:01                      12
================================================================================
[2026-09-27T18:46:57.168+0000] {manager.py:997} INFO - 
================================================================================
DAG File Processing Stats

File Path                           PID    Runtime      # DAGs    # Errors  Last Runtime    Last Run               Last # of DB Queries
----------------------------------  -----  ---------  --------  ----------  --------------  -------------------  ----------------------
/opt/airflow/dags/medallion_dag.py                           1           0  0.74s           2026-09-27T18:46:32                      12
================================================================================
[2026-09-27T18:47:27.309+0000] {manager.py:997} INFO - 
================================================================================
DAG File Processing Stats

File Path                           PID    Runtime      # DAGs    # Errors  Last Runtime    Last Run               Last # of DB Queries
----------------------------------  -----  ---------  --------  ----------  --------------  -------------------  ----------------------
/opt/airflow/dags/medallion_dag.py                           1           0  0.75s           2026-09-27T18:47:04                      12
================================================================================
[2026-09-27T18:47:57.622+0000] {manager.py:997} INFO - 
================================================================================
DAG File Processing Stats

File Path                           PID    Runtime      # DAGs    # Errors  Last Runtime    Last Run               Last # of DB Queries
----------------------------------  -----  ---------  --------  ----------  --------------  -------------------  ----------------------
/opt/airflow/dags/medallion_dag.py                           1           0  0.66s           2026-09-27T18:47:34                      12
================================================================================
[2026-09-27T18:48:27.941+0000] {manager.py:997} INFO - 
================================================================================
DAG File Processing Stats

File Path                           PID    Runtime      # DAGs    # Errors  Last Runtime    Last Run               Last # of DB Queries
----------------------------------  -----  ---------  --------  ----------  --------------  -------------------  ----------------------
/opt/airflow/dags/medallion_dag.py                           1           0  0.65s           2026-09-27T18:48:05                      12
================================================================================
[2026-09-27T18:48:58.030+0000] {manager.py:997} INFO - 
================================================================================
DAG File Processing Stats

File Path                           PID    Runtime      # DAGs    # Errors  Last Runtime    Last Run               Last # of DB Queries
----------------------------------  -----  ---------  --------  ----------  --------------  -------------------  ----------------------
/opt/airflow/dags/medallion_dag.py                           1           0  0.75s           2026-09-27T18:48:36                      12
================================================================================
[2026-09-27T18:49:28.080+0000] {manager.py:997} INFO - 
================================================================================
DAG File Processing Stats

File Path                           PID    Runtime      # DAGs    # Errors  Last Runtime    Last Run               Last # of DB Queries
----------------------------------  -----  ---------  --------  ----------  --------------  -------------------  ----------------------
/opt/airflow/dags/medallion_dag.py                           1           0  0.67s           2026-09-27T18:49:07                      12
================================================================================
[2026-09-27T18:49:57.993+0000] {manager.py:821} INFO - Searching for files in /opt/airflow/dags
[2026-09-27T18:49:58.026+0000] {manager.py:824} INFO - There are 1 files in /opt/airflow/dags
[2026-09-27T18:49:58.445+0000] {manager.py:997} INFO - 
================================================================================
DAG File Processing Stats

File Path                           PID    Runtime      # DAGs    # Errors  Last Runtime    Last Run               Last # of DB Queries
----------------------------------  -----  ---------  --------  ----------  --------------  -------------------  ----------------------
/opt/airflow/dags/medallion_dag.py                           1           0  0.81s           2026-09-27T18:49:38                      12
================================================================================
[2026-09-27T18:50:28.763+0000] {manager.py:997} INFO - 
================================================================================
DAG File Processing Stats

File Path                           PID    Runtime      # DAGs    # Errors  Last Runtime    Last Run               Last # of DB Queries
----------------------------------  -----  ---------  --------  ----------  --------------  -------------------  ----------------------
/opt/airflow/dags/medallion_dag.py                           1           0  0.79s           2026-09-27T18:50:09                      12
================================================================================
[2026-09-27T18:50:59.059+0000] {manager.py:997} INFO - 
================================================================================
DAG File Processing Stats

File Path                           PID    Runtime      # DAGs    # Errors  Last Runtime    Last Run               Last # of DB Queries
----------------------------------  -----  ---------  --------  ----------  --------------  -------------------  ----------------------
/opt/airflow/dags/medallion_dag.py                           1           0  0.66s           2026-09-27T18:50:40                      12
================================================================================
[2026-09-27T18:51:29.119+0000] {manager.py:997} INFO - 
================================================================================
DAG File Processing Stats

File Path                           PID    Runtime      # DAGs    # Errors  Last Runtime    Last Run               Last # of DB Queries
----------------------------------  -----  ---------  --------  ----------  --------------  -------------------  ----------------------
/opt/airflow/dags/medallion_dag.py                           1           0  0.75s           2026-09-27T18:51:11                      12
================================================================================
[2026-09-27T18:51:59.183+0000] {manager.py:997} INFO - 
================================================================================
DAG File Processing Stats

File Path                           PID    Runtime      # DAGs    # Errors  Last Runtime    Last Run               Last # of DB Queries
----------------------------------  -----  ---------  --------  ----------  --------------  -------------------  ----------------------
/opt/airflow/dags/medallion_dag.py                           1           0  0.77s           2026-09-27T18:51:43                      12
================================================================================
[2026-09-27T18:52:29.361+0000] {manager.py:997} INFO - 
================================================================================
DAG File Processing Stats

File Path                           PID    Runtime      # DAGs    # Errors  Last Runtime    Last Run               Last # of DB Queries
----------------------------------  -----  ---------  --------  ----------  --------------  -------------------  ----------------------
/opt/airflow/dags/medallion_dag.py                           1           0  0.80s           2026-09-27T18:52:14                      12
================================================================================
[2026-09-27T18:52:59.704+0000] {manager.py:997} INFO - 
================================================================================
DAG File Processing Stats

File Path                           PID    Runtime      # DAGs    # Errors  Last Runtime    Last Run               Last # of DB Queries
----------------------------------  -----  ---------  --------  ----------  --------------  -------------------  ----------------------
/opt/airflow/dags/medallion_dag.py                           1           0  0.70s           2026-09-27T18:52:45                      12
================================================================================
[2026-09-27T18:53:30.051+0000] {manager.py:997} INFO - 
================================================================================
DAG File Processing Stats

File Path                           PID    Runtime      # DAGs    # Errors  Last Runtime    Last Run               Last # of DB Queries
----------------------------------  -----  ---------  --------  ----------  --------------  -------------------  ----------------------
/opt/airflow/dags/medallion_dag.py                           1           0  0.68s           2026-09-27T18:53:16                      12
================================================================================
[2026-09-27T18:54:00.191+0000] {manager.py:997} INFO - 
================================================================================
DAG File Processing Stats

File Path                           PID    Runtime      # DAGs    # Errors  Last Runtime    Last Run               Last # of DB Queries
----------------------------------  -----  ---------  --------  ----------  --------------  -------------------  ----------------------
/opt/airflow/dags/medallion_dag.py                           1           0  0.73s           2026-09-27T18:53:47                      12
================================================================================
[2026-09-27T18:54:30.226+0000] {manager.py:997} INFO - 
================================================================================
DAG File Processing Stats

File Path                           PID    Runtime      # DAGs    # Errors  Last Runtime    Last Run               Last # of DB Queries
----------------------------------  -----  ---------  --------  ----------  --------------  -------------------  ----------------------
/opt/airflow/dags/medallion_dag.py                           1           0  0.65s           2026-09-27T18:54:18                      12
================================================================================
[2026-09-27T18:54:58.029+0000] {manager.py:821} INFO - Searching for files in /opt/airflow/dags
[2026-09-27T18:54:58.073+0000] {manager.py:824} INFO - There are 1 files in /opt/airflow/dags
[2026-09-27T18:55:00.550+0000] {manager.py:997} INFO - 
================================================================================
DAG File Processing Stats

File Path                           PID    Runtime      # DAGs    # Errors  Last Runtime    Last Run               Last # of DB Queries
----------------------------------  -----  ---------  --------  ----------  --------------  -------------------  ----------------------
/opt/airflow/dags/medallion_dag.py                           1           0  0.69s           2026-09-27T18:54:48                      12
================================================================================
[2026-09-27T18:55:30.878+0000] {manager.py:997} INFO - 
================================================================================
DAG File Processing Stats

File Path                           PID    Runtime      # DAGs    # Errors  Last Runtime    Last Run               Last # of DB Queries
----------------------------------  -----  ---------  --------  ----------  --------------  -------------------  ----------------------
/opt/airflow/dags/medallion_dag.py                           1           0  0.69s           2026-09-27T18:55:20                      12
================================================================================
[2026-09-27T18:56:01.636+0000] {manager.py:997} INFO - 
================================================================================
DAG File Processing Stats

File Path                           PID    Runtime      # DAGs    # Errors  Last Runtime    Last Run               Last # of DB Queries
----------------------------------  -----  ---------  --------  ----------  --------------  -------------------  ----------------------
/opt/airflow/dags/medallion_dag.py                           1           0  0.60s           2026-09-27T18:55:50                      12
================================================================================
[2026-09-27T18:56:31.676+0000] {manager.py:997} INFO - 
================================================================================
DAG File Processing Stats

File Path                           PID    Runtime      # DAGs    # Errors  Last Runtime    Last Run               Last # of DB Queries
----------------------------------  -----  ---------  --------  ----------  --------------  -------------------  ----------------------
/opt/airflow/dags/medallion_dag.py                           1           0  0.63s           2026-09-27T18:56:21                      12
================================================================================
[2026-09-27T18:57:01.778+0000] {manager.py:997} INFO - 
================================================================================
DAG File Processing Stats

File Path                           PID    Runtime      # DAGs    # Errors  Last Runtime    Last Run               Last # of DB Queries
----------------------------------  -----  ---------  --------  ----------  --------------  -------------------  ----------------------
/opt/airflow/dags/medallion_dag.py                           1           0  0.74s           2026-09-27T18:56:52                      12
================================================================================
[2026-09-27T18:57:31.819+0000] {manager.py:997} INFO - 
================================================================================
DAG File Processing Stats

File Path                           PID    Runtime      # DAGs    # Errors  Last Runtime    Last Run               Last # of DB Queries
----------------------------------  -----  ---------  --------  ----------  --------------  -------------------  ----------------------
/opt/airflow/dags/medallion_dag.py                           1           0  0.68s           2026-09-27T18:57:23                      12
================================================================================
[2026-09-27T18:58:01.948+0000] {manager.py:997} INFO - 
================================================================================
DAG File Processing Stats

File Path                           PID    Runtime      # DAGs    # Errors  Last Runtime    Last Run               Last # of DB Queries
----------------------------------  -----  ---------  --------  ----------  --------------  -------------------  ----------------------
/opt/airflow/dags/medallion_dag.py                           1           0  0.74s           2026-09-27T18:57:54                      12
================================================================================
[2026-09-27T18:58:31.974+0000] {manager.py:997} INFO - 
================================================================================
DAG File Processing Stats

File Path                           PID    Runtime      # DAGs    # Errors  Last Runtime    Last Run               Last # of DB Queries
----------------------------------  -----  ---------  --------  ----------  --------------  -------------------  ----------------------
/opt/airflow/dags/medallion_dag.py                           1           0  0.64s           2026-09-27T18:58:25                      12
================================================================================
[2026-09-27T18:59:02.307+0000] {manager.py:997} INFO - 
================================================================================
DAG File Processing Stats

File Path                           PID    Runtime      # DAGs    # Errors  Last Runtime    Last Run               Last # of DB Queries
----------------------------------  -----  ---------  --------  ----------  --------------  -------------------  ----------------------
/opt/airflow/dags/medallion_dag.py                           1           0  0.66s           2026-09-27T18:58:56                      12
================================================================================
[2026-09-27T18:59:32.656+0000] {manager.py:997} INFO - 
================================================================================
DAG File Processing Stats

File Path                           PID    Runtime      # DAGs    # Errors  Last Runtime    Last Run               Last # of DB Queries
----------------------------------  -----  ---------  --------  ----------  --------------  -------------------  ----------------------
/opt/airflow/dags/medallion_dag.py                           1           0  0.82s           2026-09-27T18:59:28                      12
================================================================================
[2026-09-27T18:59:58.457+0000] {manager.py:821} INFO - Searching for files in /opt/airflow/dags
[2026-09-27T18:59:58.493+0000] {manager.py:824} INFO - There are 1 files in /opt/airflow/dags
[2026-09-27T19:00:03.010+0000] {manager.py:997} INFO - 
================================================================================
DAG File Processing Stats

File Path                           PID    Runtime      # DAGs    # Errors  Last Runtime    Last Run               Last # of DB Queries
----------------------------------  -----  ---------  --------  ----------  --------------  -------------------  ----------------------
/opt/airflow/dags/medallion_dag.py                           1           0  0.64s           2026-09-27T18:59:59                      12
================================================================================
[2026-09-27T19:00:33.063+0000] {manager.py:997} INFO - 
================================================================================
DAG File Processing Stats

File Path                           PID    Runtime      # DAGs    # Errors  Last Runtime    Last Run               Last # of DB Queries
----------------------------------  -----  ---------  --------  ----------  --------------  -------------------  ----------------------
/opt/airflow/dags/medallion_dag.py                           1           0  0.60s           2026-09-27T19:00:30                      12
================================================================================
[2026-09-27T19:01:03.267+0000] {manager.py:997} INFO - 
================================================================================
DAG File Processing Stats

File Path                           PID    Runtime      # DAGs    # Errors  Last Runtime    Last Run               Last # of DB Queries
----------------------------------  -----  ---------  --------  ----------  --------------  -------------------  ----------------------
/opt/airflow/dags/medallion_dag.py                           1           0  0.84s           2026-09-27T19:01:01                      12
================================================================================
[2026-09-27T19:01:33.617+0000] {manager.py:997} INFO - 
================================================================================
DAG File Processing Stats

File Path                           PID    Runtime      # DAGs    # Errors  Last Runtime    Last Run               Last # of DB Queries
----------------------------------  -----  ---------  --------  ----------  --------------  -------------------  ----------------------
/opt/airflow/dags/medallion_dag.py                           1           0  0.70s           2026-09-27T19:01:32                      12
================================================================================
[2026-09-27T19:02:03.964+0000] {manager.py:997} INFO - 
================================================================================
DAG File Processing Stats

File Path                           PID    Runtime      # DAGs    # Errors  Last Runtime    Last Run               Last # of DB Queries
----------------------------------  -----  ---------  --------  ----------  --------------  -------------------  ----------------------
/opt/airflow/dags/medallion_dag.py                           1           0  0.77s           2026-09-27T19:02:03                      12
================================================================================
[2026-09-27T19:02:34.108+0000] {manager.py:997} INFO - 
================================================================================
DAG File Processing Stats

File Path                           PID    Runtime      # DAGs    # Errors  Last Runtime    Last Run               Last # of DB Queries
----------------------------------  -----  ---------  --------  ----------  --------------  -------------------  ----------------------
/opt/airflow/dags/medallion_dag.py                           1           0  0.76s           2026-09-27T19:02:34                      12
================================================================================
[2026-09-27T19:03:04.517+0000] {manager.py:997} INFO - 
================================================================================
DAG File Processing Stats

File Path                             PID  Runtime      # DAGs    # Errors  Last Runtime    Last Run               Last # of DB Queries
----------------------------------  -----  ---------  --------  ----------  --------------  -------------------  ----------------------
/opt/airflow/dags/medallion_dag.py   5328  0.01s             1           0  0.76s           2026-09-27T19:02:34                      12
================================================================================
[2026-09-27T19:03:34.950+0000] {manager.py:997} INFO - 
================================================================================
DAG File Processing Stats

File Path                           PID    Runtime      # DAGs    # Errors  Last Runtime    Last Run               Last # of DB Queries
----------------------------------  -----  ---------  --------  ----------  --------------  -------------------  ----------------------
/opt/airflow/dags/medallion_dag.py                           1           0  1.39s           2026-09-27T19:03:05                      12
================================================================================
[2026-09-27T19:04:05.073+0000] {manager.py:997} INFO - 
================================================================================
DAG File Processing Stats

File Path                           PID    Runtime      # DAGs    # Errors  Last Runtime    Last Run               Last # of DB Queries
----------------------------------  -----  ---------  --------  ----------  --------------  -------------------  ----------------------
/opt/airflow/dags/medallion_dag.py                           1           0  0.78s           2026-09-27T19:03:36                      12
================================================================================
[2026-09-27T19:04:35.118+0000] {manager.py:997} INFO - 
================================================================================
DAG File Processing Stats

File Path                           PID    Runtime      # DAGs    # Errors  Last Runtime    Last Run               Last # of DB Queries
----------------------------------  -----  ---------  --------  ----------  --------------  -------------------  ----------------------
/opt/airflow/dags/medallion_dag.py                           1           0  0.70s           2026-09-27T19:04:07                      12
================================================================================
[2026-09-27T19:04:58.914+0000] {manager.py:821} INFO - Searching for files in /opt/airflow/dags
[2026-09-27T19:04:58.946+0000] {manager.py:824} INFO - There are 1 files in /opt/airflow/dags
[2026-09-27T19:05:05.456+0000] {manager.py:997} INFO - 
================================================================================
DAG File Processing Stats

File Path                           PID    Runtime      # DAGs    # Errors  Last Runtime    Last Run               Last # of DB Queries
----------------------------------  -----  ---------  --------  ----------  --------------  -------------------  ----------------------
/opt/airflow/dags/medallion_dag.py                           1           0  0.65s           2026-09-27T19:04:38                      12
================================================================================
[2026-09-27T19:05:35.807+0000] {manager.py:997} INFO - 
================================================================================
DAG File Processing Stats

File Path                           PID    Runtime      # DAGs    # Errors  Last Runtime    Last Run               Last # of DB Queries
----------------------------------  -----  ---------  --------  ----------  --------------  -------------------  ----------------------
/opt/airflow/dags/medallion_dag.py                           1           0  0.71s           2026-09-27T19:05:09                      12
================================================================================
[2026-09-27T19:06:05.907+0000] {manager.py:997} INFO - 
================================================================================
DAG File Processing Stats

File Path                           PID    Runtime      # DAGs    # Errors  Last Runtime    Last Run               Last # of DB Queries
----------------------------------  -----  ---------  --------  ----------  --------------  -------------------  ----------------------
/opt/airflow/dags/medallion_dag.py                           1           0  0.68s           2026-09-27T19:05:40                      12
================================================================================
[2026-09-27T19:06:36.398+0000] {manager.py:997} INFO - 
================================================================================
DAG File Processing Stats

File Path                           PID    Runtime      # DAGs    # Errors  Last Runtime    Last Run               Last # of DB Queries
----------------------------------  -----  ---------  --------  ----------  --------------  -------------------  ----------------------
/opt/airflow/dags/medallion_dag.py                           1           0  1.55s           2026-09-27T19:06:12                      12
================================================================================
[2026-09-27T19:07:06.495+0000] {manager.py:997} INFO - 
================================================================================
DAG File Processing Stats

File Path                           PID    Runtime      # DAGs    # Errors  Last Runtime    Last Run               Last # of DB Queries
----------------------------------  -----  ---------  --------  ----------  --------------  -------------------  ----------------------
/opt/airflow/dags/medallion_dag.py                           1           0  0.73s           2026-09-27T19:06:43                      12
================================================================================
[2026-09-27T19:07:36.547+0000] {manager.py:997} INFO - 
================================================================================
DAG File Processing Stats

File Path                           PID    Runtime      # DAGs    # Errors  Last Runtime    Last Run               Last # of DB Queries
----------------------------------  -----  ---------  --------  ----------  --------------  -------------------  ----------------------
/opt/airflow/dags/medallion_dag.py                           1           0  0.61s           2026-09-27T19:07:14                      12
================================================================================
[2026-09-27T19:08:06.914+0000] {manager.py:997} INFO - 
================================================================================
DAG File Processing Stats

File Path                           PID    Runtime      # DAGs    # Errors  Last Runtime    Last Run               Last # of DB Queries
----------------------------------  -----  ---------  --------  ----------  --------------  -------------------  ----------------------
/opt/airflow/dags/medallion_dag.py                           1           0  0.59s           2026-09-27T19:07:44                      12
================================================================================
[2026-09-27T19:08:36.937+0000] {manager.py:997} INFO - 
================================================================================
DAG File Processing Stats

File Path                           PID    Runtime      # DAGs    # Errors  Last Runtime    Last Run               Last # of DB Queries
----------------------------------  -----  ---------  --------  ----------  --------------  -------------------  ----------------------
/opt/airflow/dags/medallion_dag.py                           1           0  0.65s           2026-09-27T19:08:15                      12
================================================================================
[2026-09-27T19:09:07.331+0000] {manager.py:997} INFO - 
================================================================================
DAG File Processing Stats

File Path                           PID    Runtime      # DAGs    # Errors  Last Runtime    Last Run               Last # of DB Queries
----------------------------------  -----  ---------  --------  ----------  --------------  -------------------  ----------------------
/opt/airflow/dags/medallion_dag.py                           1           0  0.53s           2026-09-27T19:08:46                      12
================================================================================
[2026-09-27T19:09:37.844+0000] {manager.py:997} INFO - 
================================================================================
DAG File Processing Stats

File Path                           PID    Runtime      # DAGs    # Errors  Last Runtime    Last Run               Last # of DB Queries
----------------------------------  -----  ---------  --------  ----------  --------------  -------------------  ----------------------
/opt/airflow/dags/medallion_dag.py                           1           0  0.56s           2026-09-27T19:09:17                      12
================================================================================
[2026-09-27T19:09:59.504+0000] {manager.py:821} INFO - Searching for files in /opt/airflow/dags
[2026-09-27T19:09:59.528+0000] {manager.py:824} INFO - There are 1 files in /opt/airflow/dags
[2026-09-27T19:10:08.645+0000] {manager.py:997} INFO - 
================================================================================
DAG File Processing Stats

File Path                           PID    Runtime      # DAGs    # Errors  Last Runtime    Last Run               Last # of DB Queries
----------------------------------  -----  ---------  --------  ----------  --------------  -------------------  ----------------------
/opt/airflow/dags/medallion_dag.py                           1           0  1.06s           2026-09-27T19:09:48                      12
================================================================================
[2026-09-27T19:10:39.029+0000] {manager.py:997} INFO - 
================================================================================
DAG File Processing Stats

File Path                           PID    Runtime      # DAGs    # Errors  Last Runtime    Last Run               Last # of DB Queries
----------------------------------  -----  ---------  --------  ----------  --------------  -------------------  ----------------------
/opt/airflow/dags/medallion_dag.py                           1           0  0.58s           2026-09-27T19:10:19                      12
================================================================================
[2026-09-27T19:11:09.397+0000] {manager.py:997} INFO - 
================================================================================
DAG File Processing Stats

File Path                           PID    Runtime      # DAGs    # Errors  Last Runtime    Last Run               Last # of DB Queries
----------------------------------  -----  ---------  --------  ----------  --------------  -------------------  ----------------------
/opt/airflow/dags/medallion_dag.py                           1           0  0.74s           2026-09-27T19:10:50                      12
================================================================================
[2026-09-27T19:11:39.687+0000] {manager.py:997} INFO - 
================================================================================
DAG File Processing Stats

File Path                           PID    Runtime      # DAGs    # Errors  Last Runtime    Last Run               Last # of DB Queries
----------------------------------  -----  ---------  --------  ----------  --------------  -------------------  ----------------------
/opt/airflow/dags/medallion_dag.py                           1           0  0.94s           2026-09-27T19:11:21                      12
================================================================================
[2026-09-27T19:12:10.405+0000] {manager.py:997} INFO - 
================================================================================
DAG File Processing Stats

File Path                           PID    Runtime      # DAGs    # Errors  Last Runtime    Last Run               Last # of DB Queries
----------------------------------  -----  ---------  --------  ----------  --------------  -------------------  ----------------------
/opt/airflow/dags/medallion_dag.py                           1           0  0.54s           2026-09-27T19:11:52                      12
================================================================================
[2026-09-27T19:12:40.874+0000] {manager.py:997} INFO - 
================================================================================
DAG File Processing Stats

File Path                           PID    Runtime      # DAGs    # Errors  Last Runtime    Last Run               Last # of DB Queries
----------------------------------  -----  ---------  --------  ----------  --------------  -------------------  ----------------------
/opt/airflow/dags/medallion_dag.py                           1           0  1.00s           2026-09-27T19:12:23                      12
================================================================================
[2026-09-27T19:13:11.332+0000] {manager.py:997} INFO - 
================================================================================
DAG File Processing Stats

File Path                           PID    Runtime      # DAGs    # Errors  Last Runtime    Last Run               Last # of DB Queries
----------------------------------  -----  ---------  --------  ----------  --------------  -------------------  ----------------------
/opt/airflow/dags/medallion_dag.py                           1           0  1.02s           2026-09-27T19:12:55                      12
================================================================================
[2026-09-27T19:13:41.382+0000] {manager.py:997} INFO - 
================================================================================
DAG File Processing Stats

File Path                           PID    Runtime      # DAGs    # Errors  Last Runtime    Last Run               Last # of DB Queries
----------------------------------  -----  ---------  --------  ----------  --------------  -------------------  ----------------------
/opt/airflow/dags/medallion_dag.py                           1           0  0.56s           2026-09-27T19:13:26                      12
================================================================================
[2026-09-27T19:14:12.225+0000] {manager.py:997} INFO - 
================================================================================
DAG File Processing Stats

File Path                           PID    Runtime      # DAGs    # Errors  Last Runtime    Last Run               Last # of DB Queries
----------------------------------  -----  ---------  --------  ----------  --------------  -------------------  ----------------------
/opt/airflow/dags/medallion_dag.py                           1           0  0.58s           2026-09-27T19:13:57                      12
================================================================================
[2026-09-27T19:14:42.631+0000] {manager.py:997} INFO - 
================================================================================
DAG File Processing Stats

File Path                           PID    Runtime      # DAGs    # Errors  Last Runtime    Last Run               Last # of DB Queries
----------------------------------  -----  ---------  --------  ----------  --------------  -------------------  ----------------------
/opt/airflow/dags/medallion_dag.py                           1           0  0.58s           2026-09-27T19:14:27                      12
================================================================================
[2026-09-27T19:14:59.808+0000] {manager.py:821} INFO - Searching for files in /opt/airflow/dags
[2026-09-27T19:14:59.846+0000] {manager.py:824} INFO - There are 1 files in /opt/airflow/dags
[2026-09-27T19:15:12.998+0000] {manager.py:997} INFO - 
================================================================================
DAG File Processing Stats

File Path                           PID    Runtime      # DAGs    # Errors  Last Runtime    Last Run               Last # of DB Queries
----------------------------------  -----  ---------  --------  ----------  --------------  -------------------  ----------------------
/opt/airflow/dags/medallion_dag.py                           1           0  0.52s           2026-09-27T19:14:58                      12
================================================================================
[2026-09-27T19:15:43.914+0000] {manager.py:997} INFO - 
================================================================================
DAG File Processing Stats

File Path                           PID    Runtime      # DAGs    # Errors  Last Runtime    Last Run               Last # of DB Queries
----------------------------------  -----  ---------  --------  ----------  --------------  -------------------  ----------------------
/opt/airflow/dags/medallion_dag.py                           1           0  0.52s           2026-09-27T19:15:29                      12
================================================================================
[2026-09-27T19:16:14.300+0000] {manager.py:997} INFO - 
================================================================================
DAG File Processing Stats

File Path                           PID    Runtime      # DAGs    # Errors  Last Runtime    Last Run               Last # of DB Queries
----------------------------------  -----  ---------  --------  ----------  --------------  -------------------  ----------------------
/opt/airflow/dags/medallion_dag.py                           1           0  0.62s           2026-09-27T19:16:00                      12
================================================================================
[2026-09-27T19:16:44.738+0000] {manager.py:997} INFO - 
================================================================================
DAG File Processing Stats

File Path                           PID    Runtime      # DAGs    # Errors  Last Runtime    Last Run               Last # of DB Queries
----------------------------------  -----  ---------  --------  ----------  --------------  -------------------  ----------------------
/opt/airflow/dags/medallion_dag.py                           1           0  0.52s           2026-09-27T19:16:31                      12
================================================================================
[2026-09-27T19:17:14.773+0000] {manager.py:997} INFO - 
================================================================================
DAG File Processing Stats

File Path                           PID    Runtime      # DAGs    # Errors  Last Runtime    Last Run               Last # of DB Queries
----------------------------------  -----  ---------  --------  ----------  --------------  -------------------  ----------------------
/opt/airflow/dags/medallion_dag.py                           1           0  0.62s           2026-09-27T19:17:02                      12
================================================================================
[2026-09-27T19:17:44.848+0000] {manager.py:997} INFO - 
================================================================================
DAG File Processing Stats

File Path                           PID    Runtime      # DAGs    # Errors  Last Runtime    Last Run               Last # of DB Queries
----------------------------------  -----  ---------  --------  ----------  --------------  -------------------  ----------------------
/opt/airflow/dags/medallion_dag.py                           1           0  0.66s           2026-09-27T19:17:33                      12
================================================================================
[2026-09-27T19:18:15.247+0000] {manager.py:997} INFO - 
================================================================================
DAG File Processing Stats

File Path                           PID    Runtime      # DAGs    # Errors  Last Runtime    Last Run               Last # of DB Queries
----------------------------------  -----  ---------  --------  ----------  --------------  -------------------  ----------------------
/opt/airflow/dags/medallion_dag.py                           1           0  0.56s           2026-09-27T19:18:04                      12
================================================================================
[2026-09-27T19:18:45.427+0000] {manager.py:997} INFO - 
================================================================================
DAG File Processing Stats

File Path                           PID    Runtime      # DAGs    # Errors  Last Runtime    Last Run               Last # of DB Queries
----------------------------------  -----  ---------  --------  ----------  --------------  -------------------  ----------------------
/opt/airflow/dags/medallion_dag.py                           1           0  0.85s           2026-09-27T19:18:35                      12
================================================================================
[2026-09-27T19:19:15.432+0000] {manager.py:997} INFO - 
================================================================================
DAG File Processing Stats

File Path                           PID    Runtime      # DAGs    # Errors  Last Runtime    Last Run               Last # of DB Queries
----------------------------------  -----  ---------  --------  ----------  --------------  -------------------  ----------------------
/opt/airflow/dags/medallion_dag.py                           1           0  0.62s           2026-09-27T19:19:06                      12
================================================================================
[2026-09-27T19:19:45.756+0000] {manager.py:997} INFO - 
================================================================================
DAG File Processing Stats

File Path                           PID    Runtime      # DAGs    # Errors  Last Runtime    Last Run               Last # of DB Queries
----------------------------------  -----  ---------  --------  ----------  --------------  -------------------  ----------------------
/opt/airflow/dags/medallion_dag.py                           1           0  0.55s           2026-09-27T19:19:36                      12
================================================================================
[2026-09-27T19:19:59.894+0000] {manager.py:821} INFO - Searching for files in /opt/airflow/dags
[2026-09-27T19:19:59.913+0000] {manager.py:824} INFO - There are 1 files in /opt/airflow/dags
[2026-09-27T19:20:15.899+0000] {manager.py:997} INFO - 
================================================================================
DAG File Processing Stats

File Path                           PID    Runtime      # DAGs    # Errors  Last Runtime    Last Run               Last # of DB Queries
----------------------------------  -----  ---------  --------  ----------  --------------  -------------------  ----------------------
/opt/airflow/dags/medallion_dag.py                           1           0  0.77s           2026-09-27T19:20:07                      12
================================================================================
[2026-09-27T19:20:46.751+0000] {manager.py:997} INFO - 
================================================================================
DAG File Processing Stats

File Path                           PID    Runtime      # DAGs    # Errors  Last Runtime    Last Run               Last # of DB Queries
----------------------------------  -----  ---------  --------  ----------  --------------  -------------------  ----------------------
/opt/airflow/dags/medallion_dag.py                           1           0  0.53s           2026-09-27T19:20:38                      12
================================================================================
[2026-09-27T19:21:17.047+0000] {manager.py:997} INFO - 
================================================================================
DAG File Processing Stats

File Path                           PID    Runtime      # DAGs    # Errors  Last Runtime    Last Run               Last # of DB Queries
----------------------------------  -----  ---------  --------  ----------  --------------  -------------------  ----------------------
/opt/airflow/dags/medallion_dag.py                           1           0  1.76s           2026-09-27T19:21:10                      12
================================================================================
[2026-09-27T19:21:47.162+0000] {manager.py:997} INFO - 
================================================================================
DAG File Processing Stats

File Path                           PID    Runtime      # DAGs    # Errors  Last Runtime    Last Run               Last # of DB Queries
----------------------------------  -----  ---------  --------  ----------  --------------  -------------------  ----------------------
/opt/airflow/dags/medallion_dag.py                           1           0  0.74s           2026-09-27T19:21:42                      12
================================================================================
[2026-09-27T19:22:17.250+0000] {manager.py:997} INFO - 
================================================================================
DAG File Processing Stats

File Path                           PID    Runtime      # DAGs    # Errors  Last Runtime    Last Run               Last # of DB Queries
----------------------------------  -----  ---------  --------  ----------  --------------  -------------------  ----------------------
/opt/airflow/dags/medallion_dag.py                           1           0  0.74s           2026-09-27T19:22:13                      12
================================================================================
[2026-09-27T19:22:47.545+0000] {manager.py:997} INFO - 
================================================================================
DAG File Processing Stats

File Path                           PID    Runtime      # DAGs    # Errors  Last Runtime    Last Run               Last # of DB Queries
----------------------------------  -----  ---------  --------  ----------  --------------  -------------------  ----------------------
/opt/airflow/dags/medallion_dag.py                           1           0  0.74s           2026-09-27T19:22:44                      12
================================================================================
[2026-09-27T19:23:17.883+0000] {manager.py:997} INFO - 
================================================================================
DAG File Processing Stats

File Path                           PID    Runtime      # DAGs    # Errors  Last Runtime    Last Run               Last # of DB Queries
----------------------------------  -----  ---------  --------  ----------  --------------  -------------------  ----------------------
/opt/airflow/dags/medallion_dag.py                           1           0  0.88s           2026-09-27T19:23:15                      12
================================================================================
[2026-09-27T19:23:48.241+0000] {manager.py:997} INFO - 
================================================================================
DAG File Processing Stats

File Path                           PID    Runtime      # DAGs    # Errors  Last Runtime    Last Run               Last # of DB Queries
----------------------------------  -----  ---------  --------  ----------  --------------  -------------------  ----------------------
/opt/airflow/dags/medallion_dag.py                           1           0  0.71s           2026-09-27T19:23:46                      12
================================================================================
[2026-09-27T19:24:18.684+0000] {manager.py:997} INFO - 
================================================================================
DAG File Processing Stats

File Path                           PID    Runtime      # DAGs    # Errors  Last Runtime    Last Run               Last # of DB Queries
----------------------------------  -----  ---------  --------  ----------  --------------  -------------------  ----------------------
/opt/airflow/dags/medallion_dag.py                           1           0  0.66s           2026-09-27T19:24:17                      12
================================================================================
[2026-09-27T19:24:48.975+0000] {manager.py:997} INFO - 
================================================================================
DAG File Processing Stats

File Path                           PID    Runtime      # DAGs    # Errors  Last Runtime    Last Run               Last # of DB Queries
----------------------------------  -----  ---------  --------  ----------  --------------  -------------------  ----------------------
/opt/airflow/dags/medallion_dag.py                           1           0  0.68s           2026-09-27T19:24:48                      12
================================================================================
[2026-09-27T19:25:00.099+0000] {manager.py:821} INFO - Searching for files in /opt/airflow/dags
[2026-09-27T19:25:00.139+0000] {manager.py:824} INFO - There are 1 files in /opt/airflow/dags
[2026-09-27T19:25:19.050+0000] {manager.py:997} INFO - 
================================================================================
DAG File Processing Stats

File Path                           PID    Runtime      # DAGs    # Errors  Last Runtime    Last Run               Last # of DB Queries
----------------------------------  -----  ---------  --------  ----------  --------------  -------------------  ----------------------
/opt/airflow/dags/medallion_dag.py                           1           0  0.68s           2026-09-27T19:25:19                      12
================================================================================
[2026-09-27T19:25:49.387+0000] {manager.py:997} INFO - 
================================================================================
DAG File Processing Stats

File Path                             PID  Runtime      # DAGs    # Errors  Last Runtime    Last Run               Last # of DB Queries
----------------------------------  -----  ---------  --------  ----------  --------------  -------------------  ----------------------
/opt/airflow/dags/medallion_dag.py   5548  0.01s             1           0  0.68s           2026-09-27T19:25:19                      12
================================================================================
[2026-09-27T19:26:19.403+0000] {manager.py:997} INFO - 
================================================================================
DAG File Processing Stats

File Path                           PID    Runtime      # DAGs    # Errors  Last Runtime    Last Run               Last # of DB Queries
----------------------------------  -----  ---------  --------  ----------  --------------  -------------------  ----------------------
/opt/airflow/dags/medallion_dag.py                           1           0  0.70s           2026-09-27T19:25:50                      12
================================================================================
[2026-09-27T19:26:49.750+0000] {manager.py:997} INFO - 
================================================================================
DAG File Processing Stats

File Path                           PID    Runtime      # DAGs    # Errors  Last Runtime    Last Run               Last # of DB Queries
----------------------------------  -----  ---------  --------  ----------  --------------  -------------------  ----------------------
/opt/airflow/dags/medallion_dag.py                           1           0  1.37s           2026-09-27T19:26:21                      12
================================================================================
[2026-09-27T19:27:20.145+0000] {manager.py:997} INFO - 
================================================================================
DAG File Processing Stats

File Path                           PID    Runtime      # DAGs    # Errors  Last Runtime    Last Run               Last # of DB Queries
----------------------------------  -----  ---------  --------  ----------  --------------  -------------------  ----------------------
/opt/airflow/dags/medallion_dag.py                           1           0  0.69s           2026-09-27T19:26:52                      12
================================================================================
[2026-09-27T19:27:50.518+0000] {manager.py:997} INFO - 
================================================================================
DAG File Processing Stats

File Path                           PID    Runtime      # DAGs    # Errors  Last Runtime    Last Run               Last # of DB Queries
----------------------------------  -----  ---------  --------  ----------  --------------  -------------------  ----------------------
/opt/airflow/dags/medallion_dag.py                           1           0  0.87s           2026-09-27T19:27:23                      12
================================================================================
[2026-09-27T19:28:20.891+0000] {manager.py:997} INFO - 
================================================================================
DAG File Processing Stats

File Path                           PID    Runtime      # DAGs    # Errors  Last Runtime    Last Run               Last # of DB Queries
----------------------------------  -----  ---------  --------  ----------  --------------  -------------------  ----------------------
/opt/airflow/dags/medallion_dag.py                           1           0  0.67s           2026-09-27T19:27:54                      12
================================================================================
[2026-09-27T19:28:50.946+0000] {manager.py:997} INFO - 
================================================================================
DAG File Processing Stats

File Path                           PID    Runtime      # DAGs    # Errors  Last Runtime    Last Run               Last # of DB Queries
----------------------------------  -----  ---------  --------  ----------  --------------  -------------------  ----------------------
/opt/airflow/dags/medallion_dag.py                           1           0  0.69s           2026-09-27T19:28:25                      12
================================================================================
[2026-09-27T19:29:21.013+0000] {manager.py:997} INFO - 
================================================================================
DAG File Processing Stats

File Path                           PID    Runtime      # DAGs    # Errors  Last Runtime    Last Run               Last # of DB Queries
----------------------------------  -----  ---------  --------  ----------  --------------  -------------------  ----------------------
/opt/airflow/dags/medallion_dag.py                           1           0  0.76s           2026-09-27T19:28:56                      12
================================================================================
