[2026-09-27T16:46:01.626+0000] {processor.py:186} INFO - Started process (PID=175) to work on /opt/airflow/dags/medallion_dag.py
[2026-09-27T16:46:01.630+0000] {processor.py:914} INFO - Processing file /opt/airflow/dags/medallion_dag.py for tasks to queue
[2026-09-27T16:46:01.637+0000] {logging_mixin.py:190} INFO - [2026-09-27T16:46:01.636+0000] {dagbag.py:588} INFO - Filling up the DagBag from /opt/airflow/dags/medallion_dag.py
[2026-09-27T16:46:02.988+0000] {processor.py:925} INFO - DAG(s) 'medallion_pipeline' retrieved from /opt/airflow/dags/medallion_dag.py
[2026-09-27T16:46:03.243+0000] {logging_mixin.py:190} INFO - [2026-09-27T16:46:03.242+0000] {override.py:1911} INFO - Created Permission View: can edit on DAG:medallion_pipeline
[2026-09-27T16:46:03.266+0000] {logging_mixin.py:190} INFO - [2026-09-27T16:46:03.265+0000] {override.py:1911} INFO - Created Permission View: can read on DAG:medallion_pipeline
[2026-09-27T16:46:03.286+0000] {logging_mixin.py:190} INFO - [2026-09-27T16:46:03.286+0000] {override.py:1911} INFO - Created Permission View: can delete on DAG:medallion_pipeline
[2026-09-27T16:46:03.311+0000] {logging_mixin.py:190} INFO - [2026-09-27T16:46:03.311+0000] {override.py:1911} INFO - Created Permission View: can delete on DAG Run:medallion_pipeline
[2026-09-27T16:46:03.346+0000] {logging_mixin.py:190} INFO - [2026-09-27T16:46:03.345+0000] {override.py:1911} INFO - Created Permission View: menu access on DAG Run:medallion_pipeline
[2026-09-27T16:46:03.368+0000] {logging_mixin.py:190} INFO - [2026-09-27T16:46:03.367+0000] {override.py:1911} INFO - Created Permission View: can create on DAG Run:medallion_pipeline
[2026-09-27T16:46:03.388+0000] {logging_mixin.py:190} INFO - [2026-09-27T16:46:03.388+0000] {override.py:1911} INFO - Created Permission View: can read on DAG Run:medallion_pipeline
[2026-09-27T16:46:03.392+0000] {logging_mixin.py:190} INFO - [2026-09-27T16:46:03.392+0000] {dag.py:3239} INFO - Sync 1 DAGs
[2026-09-27T16:46:03.415+0000] {logging_mixin.py:190} INFO - [2026-09-27T16:46:03.415+0000] {dag.py:3262} INFO - Creating ORM DAG for medallion_pipeline
[2026-09-27T16:46:03.462+0000] {logging_mixin.py:190} INFO - [2026-09-27T16:46:03.461+0000] {dag.py:4180} INFO - Setting next_dagrun for medallion_pipeline to 2026-09-26 00:00:00+00:00, run_after=2026-09-27 00:00:00+00:00
[2026-09-27T16:46:03.924+0000] {processor.py:208} INFO - Processing /opt/airflow/dags/medallion_dag.py took 2.312 seconds
[2026-09-27T16:46:34.062+0000] {processor.py:186} INFO - Started process (PID=180) to work on /opt/airflow/dags/medallion_dag.py
[2026-09-27T16:46:34.066+0000] {processor.py:914} INFO - Processing file /opt/airflow/dags/medallion_dag.py for tasks to queue
[2026-09-27T16:46:34.072+0000] {logging_mixin.py:190} INFO - [2026-09-27T16:46:34.071+0000] {dagbag.py:588} INFO - Filling up the DagBag from /opt/airflow/dags/medallion_dag.py
[2026-09-27T16:46:34.462+0000] {processor.py:925} INFO - DAG(s) 'medallion_pipeline' retrieved from /opt/airflow/dags/medallion_dag.py
[2026-09-27T16:46:34.500+0000] {logging_mixin.py:190} INFO - [2026-09-27T16:46:34.499+0000] {dag.py:3239} INFO - Sync 1 DAGs
[2026-09-27T16:46:34.539+0000] {logging_mixin.py:190} INFO - [2026-09-27T16:46:34.538+0000] {dag.py:4180} INFO - Setting next_dagrun for medallion_pipeline to 2026-09-26 00:00:00+00:00, run_after=2026-09-27 00:00:00+00:00
[2026-09-27T16:46:34.575+0000] {processor.py:208} INFO - Processing /opt/airflow/dags/medallion_dag.py took 0.527 seconds
[2026-09-27T16:47:04.994+0000] {processor.py:186} INFO - Started process (PID=185) to work on /opt/airflow/dags/medallion_dag.py
[2026-09-27T16:47:04.997+0000] {processor.py:914} INFO - Processing file /opt/airflow/dags/medallion_dag.py for tasks to queue
[2026-09-27T16:47:05.002+0000] {logging_mixin.py:190} INFO - [2026-09-27T16:47:05.002+0000] {dagbag.py:588} INFO - Filling up the DagBag from /opt/airflow/dags/medallion_dag.py
[2026-09-27T16:47:05.318+0000] {processor.py:925} INFO - DAG(s) 'medallion_pipeline' retrieved from /opt/airflow/dags/medallion_dag.py
[2026-09-27T16:47:05.357+0000] {logging_mixin.py:190} INFO - [2026-09-27T16:47:05.357+0000] {dag.py:3239} INFO - Sync 1 DAGs
[2026-09-27T16:47:05.395+0000] {logging_mixin.py:190} INFO - [2026-09-27T16:47:05.394+0000] {dag.py:4180} INFO - Setting next_dagrun for medallion_pipeline to 2026-09-26 00:00:00+00:00, run_after=2026-09-27 00:00:00+00:00
[2026-09-27T16:47:05.428+0000] {processor.py:208} INFO - Processing /opt/airflow/dags/medallion_dag.py took 0.442 seconds
[2026-09-27T16:47:35.558+0000] {processor.py:186} INFO - Started process (PID=190) to work on /opt/airflow/dags/medallion_dag.py
[2026-09-27T16:47:35.560+0000] {processor.py:914} INFO - Processing file /opt/airflow/dags/medallion_dag.py for tasks to queue
[2026-09-27T16:47:35.566+0000] {logging_mixin.py:190} INFO - [2026-09-27T16:47:35.566+0000] {dagbag.py:588} INFO - Filling up the DagBag from /opt/airflow/dags/medallion_dag.py
[2026-09-27T16:47:35.872+0000] {processor.py:925} INFO - DAG(s) 'medallion_pipeline' retrieved from /opt/airflow/dags/medallion_dag.py
[2026-09-27T16:47:35.910+0000] {logging_mixin.py:190} INFO - [2026-09-27T16:47:35.910+0000] {dag.py:3239} INFO - Sync 1 DAGs
[2026-09-27T16:47:35.944+0000] {logging_mixin.py:190} INFO - [2026-09-27T16:47:35.944+0000] {dag.py:4180} INFO - Setting next_dagrun for medallion_pipeline to 2026-09-26 00:00:00+00:00, run_after=2026-09-27 00:00:00+00:00
[2026-09-27T16:47:35.973+0000] {processor.py:208} INFO - Processing /opt/airflow/dags/medallion_dag.py took 0.423 seconds
[2026-09-27T16:48:06.606+0000] {processor.py:186} INFO - Started process (PID=195) to work on /opt/airflow/dags/medallion_dag.py
[2026-09-27T16:48:06.608+0000] {processor.py:914} INFO - Processing file /opt/airflow/dags/medallion_dag.py for tasks to queue
[2026-09-27T16:48:06.614+0000] {logging_mixin.py:190} INFO - [2026-09-27T16:48:06.613+0000] {dagbag.py:588} INFO - Filling up the DagBag from /opt/airflow/dags/medallion_dag.py
[2026-09-27T16:48:06.997+0000] {processor.py:925} INFO - DAG(s) 'medallion_pipeline' retrieved from /opt/airflow/dags/medallion_dag.py
[2026-09-27T16:48:07.038+0000] {logging_mixin.py:190} INFO - [2026-09-27T16:48:07.038+0000] {dag.py:3239} INFO - Sync 1 DAGs
[2026-09-27T16:48:07.072+0000] {logging_mixin.py:190} INFO - [2026-09-27T16:48:07.072+0000] {dag.py:4180} INFO - Setting next_dagrun for medallion_pipeline to 2026-09-26 00:00:00+00:00, run_after=2026-09-27 00:00:00+00:00
[2026-09-27T16:48:07.098+0000] {processor.py:208} INFO - Processing /opt/airflow/dags/medallion_dag.py took 0.500 seconds
[2026-09-27T16:48:37.262+0000] {processor.py:186} INFO - Started process (PID=200) to work on /opt/airflow/dags/medallion_dag.py
[2026-09-27T16:48:37.269+0000] {processor.py:914} INFO - Processing file /opt/airflow/dags/medallion_dag.py for tasks to queue
[2026-09-27T16:48:37.279+0000] {logging_mixin.py:190} INFO - [2026-09-27T16:48:37.278+0000] {dagbag.py:588} INFO - Filling up the DagBag from /opt/airflow/dags/medallion_dag.py
[2026-09-27T16:48:38.215+0000] {processor.py:925} INFO - DAG(s) 'medallion_pipeline' retrieved from /opt/airflow/dags/medallion_dag.py
[2026-09-27T16:48:38.257+0000] {logging_mixin.py:190} INFO - [2026-09-27T16:48:38.257+0000] {dag.py:3239} INFO - Sync 1 DAGs
[2026-09-27T16:48:38.294+0000] {logging_mixin.py:190} INFO - [2026-09-27T16:48:38.293+0000] {dag.py:4180} INFO - Setting next_dagrun for medallion_pipeline to 2026-09-26 00:00:00+00:00, run_after=2026-09-27 00:00:00+00:00
[2026-09-27T16:48:38.335+0000] {processor.py:208} INFO - Processing /opt/airflow/dags/medallion_dag.py took 1.091 seconds
[2026-09-27T16:49:08.865+0000] {processor.py:186} INFO - Started process (PID=205) to work on /opt/airflow/dags/medallion_dag.py
[2026-09-27T16:49:08.867+0000] {processor.py:914} INFO - Processing file /opt/airflow/dags/medallion_dag.py for tasks to queue
[2026-09-27T16:49:08.873+0000] {logging_mixin.py:190} INFO - [2026-09-27T16:49:08.872+0000] {dagbag.py:588} INFO - Filling up the DagBag from /opt/airflow/dags/medallion_dag.py
[2026-09-27T16:49:09.250+0000] {processor.py:925} INFO - DAG(s) 'medallion_pipeline' retrieved from /opt/airflow/dags/medallion_dag.py
[2026-09-27T16:49:09.295+0000] {logging_mixin.py:190} INFO - [2026-09-27T16:49:09.294+0000] {dag.py:3239} INFO - Sync 1 DAGs
[2026-09-27T16:49:09.328+0000] {logging_mixin.py:190} INFO - [2026-09-27T16:49:09.328+0000] {dag.py:4180} INFO - Setting next_dagrun for medallion_pipeline to 2026-09-26 00:00:00+00:00, run_after=2026-09-27 00:00:00+00:00
[2026-09-27T16:49:09.619+0000] {processor.py:208} INFO - Processing /opt/airflow/dags/medallion_dag.py took 0.762 seconds
[2026-09-27T16:49:39.700+0000] {processor.py:186} INFO - Started process (PID=210) to work on /opt/airflow/dags/medallion_dag.py
[2026-09-27T16:49:39.702+0000] {processor.py:914} INFO - Processing file /opt/airflow/dags/medallion_dag.py for tasks to queue
[2026-09-27T16:49:39.707+0000] {logging_mixin.py:190} INFO - [2026-09-27T16:49:39.706+0000] {dagbag.py:588} INFO - Filling up the DagBag from /opt/airflow/dags/medallion_dag.py
[2026-09-27T16:49:40.053+0000] {processor.py:925} INFO - DAG(s) 'medallion_pipeline' retrieved from /opt/airflow/dags/medallion_dag.py
[2026-09-27T16:49:40.102+0000] {logging_mixin.py:190} INFO - [2026-09-27T16:49:40.102+0000] {dag.py:3239} INFO - Sync 1 DAGs
[2026-09-27T16:49:40.370+0000] {logging_mixin.py:190} INFO - [2026-09-27T16:49:40.370+0000] {dag.py:4180} INFO - Setting next_dagrun for medallion_pipeline to 2026-09-26 00:00:00+00:00, run_after=2026-09-27 00:00:00+00:00
[2026-09-27T16:49:40.399+0000] {processor.py:208} INFO - Processing /opt/airflow/dags/medallion_dag.py took 0.705 seconds
[2026-09-27T16:50:10.927+0000] {processor.py:186} INFO - Started process (PID=215) to work on /opt/airflow/dags/medallion_dag.py
[2026-09-27T16:50:10.931+0000] {processor.py:914} INFO - Processing file /opt/airflow/dags/medallion_dag.py for tasks to queue
[2026-09-27T16:50:10.944+0000] {logging_mixin.py:190} INFO - [2026-09-27T16:50:10.944+0000] {dagbag.py:588} INFO - Filling up the DagBag from /opt/airflow/dags/medallion_dag.py
[2026-09-27T16:50:11.917+0000] {processor.py:925} INFO - DAG(s) 'medallion_pipeline' retrieved from /opt/airflow/dags/medallion_dag.py
[2026-09-27T16:50:11.949+0000] {logging_mixin.py:190} INFO - [2026-09-27T16:50:11.948+0000] {dag.py:3239} INFO - Sync 1 DAGs
[2026-09-27T16:50:12.179+0000] {logging_mixin.py:190} INFO - [2026-09-27T16:50:12.179+0000] {dag.py:4180} INFO - Setting next_dagrun for medallion_pipeline to 2026-09-26 00:00:00+00:00, run_after=2026-09-27 00:00:00+00:00
[2026-09-27T16:50:12.211+0000] {processor.py:208} INFO - Processing /opt/airflow/dags/medallion_dag.py took 1.294 seconds
[2026-09-27T16:50:42.603+0000] {processor.py:186} INFO - Started process (PID=231) to work on /opt/airflow/dags/medallion_dag.py
[2026-09-27T16:50:42.605+0000] {processor.py:914} INFO - Processing file /opt/airflow/dags/medallion_dag.py for tasks to queue
[2026-09-27T16:50:42.609+0000] {logging_mixin.py:190} INFO - [2026-09-27T16:50:42.609+0000] {dagbag.py:588} INFO - Filling up the DagBag from /opt/airflow/dags/medallion_dag.py
[2026-09-27T16:50:42.955+0000] {processor.py:925} INFO - DAG(s) 'medallion_pipeline' retrieved from /opt/airflow/dags/medallion_dag.py
[2026-09-27T16:50:43.191+0000] {logging_mixin.py:190} INFO - [2026-09-27T16:50:43.191+0000] {dag.py:3239} INFO - Sync 1 DAGs
[2026-09-27T16:50:43.220+0000] {logging_mixin.py:190} INFO - [2026-09-27T16:50:43.220+0000] {dag.py:4180} INFO - Setting next_dagrun for medallion_pipeline to 2026-09-27 00:00:00+00:00, run_after=2026-09-28 00:00:00+00:00
[2026-09-27T16:50:43.253+0000] {processor.py:208} INFO - Processing /opt/airflow/dags/medallion_dag.py took 0.660 seconds
[2026-09-27T16:51:13.964+0000] {processor.py:186} INFO - Started process (PID=236) to work on /opt/airflow/dags/medallion_dag.py
[2026-09-27T16:51:13.966+0000] {processor.py:914} INFO - Processing file /opt/airflow/dags/medallion_dag.py for tasks to queue
[2026-09-27T16:51:13.972+0000] {logging_mixin.py:190} INFO - [2026-09-27T16:51:13.972+0000] {dagbag.py:588} INFO - Filling up the DagBag from /opt/airflow/dags/medallion_dag.py
[2026-09-27T16:51:14.527+0000] {processor.py:925} INFO - DAG(s) 'medallion_pipeline' retrieved from /opt/airflow/dags/medallion_dag.py
[2026-09-27T16:51:14.570+0000] {logging_mixin.py:190} INFO - [2026-09-27T16:51:14.569+0000] {dag.py:3239} INFO - Sync 1 DAGs
[2026-09-27T16:51:14.607+0000] {logging_mixin.py:190} INFO - [2026-09-27T16:51:14.606+0000] {dag.py:4180} INFO - Setting next_dagrun for medallion_pipeline to 2026-09-27 00:00:00+00:00, run_after=2026-09-28 00:00:00+00:00
[2026-09-27T16:51:14.631+0000] {processor.py:208} INFO - Processing /opt/airflow/dags/medallion_dag.py took 0.678 seconds
[2026-09-27T16:51:44.847+0000] {processor.py:186} INFO - Started process (PID=241) to work on /opt/airflow/dags/medallion_dag.py
[2026-09-27T16:51:44.850+0000] {processor.py:914} INFO - Processing file /opt/airflow/dags/medallion_dag.py for tasks to queue
[2026-09-27T16:51:44.862+0000] {logging_mixin.py:190} INFO - [2026-09-27T16:51:44.861+0000] {dagbag.py:588} INFO - Filling up the DagBag from /opt/airflow/dags/medallion_dag.py
[2026-09-27T16:51:46.079+0000] {processor.py:925} INFO - DAG(s) 'medallion_pipeline' retrieved from /opt/airflow/dags/medallion_dag.py
[2026-09-27T16:51:46.141+0000] {logging_mixin.py:190} INFO - [2026-09-27T16:51:46.141+0000] {dag.py:3239} INFO - Sync 1 DAGs
[2026-09-27T16:51:46.200+0000] {logging_mixin.py:190} INFO - [2026-09-27T16:51:46.200+0000] {dag.py:4180} INFO - Setting next_dagrun for medallion_pipeline to 2026-09-27 00:00:00+00:00, run_after=2026-09-28 00:00:00+00:00
[2026-09-27T16:51:46.257+0000] {processor.py:208} INFO - Processing /opt/airflow/dags/medallion_dag.py took 1.421 seconds
[2026-09-27T16:52:16.746+0000] {processor.py:186} INFO - Started process (PID=246) to work on /opt/airflow/dags/medallion_dag.py
[2026-09-27T16:52:16.748+0000] {processor.py:914} INFO - Processing file /opt/airflow/dags/medallion_dag.py for tasks to queue
[2026-09-27T16:52:16.753+0000] {logging_mixin.py:190} INFO - [2026-09-27T16:52:16.753+0000] {dagbag.py:588} INFO - Filling up the DagBag from /opt/airflow/dags/medallion_dag.py
[2026-09-27T16:52:17.734+0000] {processor.py:925} INFO - DAG(s) 'medallion_pipeline' retrieved from /opt/airflow/dags/medallion_dag.py
[2026-09-27T16:52:17.806+0000] {logging_mixin.py:190} INFO - [2026-09-27T16:52:17.805+0000] {dag.py:3239} INFO - Sync 1 DAGs
[2026-09-27T16:52:17.843+0000] {logging_mixin.py:190} INFO - [2026-09-27T16:52:17.843+0000] {dag.py:4180} INFO - Setting next_dagrun for medallion_pipeline to 2026-09-27 00:00:00+00:00, run_after=2026-09-28 00:00:00+00:00
[2026-09-27T16:52:17.890+0000] {processor.py:208} INFO - Processing /opt/airflow/dags/medallion_dag.py took 1.152 seconds
[2026-09-27T16:52:48.478+0000] {processor.py:186} INFO - Started process (PID=251) to work on /opt/airflow/dags/medallion_dag.py
[2026-09-27T16:52:48.480+0000] {processor.py:914} INFO - Processing file /opt/airflow/dags/medallion_dag.py for tasks to queue
[2026-09-27T16:52:48.483+0000] {logging_mixin.py:190} INFO - [2026-09-27T16:52:48.483+0000] {dagbag.py:588} INFO - Filling up the DagBag from /opt/airflow/dags/medallion_dag.py
[2026-09-27T16:52:48.798+0000] {processor.py:925} INFO - DAG(s) 'medallion_pipeline' retrieved from /opt/airflow/dags/medallion_dag.py
[2026-09-27T16:52:48.836+0000] {logging_mixin.py:190} INFO - [2026-09-27T16:52:48.836+0000] {dag.py:3239} INFO - Sync 1 DAGs
[2026-09-27T16:52:49.084+0000] {logging_mixin.py:190} INFO - [2026-09-27T16:52:49.084+0000] {dag.py:4180} INFO - Setting next_dagrun for medallion_pipeline to 2026-09-27 00:00:00+00:00, run_after=2026-09-28 00:00:00+00:00
[2026-09-27T16:52:49.118+0000] {processor.py:208} INFO - Processing /opt/airflow/dags/medallion_dag.py took 0.649 seconds
[2026-09-27T16:53:19.766+0000] {processor.py:186} INFO - Started process (PID=256) to work on /opt/airflow/dags/medallion_dag.py
[2026-09-27T16:53:19.768+0000] {processor.py:914} INFO - Processing file /opt/airflow/dags/medallion_dag.py for tasks to queue
[2026-09-27T16:53:19.773+0000] {logging_mixin.py:190} INFO - [2026-09-27T16:53:19.773+0000] {dagbag.py:588} INFO - Filling up the DagBag from /opt/airflow/dags/medallion_dag.py
[2026-09-27T16:53:20.314+0000] {processor.py:925} INFO - DAG(s) 'medallion_pipeline' retrieved from /opt/airflow/dags/medallion_dag.py
[2026-09-27T16:53:20.375+0000] {logging_mixin.py:190} INFO - [2026-09-27T16:53:20.374+0000] {dag.py:3239} INFO - Sync 1 DAGs
[2026-09-27T16:53:20.719+0000] {logging_mixin.py:190} INFO - [2026-09-27T16:53:20.719+0000] {dag.py:4180} INFO - Setting next_dagrun for medallion_pipeline to 2026-09-27 00:00:00+00:00, run_after=2026-09-28 00:00:00+00:00
[2026-09-27T16:53:20.750+0000] {processor.py:208} INFO - Processing /opt/airflow/dags/medallion_dag.py took 0.995 seconds
[2026-09-27T16:53:51.340+0000] {processor.py:186} INFO - Started process (PID=272) to work on /opt/airflow/dags/medallion_dag.py
[2026-09-27T16:53:51.342+0000] {processor.py:914} INFO - Processing file /opt/airflow/dags/medallion_dag.py for tasks to queue
[2026-09-27T16:53:51.346+0000] {logging_mixin.py:190} INFO - [2026-09-27T16:53:51.346+0000] {dagbag.py:588} INFO - Filling up the DagBag from /opt/airflow/dags/medallion_dag.py
[2026-09-27T16:53:51.717+0000] {processor.py:925} INFO - DAG(s) 'medallion_pipeline' retrieved from /opt/airflow/dags/medallion_dag.py
[2026-09-27T16:53:51.934+0000] {logging_mixin.py:190} INFO - [2026-09-27T16:53:51.934+0000] {dag.py:3239} INFO - Sync 1 DAGs
[2026-09-27T16:53:51.961+0000] {logging_mixin.py:190} INFO - [2026-09-27T16:53:51.961+0000] {dag.py:4180} INFO - Setting next_dagrun for medallion_pipeline to 2026-09-27 00:00:00+00:00, run_after=2026-09-28 00:00:00+00:00
[2026-09-27T16:53:51.999+0000] {processor.py:208} INFO - Processing /opt/airflow/dags/medallion_dag.py took 0.668 seconds
[2026-09-27T16:54:22.796+0000] {processor.py:186} INFO - Started process (PID=277) to work on /opt/airflow/dags/medallion_dag.py
[2026-09-27T16:54:22.798+0000] {processor.py:914} INFO - Processing file /opt/airflow/dags/medallion_dag.py for tasks to queue
[2026-09-27T16:54:22.805+0000] {logging_mixin.py:190} INFO - [2026-09-27T16:54:22.804+0000] {dagbag.py:588} INFO - Filling up the DagBag from /opt/airflow/dags/medallion_dag.py
[2026-09-27T16:54:23.367+0000] {processor.py:925} INFO - DAG(s) 'medallion_pipeline' retrieved from /opt/airflow/dags/medallion_dag.py
[2026-09-27T16:54:23.395+0000] {logging_mixin.py:190} INFO - [2026-09-27T16:54:23.394+0000] {dag.py:3239} INFO - Sync 1 DAGs
[2026-09-27T16:54:23.427+0000] {logging_mixin.py:190} INFO - [2026-09-27T16:54:23.427+0000] {dag.py:4180} INFO - Setting next_dagrun for medallion_pipeline to 2026-09-27 00:00:00+00:00, run_after=2026-09-28 00:00:00+00:00
[2026-09-27T16:54:23.456+0000] {processor.py:208} INFO - Processing /opt/airflow/dags/medallion_dag.py took 0.677 seconds
[2026-09-27T16:54:53.611+0000] {processor.py:186} INFO - Started process (PID=282) to work on /opt/airflow/dags/medallion_dag.py
[2026-09-27T16:54:53.615+0000] {processor.py:914} INFO - Processing file /opt/airflow/dags/medallion_dag.py for tasks to queue
[2026-09-27T16:54:53.620+0000] {logging_mixin.py:190} INFO - [2026-09-27T16:54:53.619+0000] {dagbag.py:588} INFO - Filling up the DagBag from /opt/airflow/dags/medallion_dag.py
[2026-09-27T16:54:54.278+0000] {processor.py:925} INFO - DAG(s) 'medallion_pipeline' retrieved from /opt/airflow/dags/medallion_dag.py
[2026-09-27T16:54:54.315+0000] {logging_mixin.py:190} INFO - [2026-09-27T16:54:54.315+0000] {dag.py:3239} INFO - Sync 1 DAGs
[2026-09-27T16:54:54.350+0000] {logging_mixin.py:190} INFO - [2026-09-27T16:54:54.349+0000] {dag.py:4180} INFO - Setting next_dagrun for medallion_pipeline to 2026-09-27 00:00:00+00:00, run_after=2026-09-28 00:00:00+00:00
[2026-09-27T16:54:54.373+0000] {processor.py:208} INFO - Processing /opt/airflow/dags/medallion_dag.py took 0.772 seconds
[2026-09-27T16:55:24.905+0000] {processor.py:186} INFO - Started process (PID=287) to work on /opt/airflow/dags/medallion_dag.py
[2026-09-27T16:55:24.908+0000] {processor.py:914} INFO - Processing file /opt/airflow/dags/medallion_dag.py for tasks to queue
[2026-09-27T16:55:24.914+0000] {logging_mixin.py:190} INFO - [2026-09-27T16:55:24.914+0000] {dagbag.py:588} INFO - Filling up the DagBag from /opt/airflow/dags/medallion_dag.py
[2026-09-27T16:55:25.631+0000] {processor.py:925} INFO - DAG(s) 'medallion_pipeline' retrieved from /opt/airflow/dags/medallion_dag.py
[2026-09-27T16:55:25.663+0000] {logging_mixin.py:190} INFO - [2026-09-27T16:55:25.663+0000] {dag.py:3239} INFO - Sync 1 DAGs
[2026-09-27T16:55:25.694+0000] {logging_mixin.py:190} INFO - [2026-09-27T16:55:25.693+0000] {dag.py:4180} INFO - Setting next_dagrun for medallion_pipeline to 2026-09-27 00:00:00+00:00, run_after=2026-09-28 00:00:00+00:00
[2026-09-27T16:55:25.716+0000] {processor.py:208} INFO - Processing /opt/airflow/dags/medallion_dag.py took 0.819 seconds
[2026-09-27T16:55:56.364+0000] {processor.py:186} INFO - Started process (PID=303) to work on /opt/airflow/dags/medallion_dag.py
[2026-09-27T16:55:56.366+0000] {processor.py:914} INFO - Processing file /opt/airflow/dags/medallion_dag.py for tasks to queue
[2026-09-27T16:55:56.371+0000] {logging_mixin.py:190} INFO - [2026-09-27T16:55:56.370+0000] {dagbag.py:588} INFO - Filling up the DagBag from /opt/airflow/dags/medallion_dag.py
[2026-09-27T16:55:56.724+0000] {processor.py:925} INFO - DAG(s) 'medallion_pipeline' retrieved from /opt/airflow/dags/medallion_dag.py
[2026-09-27T16:55:56.757+0000] {logging_mixin.py:190} INFO - [2026-09-27T16:55:56.757+0000] {dag.py:3239} INFO - Sync 1 DAGs
[2026-09-27T16:55:57.038+0000] {logging_mixin.py:190} INFO - [2026-09-27T16:55:57.038+0000] {dag.py:4180} INFO - Setting next_dagrun for medallion_pipeline to 2026-09-27 00:00:00+00:00, run_after=2026-09-28 00:00:00+00:00
[2026-09-27T16:55:57.072+0000] {processor.py:208} INFO - Processing /opt/airflow/dags/medallion_dag.py took 0.718 seconds
[2026-09-27T16:56:27.363+0000] {processor.py:186} INFO - Started process (PID=308) to work on /opt/airflow/dags/medallion_dag.py
[2026-09-27T16:56:27.365+0000] {processor.py:914} INFO - Processing file /opt/airflow/dags/medallion_dag.py for tasks to queue
[2026-09-27T16:56:27.369+0000] {logging_mixin.py:190} INFO - [2026-09-27T16:56:27.369+0000] {dagbag.py:588} INFO - Filling up the DagBag from /opt/airflow/dags/medallion_dag.py
[2026-09-27T16:56:27.647+0000] {processor.py:925} INFO - DAG(s) 'medallion_pipeline' retrieved from /opt/airflow/dags/medallion_dag.py
[2026-09-27T16:56:27.684+0000] {logging_mixin.py:190} INFO - [2026-09-27T16:56:27.684+0000] {dag.py:3239} INFO - Sync 1 DAGs
[2026-09-27T16:56:27.897+0000] {logging_mixin.py:190} INFO - [2026-09-27T16:56:27.897+0000] {dag.py:4180} INFO - Setting next_dagrun for medallion_pipeline to 2026-09-27 00:00:00+00:00, run_after=2026-09-28 00:00:00+00:00
[2026-09-27T16:56:27.926+0000] {processor.py:208} INFO - Processing /opt/airflow/dags/medallion_dag.py took 0.572 seconds
[2026-09-27T16:56:58.370+0000] {processor.py:186} INFO - Started process (PID=313) to work on /opt/airflow/dags/medallion_dag.py
[2026-09-27T16:56:58.374+0000] {processor.py:914} INFO - Processing file /opt/airflow/dags/medallion_dag.py for tasks to queue
[2026-09-27T16:56:58.379+0000] {logging_mixin.py:190} INFO - [2026-09-27T16:56:58.379+0000] {dagbag.py:588} INFO - Filling up the DagBag from /opt/airflow/dags/medallion_dag.py
[2026-09-27T16:56:59.205+0000] {processor.py:925} INFO - DAG(s) 'medallion_pipeline' retrieved from /opt/airflow/dags/medallion_dag.py
[2026-09-27T16:56:59.530+0000] {logging_mixin.py:190} INFO - [2026-09-27T16:56:59.529+0000] {dag.py:3239} INFO - Sync 1 DAGs
[2026-09-27T16:56:59.582+0000] {logging_mixin.py:190} INFO - [2026-09-27T16:56:59.581+0000] {dag.py:4180} INFO - Setting next_dagrun for medallion_pipeline to 2026-09-27 00:00:00+00:00, run_after=2026-09-28 00:00:00+00:00
[2026-09-27T16:56:59.630+0000] {processor.py:208} INFO - Processing /opt/airflow/dags/medallion_dag.py took 1.270 seconds
[2026-09-27T16:57:30.081+0000] {processor.py:186} INFO - Started process (PID=361) to work on /opt/airflow/dags/medallion_dag.py
[2026-09-27T16:57:30.084+0000] {processor.py:914} INFO - Processing file /opt/airflow/dags/medallion_dag.py for tasks to queue
[2026-09-27T16:57:30.096+0000] {logging_mixin.py:190} INFO - [2026-09-27T16:57:30.094+0000] {dagbag.py:588} INFO - Filling up the DagBag from /opt/airflow/dags/medallion_dag.py
[2026-09-27T16:57:31.159+0000] {processor.py:925} INFO - DAG(s) 'medallion_pipeline' retrieved from /opt/airflow/dags/medallion_dag.py
[2026-09-27T16:57:31.218+0000] {logging_mixin.py:190} INFO - [2026-09-27T16:57:31.218+0000] {dag.py:3239} INFO - Sync 1 DAGs
[2026-09-27T16:57:31.270+0000] {logging_mixin.py:190} INFO - [2026-09-27T16:57:31.269+0000] {dag.py:4180} INFO - Setting next_dagrun for medallion_pipeline to 2026-09-27 00:00:00+00:00, run_after=2026-09-28 00:00:00+00:00
[2026-09-27T16:57:31.312+0000] {processor.py:208} INFO - Processing /opt/airflow/dags/medallion_dag.py took 1.246 seconds
[2026-09-27T16:58:01.755+0000] {processor.py:186} INFO - Started process (PID=403) to work on /opt/airflow/dags/medallion_dag.py
[2026-09-27T16:58:01.764+0000] {processor.py:914} INFO - Processing file /opt/airflow/dags/medallion_dag.py for tasks to queue
[2026-09-27T16:58:01.781+0000] {logging_mixin.py:190} INFO - [2026-09-27T16:58:01.779+0000] {dagbag.py:588} INFO - Filling up the DagBag from /opt/airflow/dags/medallion_dag.py
[2026-09-27T16:58:02.965+0000] {processor.py:925} INFO - DAG(s) 'medallion_pipeline' retrieved from /opt/airflow/dags/medallion_dag.py
[2026-09-27T16:58:03.022+0000] {logging_mixin.py:190} INFO - [2026-09-27T16:58:03.022+0000] {dag.py:3239} INFO - Sync 1 DAGs
[2026-09-27T16:58:03.084+0000] {logging_mixin.py:190} INFO - [2026-09-27T16:58:03.083+0000] {dag.py:4180} INFO - Setting next_dagrun for medallion_pipeline to 2026-09-27 00:00:00+00:00, run_after=2026-09-28 00:00:00+00:00
[2026-09-27T16:58:03.129+0000] {processor.py:208} INFO - Processing /opt/airflow/dags/medallion_dag.py took 1.390 seconds
[2026-09-27T16:58:33.934+0000] {processor.py:186} INFO - Started process (PID=408) to work on /opt/airflow/dags/medallion_dag.py
[2026-09-27T16:58:33.948+0000] {processor.py:914} INFO - Processing file /opt/airflow/dags/medallion_dag.py for tasks to queue
[2026-09-27T16:58:33.969+0000] {logging_mixin.py:190} INFO - [2026-09-27T16:58:33.969+0000] {dagbag.py:588} INFO - Filling up the DagBag from /opt/airflow/dags/medallion_dag.py
[2026-09-27T16:58:36.671+0000] {processor.py:925} INFO - DAG(s) 'medallion_pipeline' retrieved from /opt/airflow/dags/medallion_dag.py
[2026-09-27T16:58:36.722+0000] {logging_mixin.py:190} INFO - [2026-09-27T16:58:36.722+0000] {dag.py:3239} INFO - Sync 1 DAGs
[2026-09-27T16:58:36.773+0000] {logging_mixin.py:190} INFO - [2026-09-27T16:58:36.773+0000] {dag.py:4180} INFO - Setting next_dagrun for medallion_pipeline to 2026-09-27 00:00:00+00:00, run_after=2026-09-28 00:00:00+00:00
[2026-09-27T16:58:36.877+0000] {processor.py:208} INFO - Processing /opt/airflow/dags/medallion_dag.py took 2.960 seconds
[2026-09-27T16:59:07.329+0000] {processor.py:186} INFO - Started process (PID=424) to work on /opt/airflow/dags/medallion_dag.py
[2026-09-27T16:59:07.334+0000] {processor.py:914} INFO - Processing file /opt/airflow/dags/medallion_dag.py for tasks to queue
[2026-09-27T16:59:07.342+0000] {logging_mixin.py:190} INFO - [2026-09-27T16:59:07.341+0000] {dagbag.py:588} INFO - Filling up the DagBag from /opt/airflow/dags/medallion_dag.py
[2026-09-27T16:59:08.171+0000] {processor.py:925} INFO - DAG(s) 'medallion_pipeline' retrieved from /opt/airflow/dags/medallion_dag.py
[2026-09-27T16:59:08.233+0000] {logging_mixin.py:190} INFO - [2026-09-27T16:59:08.232+0000] {dag.py:3239} INFO - Sync 1 DAGs
[2026-09-27T16:59:08.622+0000] {logging_mixin.py:190} INFO - [2026-09-27T16:59:08.622+0000] {dag.py:4180} INFO - Setting next_dagrun for medallion_pipeline to 2026-09-27 00:00:00+00:00, run_after=2026-09-28 00:00:00+00:00
[2026-09-27T16:59:08.655+0000] {processor.py:208} INFO - Processing /opt/airflow/dags/medallion_dag.py took 1.346 seconds
[2026-09-27T16:59:39.057+0000] {processor.py:186} INFO - Started process (PID=429) to work on /opt/airflow/dags/medallion_dag.py
[2026-09-27T16:59:39.060+0000] {processor.py:914} INFO - Processing file /opt/airflow/dags/medallion_dag.py for tasks to queue
[2026-09-27T16:59:39.065+0000] {logging_mixin.py:190} INFO - [2026-09-27T16:59:39.065+0000] {dagbag.py:588} INFO - Filling up the DagBag from /opt/airflow/dags/medallion_dag.py
[2026-09-27T16:59:40.112+0000] {processor.py:925} INFO - DAG(s) 'medallion_pipeline' retrieved from /opt/airflow/dags/medallion_dag.py
[2026-09-27T16:59:40.474+0000] {logging_mixin.py:190} INFO - [2026-09-27T16:59:40.474+0000] {dag.py:3239} INFO - Sync 1 DAGs
[2026-09-27T16:59:40.510+0000] {logging_mixin.py:190} INFO - [2026-09-27T16:59:40.510+0000] {dag.py:4180} INFO - Setting next_dagrun for medallion_pipeline to 2026-09-27 00:00:00+00:00, run_after=2026-09-28 00:00:00+00:00
[2026-09-27T16:59:40.550+0000] {processor.py:208} INFO - Processing /opt/airflow/dags/medallion_dag.py took 1.505 seconds
[2026-09-27T17:00:11.224+0000] {processor.py:186} INFO - Started process (PID=434) to work on /opt/airflow/dags/medallion_dag.py
[2026-09-27T17:00:11.246+0000] {processor.py:914} INFO - Processing file /opt/airflow/dags/medallion_dag.py for tasks to queue
[2026-09-27T17:00:11.273+0000] {logging_mixin.py:190} INFO - [2026-09-27T17:00:11.273+0000] {dagbag.py:588} INFO - Filling up the DagBag from /opt/airflow/dags/medallion_dag.py
[2026-09-27T17:00:13.788+0000] {processor.py:925} INFO - DAG(s) 'medallion_pipeline' retrieved from /opt/airflow/dags/medallion_dag.py
[2026-09-27T17:00:14.142+0000] {logging_mixin.py:190} INFO - [2026-09-27T17:00:14.142+0000] {dag.py:3239} INFO - Sync 1 DAGs
[2026-09-27T17:00:14.187+0000] {logging_mixin.py:190} INFO - [2026-09-27T17:00:14.187+0000] {dag.py:4180} INFO - Setting next_dagrun for medallion_pipeline to 2026-09-27 00:00:00+00:00, run_after=2026-09-28 00:00:00+00:00
[2026-09-27T17:00:14.244+0000] {processor.py:208} INFO - Processing /opt/airflow/dags/medallion_dag.py took 3.043 seconds
[2026-09-27T17:00:45.300+0000] {processor.py:186} INFO - Started process (PID=439) to work on /opt/airflow/dags/medallion_dag.py
[2026-09-27T17:00:45.322+0000] {processor.py:914} INFO - Processing file /opt/airflow/dags/medallion_dag.py for tasks to queue
[2026-09-27T17:00:45.358+0000] {logging_mixin.py:190} INFO - [2026-09-27T17:00:45.358+0000] {dagbag.py:588} INFO - Filling up the DagBag from /opt/airflow/dags/medallion_dag.py
[2026-09-27T17:00:48.113+0000] {processor.py:925} INFO - DAG(s) 'medallion_pipeline' retrieved from /opt/airflow/dags/medallion_dag.py
[2026-09-27T17:00:48.194+0000] {logging_mixin.py:190} INFO - [2026-09-27T17:00:48.194+0000] {dag.py:3239} INFO - Sync 1 DAGs
[2026-09-27T17:00:48.262+0000] {logging_mixin.py:190} INFO - [2026-09-27T17:00:48.261+0000] {dag.py:4180} INFO - Setting next_dagrun for medallion_pipeline to 2026-09-27 00:00:00+00:00, run_after=2026-09-28 00:00:00+00:00
[2026-09-27T17:00:48.323+0000] {processor.py:208} INFO - Processing /opt/airflow/dags/medallion_dag.py took 3.033 seconds
[2026-09-27T17:01:18.972+0000] {processor.py:186} INFO - Started process (PID=444) to work on /opt/airflow/dags/medallion_dag.py
[2026-09-27T17:01:18.980+0000] {processor.py:914} INFO - Processing file /opt/airflow/dags/medallion_dag.py for tasks to queue
[2026-09-27T17:01:18.998+0000] {logging_mixin.py:190} INFO - [2026-09-27T17:01:18.997+0000] {dagbag.py:588} INFO - Filling up the DagBag from /opt/airflow/dags/medallion_dag.py
[2026-09-27T17:01:22.271+0000] {processor.py:925} INFO - DAG(s) 'medallion_pipeline' retrieved from /opt/airflow/dags/medallion_dag.py
[2026-09-27T17:01:22.314+0000] {logging_mixin.py:190} INFO - [2026-09-27T17:01:22.313+0000] {dag.py:3239} INFO - Sync 1 DAGs
[2026-09-27T17:01:22.356+0000] {logging_mixin.py:190} INFO - [2026-09-27T17:01:22.356+0000] {dag.py:4180} INFO - Setting next_dagrun for medallion_pipeline to 2026-09-27 00:00:00+00:00, run_after=2026-09-28 00:00:00+00:00
[2026-09-27T17:01:22.407+0000] {processor.py:208} INFO - Processing /opt/airflow/dags/medallion_dag.py took 3.459 seconds
[2026-09-27T17:01:52.847+0000] {processor.py:186} INFO - Started process (PID=449) to work on /opt/airflow/dags/medallion_dag.py
[2026-09-27T17:01:52.856+0000] {processor.py:914} INFO - Processing file /opt/airflow/dags/medallion_dag.py for tasks to queue
[2026-09-27T17:01:52.865+0000] {logging_mixin.py:190} INFO - [2026-09-27T17:01:52.864+0000] {dagbag.py:588} INFO - Filling up the DagBag from /opt/airflow/dags/medallion_dag.py
[2026-09-27T17:01:53.627+0000] {processor.py:925} INFO - DAG(s) 'medallion_pipeline' retrieved from /opt/airflow/dags/medallion_dag.py
[2026-09-27T17:01:53.680+0000] {logging_mixin.py:190} INFO - [2026-09-27T17:01:53.680+0000] {dag.py:3239} INFO - Sync 1 DAGs
[2026-09-27T17:01:53.985+0000] {logging_mixin.py:190} INFO - [2026-09-27T17:01:53.985+0000] {dag.py:4180} INFO - Setting next_dagrun for medallion_pipeline to 2026-09-27 00:00:00+00:00, run_after=2026-09-28 00:00:00+00:00
[2026-09-27T17:01:54.029+0000] {processor.py:208} INFO - Processing /opt/airflow/dags/medallion_dag.py took 1.197 seconds
[2026-09-27T17:02:24.787+0000] {processor.py:186} INFO - Started process (PID=454) to work on /opt/airflow/dags/medallion_dag.py
[2026-09-27T17:02:24.794+0000] {processor.py:914} INFO - Processing file /opt/airflow/dags/medallion_dag.py for tasks to queue
[2026-09-27T17:02:24.829+0000] {logging_mixin.py:190} INFO - [2026-09-27T17:02:24.828+0000] {dagbag.py:588} INFO - Filling up the DagBag from /opt/airflow/dags/medallion_dag.py
[2026-09-27T17:02:30.223+0000] {processor.py:925} INFO - DAG(s) 'medallion_pipeline' retrieved from /opt/airflow/dags/medallion_dag.py
[2026-09-27T17:02:30.286+0000] {logging_mixin.py:190} INFO - [2026-09-27T17:02:30.285+0000] {dag.py:3239} INFO - Sync 1 DAGs
[2026-09-27T17:02:30.589+0000] {logging_mixin.py:190} INFO - [2026-09-27T17:02:30.589+0000] {dag.py:4180} INFO - Setting next_dagrun for medallion_pipeline to 2026-09-27 00:00:00+00:00, run_after=2026-09-28 00:00:00+00:00
[2026-09-27T17:02:30.630+0000] {processor.py:208} INFO - Processing /opt/airflow/dags/medallion_dag.py took 5.855 seconds
[2026-09-27T17:03:01.165+0000] {processor.py:186} INFO - Started process (PID=459) to work on /opt/airflow/dags/medallion_dag.py
[2026-09-27T17:03:01.201+0000] {processor.py:914} INFO - Processing file /opt/airflow/dags/medallion_dag.py for tasks to queue
[2026-09-27T17:03:01.236+0000] {logging_mixin.py:190} INFO - [2026-09-27T17:03:01.235+0000] {dagbag.py:588} INFO - Filling up the DagBag from /opt/airflow/dags/medallion_dag.py
[2026-09-27T17:03:03.032+0000] {processor.py:925} INFO - DAG(s) 'medallion_pipeline' retrieved from /opt/airflow/dags/medallion_dag.py
[2026-09-27T17:03:03.348+0000] {logging_mixin.py:190} INFO - [2026-09-27T17:03:03.348+0000] {dag.py:3239} INFO - Sync 1 DAGs
[2026-09-27T17:03:03.388+0000] {logging_mixin.py:190} INFO - [2026-09-27T17:03:03.388+0000] {dag.py:4180} INFO - Setting next_dagrun for medallion_pipeline to 2026-09-27 00:00:00+00:00, run_after=2026-09-28 00:00:00+00:00
[2026-09-27T17:03:03.434+0000] {processor.py:208} INFO - Processing /opt/airflow/dags/medallion_dag.py took 2.281 seconds
[2026-09-27T17:03:35.545+0000] {processor.py:186} INFO - Started process (PID=464) to work on /opt/airflow/dags/medallion_dag.py
[2026-09-27T17:03:35.591+0000] {processor.py:914} INFO - Processing file /opt/airflow/dags/medallion_dag.py for tasks to queue
[2026-09-27T17:03:35.653+0000] {logging_mixin.py:190} INFO - [2026-09-27T17:03:35.652+0000] {dagbag.py:588} INFO - Filling up the DagBag from /opt/airflow/dags/medallion_dag.py
[2026-09-27T17:03:43.094+0000] {processor.py:925} INFO - DAG(s) 'medallion_pipeline' retrieved from /opt/airflow/dags/medallion_dag.py
[2026-09-27T17:03:43.138+0000] {logging_mixin.py:190} INFO - [2026-09-27T17:03:43.138+0000] {dag.py:3239} INFO - Sync 1 DAGs
[2026-09-27T17:03:43.178+0000] {logging_mixin.py:190} INFO - [2026-09-27T17:03:43.177+0000] {dag.py:4180} INFO - Setting next_dagrun for medallion_pipeline to 2026-09-27 00:00:00+00:00, run_after=2026-09-28 00:00:00+00:00
[2026-09-27T17:03:43.229+0000] {processor.py:208} INFO - Processing /opt/airflow/dags/medallion_dag.py took 7.709 seconds
[2026-09-27T17:04:52.051+0000] {processor.py:186} INFO - Started process (PID=175) to work on /opt/airflow/dags/medallion_dag.py
[2026-09-27T17:04:52.059+0000] {processor.py:914} INFO - Processing file /opt/airflow/dags/medallion_dag.py for tasks to queue
[2026-09-27T17:04:52.065+0000] {logging_mixin.py:190} INFO - [2026-09-27T17:04:52.064+0000] {dagbag.py:588} INFO - Filling up the DagBag from /opt/airflow/dags/medallion_dag.py
[2026-09-27T17:04:54.069+0000] {processor.py:925} INFO - DAG(s) 'medallion_pipeline' retrieved from /opt/airflow/dags/medallion_dag.py
[2026-09-27T17:04:54.161+0000] {logging_mixin.py:190} INFO - [2026-09-27T17:04:54.160+0000] {dag.py:3239} INFO - Sync 1 DAGs
[2026-09-27T17:04:54.239+0000] {logging_mixin.py:190} INFO - [2026-09-27T17:04:54.239+0000] {dag.py:4180} INFO - Setting next_dagrun for medallion_pipeline to 2026-09-27 00:00:00+00:00, run_after=2026-09-28 00:00:00+00:00
[2026-09-27T17:04:54.302+0000] {processor.py:208} INFO - Processing /opt/airflow/dags/medallion_dag.py took 2.262 seconds
[2026-09-27T17:05:24.720+0000] {processor.py:186} INFO - Started process (PID=180) to work on /opt/airflow/dags/medallion_dag.py
[2026-09-27T17:05:24.728+0000] {processor.py:914} INFO - Processing file /opt/airflow/dags/medallion_dag.py for tasks to queue
[2026-09-27T17:05:24.735+0000] {logging_mixin.py:190} INFO - [2026-09-27T17:05:24.734+0000] {dagbag.py:588} INFO - Filling up the DagBag from /opt/airflow/dags/medallion_dag.py
[2026-09-27T17:05:25.860+0000] {processor.py:925} INFO - DAG(s) 'medallion_pipeline' retrieved from /opt/airflow/dags/medallion_dag.py
[2026-09-27T17:05:25.920+0000] {logging_mixin.py:190} INFO - [2026-09-27T17:05:25.920+0000] {dag.py:3239} INFO - Sync 1 DAGs
[2026-09-27T17:05:25.983+0000] {logging_mixin.py:190} INFO - [2026-09-27T17:05:25.982+0000] {dag.py:4180} INFO - Setting next_dagrun for medallion_pipeline to 2026-09-27 00:00:00+00:00, run_after=2026-09-28 00:00:00+00:00
[2026-09-27T17:05:26.037+0000] {processor.py:208} INFO - Processing /opt/airflow/dags/medallion_dag.py took 1.337 seconds
[2026-09-27T17:05:56.609+0000] {processor.py:186} INFO - Started process (PID=185) to work on /opt/airflow/dags/medallion_dag.py
[2026-09-27T17:05:56.612+0000] {processor.py:914} INFO - Processing file /opt/airflow/dags/medallion_dag.py for tasks to queue
[2026-09-27T17:05:56.618+0000] {logging_mixin.py:190} INFO - [2026-09-27T17:05:56.618+0000] {dagbag.py:588} INFO - Filling up the DagBag from /opt/airflow/dags/medallion_dag.py
[2026-09-27T17:05:57.387+0000] {processor.py:925} INFO - DAG(s) 'medallion_pipeline' retrieved from /opt/airflow/dags/medallion_dag.py
[2026-09-27T17:05:57.440+0000] {logging_mixin.py:190} INFO - [2026-09-27T17:05:57.439+0000] {dag.py:3239} INFO - Sync 1 DAGs
[2026-09-27T17:05:57.486+0000] {logging_mixin.py:190} INFO - [2026-09-27T17:05:57.486+0000] {dag.py:4180} INFO - Setting next_dagrun for medallion_pipeline to 2026-09-27 00:00:00+00:00, run_after=2026-09-28 00:00:00+00:00
[2026-09-27T17:05:57.523+0000] {processor.py:208} INFO - Processing /opt/airflow/dags/medallion_dag.py took 0.923 seconds
[2026-09-27T17:06:28.066+0000] {processor.py:186} INFO - Started process (PID=215) to work on /opt/airflow/dags/medallion_dag.py
[2026-09-27T17:06:28.070+0000] {processor.py:914} INFO - Processing file /opt/airflow/dags/medallion_dag.py for tasks to queue
[2026-09-27T17:06:28.080+0000] {logging_mixin.py:190} INFO - [2026-09-27T17:06:28.076+0000] {dagbag.py:588} INFO - Filling up the DagBag from /opt/airflow/dags/medallion_dag.py
[2026-09-27T17:06:28.764+0000] {processor.py:925} INFO - DAG(s) 'medallion_pipeline' retrieved from /opt/airflow/dags/medallion_dag.py
[2026-09-27T17:06:28.822+0000] {logging_mixin.py:190} INFO - [2026-09-27T17:06:28.821+0000] {dag.py:3239} INFO - Sync 1 DAGs
[2026-09-27T17:06:28.864+0000] {logging_mixin.py:190} INFO - [2026-09-27T17:06:28.864+0000] {dag.py:4180} INFO - Setting next_dagrun for medallion_pipeline to 2026-09-27 00:00:00+00:00, run_after=2026-09-28 00:00:00+00:00
[2026-09-27T17:06:28.903+0000] {processor.py:208} INFO - Processing /opt/airflow/dags/medallion_dag.py took 0.848 seconds
[2026-09-27T17:06:59.689+0000] {processor.py:186} INFO - Started process (PID=220) to work on /opt/airflow/dags/medallion_dag.py
[2026-09-27T17:06:59.702+0000] {processor.py:914} INFO - Processing file /opt/airflow/dags/medallion_dag.py for tasks to queue
[2026-09-27T17:06:59.721+0000] {logging_mixin.py:190} INFO - [2026-09-27T17:06:59.720+0000] {dagbag.py:588} INFO - Filling up the DagBag from /opt/airflow/dags/medallion_dag.py
[2026-09-27T17:07:04.128+0000] {processor.py:925} INFO - DAG(s) 'medallion_pipeline' retrieved from /opt/airflow/dags/medallion_dag.py
[2026-09-27T17:07:04.195+0000] {logging_mixin.py:190} INFO - [2026-09-27T17:07:04.195+0000] {dag.py:3239} INFO - Sync 1 DAGs
[2026-09-27T17:07:04.258+0000] {logging_mixin.py:190} INFO - [2026-09-27T17:07:04.258+0000] {dag.py:4180} INFO - Setting next_dagrun for medallion_pipeline to 2026-09-27 00:00:00+00:00, run_after=2026-09-28 00:00:00+00:00
[2026-09-27T17:07:04.321+0000] {processor.py:208} INFO - Processing /opt/airflow/dags/medallion_dag.py took 4.652 seconds
[2026-09-27T17:07:34.633+0000] {processor.py:186} INFO - Started process (PID=225) to work on /opt/airflow/dags/medallion_dag.py
[2026-09-27T17:07:34.645+0000] {processor.py:914} INFO - Processing file /opt/airflow/dags/medallion_dag.py for tasks to queue
[2026-09-27T17:07:34.666+0000] {logging_mixin.py:190} INFO - [2026-09-27T17:07:34.663+0000] {dagbag.py:588} INFO - Filling up the DagBag from /opt/airflow/dags/medallion_dag.py
[2026-09-27T17:07:37.373+0000] {processor.py:925} INFO - DAG(s) 'medallion_pipeline' retrieved from /opt/airflow/dags/medallion_dag.py
[2026-09-27T17:07:37.439+0000] {logging_mixin.py:190} INFO - [2026-09-27T17:07:37.439+0000] {dag.py:3239} INFO - Sync 1 DAGs
[2026-09-27T17:07:37.493+0000] {logging_mixin.py:190} INFO - [2026-09-27T17:07:37.493+0000] {dag.py:4180} INFO - Setting next_dagrun for medallion_pipeline to 2026-09-27 00:00:00+00:00, run_after=2026-09-28 00:00:00+00:00
[2026-09-27T17:07:37.566+0000] {processor.py:208} INFO - Processing /opt/airflow/dags/medallion_dag.py took 2.954 seconds
[2026-09-27T17:08:08.769+0000] {processor.py:186} INFO - Started process (PID=230) to work on /opt/airflow/dags/medallion_dag.py
[2026-09-27T17:08:08.782+0000] {processor.py:914} INFO - Processing file /opt/airflow/dags/medallion_dag.py for tasks to queue
[2026-09-27T17:08:08.799+0000] {logging_mixin.py:190} INFO - [2026-09-27T17:08:08.798+0000] {dagbag.py:588} INFO - Filling up the DagBag from /opt/airflow/dags/medallion_dag.py
[2026-09-27T17:08:10.906+0000] {processor.py:925} INFO - DAG(s) 'medallion_pipeline' retrieved from /opt/airflow/dags/medallion_dag.py
[2026-09-27T17:08:10.967+0000] {logging_mixin.py:190} INFO - [2026-09-27T17:08:10.966+0000] {dag.py:3239} INFO - Sync 1 DAGs
[2026-09-27T17:08:11.023+0000] {logging_mixin.py:190} INFO - [2026-09-27T17:08:11.023+0000] {dag.py:4180} INFO - Setting next_dagrun for medallion_pipeline to 2026-09-27 00:00:00+00:00, run_after=2026-09-28 00:00:00+00:00
[2026-09-27T17:08:11.344+0000] {processor.py:208} INFO - Processing /opt/airflow/dags/medallion_dag.py took 2.589 seconds
[2026-09-27T17:08:42.274+0000] {processor.py:186} INFO - Started process (PID=235) to work on /opt/airflow/dags/medallion_dag.py
[2026-09-27T17:08:42.277+0000] {processor.py:914} INFO - Processing file /opt/airflow/dags/medallion_dag.py for tasks to queue
[2026-09-27T17:08:42.292+0000] {logging_mixin.py:190} INFO - [2026-09-27T17:08:42.291+0000] {dagbag.py:588} INFO - Filling up the DagBag from /opt/airflow/dags/medallion_dag.py
[2026-09-27T17:08:44.196+0000] {processor.py:925} INFO - DAG(s) 'medallion_pipeline' retrieved from /opt/airflow/dags/medallion_dag.py
[2026-09-27T17:08:44.301+0000] {logging_mixin.py:190} INFO - [2026-09-27T17:08:44.300+0000] {dag.py:3239} INFO - Sync 1 DAGs
[2026-09-27T17:08:44.638+0000] {logging_mixin.py:190} INFO - [2026-09-27T17:08:44.638+0000] {dag.py:4180} INFO - Setting next_dagrun for medallion_pipeline to 2026-09-27 00:00:00+00:00, run_after=2026-09-28 00:00:00+00:00
[2026-09-27T17:08:44.690+0000] {processor.py:208} INFO - Processing /opt/airflow/dags/medallion_dag.py took 2.437 seconds
[2026-09-27T17:09:15.097+0000] {processor.py:186} INFO - Started process (PID=240) to work on /opt/airflow/dags/medallion_dag.py
[2026-09-27T17:09:15.106+0000] {processor.py:914} INFO - Processing file /opt/airflow/dags/medallion_dag.py for tasks to queue
[2026-09-27T17:09:15.128+0000] {logging_mixin.py:190} INFO - [2026-09-27T17:09:15.127+0000] {dagbag.py:588} INFO - Filling up the DagBag from /opt/airflow/dags/medallion_dag.py
[2026-09-27T17:09:16.968+0000] {processor.py:925} INFO - DAG(s) 'medallion_pipeline' retrieved from /opt/airflow/dags/medallion_dag.py
[2026-09-27T17:09:17.047+0000] {logging_mixin.py:190} INFO - [2026-09-27T17:09:17.046+0000] {dag.py:3239} INFO - Sync 1 DAGs
[2026-09-27T17:09:17.364+0000] {logging_mixin.py:190} INFO - [2026-09-27T17:09:17.364+0000] {dag.py:4180} INFO - Setting next_dagrun for medallion_pipeline to 2026-09-27 00:00:00+00:00, run_after=2026-09-28 00:00:00+00:00
[2026-09-27T17:09:17.429+0000] {processor.py:208} INFO - Processing /opt/airflow/dags/medallion_dag.py took 2.349 seconds
[2026-09-27T17:09:48.627+0000] {processor.py:186} INFO - Started process (PID=245) to work on /opt/airflow/dags/medallion_dag.py
[2026-09-27T17:09:48.633+0000] {processor.py:914} INFO - Processing file /opt/airflow/dags/medallion_dag.py for tasks to queue
[2026-09-27T17:09:48.650+0000] {logging_mixin.py:190} INFO - [2026-09-27T17:09:48.649+0000] {dagbag.py:588} INFO - Filling up the DagBag from /opt/airflow/dags/medallion_dag.py
[2026-09-27T17:09:51.328+0000] {processor.py:925} INFO - DAG(s) 'medallion_pipeline' retrieved from /opt/airflow/dags/medallion_dag.py
[2026-09-27T17:09:51.731+0000] {logging_mixin.py:190} INFO - [2026-09-27T17:09:51.730+0000] {dag.py:3239} INFO - Sync 1 DAGs
[2026-09-27T17:09:51.771+0000] {logging_mixin.py:190} INFO - [2026-09-27T17:09:51.771+0000] {dag.py:4180} INFO - Setting next_dagrun for medallion_pipeline to 2026-09-27 00:00:00+00:00, run_after=2026-09-28 00:00:00+00:00
[2026-09-27T17:09:51.822+0000] {processor.py:208} INFO - Processing /opt/airflow/dags/medallion_dag.py took 3.206 seconds
[2026-09-27T17:10:22.912+0000] {processor.py:186} INFO - Started process (PID=250) to work on /opt/airflow/dags/medallion_dag.py
[2026-09-27T17:10:22.926+0000] {processor.py:914} INFO - Processing file /opt/airflow/dags/medallion_dag.py for tasks to queue
[2026-09-27T17:10:22.944+0000] {logging_mixin.py:190} INFO - [2026-09-27T17:10:22.943+0000] {dagbag.py:588} INFO - Filling up the DagBag from /opt/airflow/dags/medallion_dag.py
[2026-09-27T17:10:25.851+0000] {processor.py:925} INFO - DAG(s) 'medallion_pipeline' retrieved from /opt/airflow/dags/medallion_dag.py
[2026-09-27T17:10:25.896+0000] {logging_mixin.py:190} INFO - [2026-09-27T17:10:25.895+0000] {dag.py:3239} INFO - Sync 1 DAGs
[2026-09-27T17:10:25.951+0000] {logging_mixin.py:190} INFO - [2026-09-27T17:10:25.950+0000] {dag.py:4180} INFO - Setting next_dagrun for medallion_pipeline to 2026-09-27 00:00:00+00:00, run_after=2026-09-28 00:00:00+00:00
[2026-09-27T17:10:25.999+0000] {processor.py:208} INFO - Processing /opt/airflow/dags/medallion_dag.py took 3.110 seconds
[2026-09-27T17:10:56.640+0000] {processor.py:186} INFO - Started process (PID=255) to work on /opt/airflow/dags/medallion_dag.py
[2026-09-27T17:10:56.644+0000] {processor.py:914} INFO - Processing file /opt/airflow/dags/medallion_dag.py for tasks to queue
[2026-09-27T17:10:56.659+0000] {logging_mixin.py:190} INFO - [2026-09-27T17:10:56.658+0000] {dagbag.py:588} INFO - Filling up the DagBag from /opt/airflow/dags/medallion_dag.py
[2026-09-27T17:10:57.926+0000] {processor.py:925} INFO - DAG(s) 'medallion_pipeline' retrieved from /opt/airflow/dags/medallion_dag.py
[2026-09-27T17:10:57.971+0000] {logging_mixin.py:190} INFO - [2026-09-27T17:10:57.971+0000] {dag.py:3239} INFO - Sync 1 DAGs
[2026-09-27T17:10:58.025+0000] {logging_mixin.py:190} INFO - [2026-09-27T17:10:58.025+0000] {dag.py:4180} INFO - Setting next_dagrun for medallion_pipeline to 2026-09-27 00:00:00+00:00, run_after=2026-09-28 00:00:00+00:00
[2026-09-27T17:10:58.078+0000] {processor.py:208} INFO - Processing /opt/airflow/dags/medallion_dag.py took 1.451 seconds
[2026-09-27T17:11:28.343+0000] {processor.py:186} INFO - Started process (PID=260) to work on /opt/airflow/dags/medallion_dag.py
[2026-09-27T17:11:28.352+0000] {processor.py:914} INFO - Processing file /opt/airflow/dags/medallion_dag.py for tasks to queue
[2026-09-27T17:11:28.357+0000] {logging_mixin.py:190} INFO - [2026-09-27T17:11:28.356+0000] {dagbag.py:588} INFO - Filling up the DagBag from /opt/airflow/dags/medallion_dag.py
[2026-09-27T17:11:29.699+0000] {processor.py:925} INFO - DAG(s) 'medallion_pipeline' retrieved from /opt/airflow/dags/medallion_dag.py
[2026-09-27T17:11:29.736+0000] {logging_mixin.py:190} INFO - [2026-09-27T17:11:29.736+0000] {dag.py:3239} INFO - Sync 1 DAGs
[2026-09-27T17:11:29.770+0000] {logging_mixin.py:190} INFO - [2026-09-27T17:11:29.769+0000] {dag.py:4180} INFO - Setting next_dagrun for medallion_pipeline to 2026-09-27 00:00:00+00:00, run_after=2026-09-28 00:00:00+00:00
[2026-09-27T17:11:29.818+0000] {processor.py:208} INFO - Processing /opt/airflow/dags/medallion_dag.py took 1.484 seconds
[2026-09-27T17:12:00.428+0000] {processor.py:186} INFO - Started process (PID=265) to work on /opt/airflow/dags/medallion_dag.py
[2026-09-27T17:12:00.442+0000] {processor.py:914} INFO - Processing file /opt/airflow/dags/medallion_dag.py for tasks to queue
[2026-09-27T17:12:00.459+0000] {logging_mixin.py:190} INFO - [2026-09-27T17:12:00.459+0000] {dagbag.py:588} INFO - Filling up the DagBag from /opt/airflow/dags/medallion_dag.py
[2026-09-27T17:12:02.023+0000] {processor.py:925} INFO - DAG(s) 'medallion_pipeline' retrieved from /opt/airflow/dags/medallion_dag.py
[2026-09-27T17:12:02.074+0000] {logging_mixin.py:190} INFO - [2026-09-27T17:12:02.074+0000] {dag.py:3239} INFO - Sync 1 DAGs
[2026-09-27T17:12:02.402+0000] {logging_mixin.py:190} INFO - [2026-09-27T17:12:02.402+0000] {dag.py:4180} INFO - Setting next_dagrun for medallion_pipeline to 2026-09-27 00:00:00+00:00, run_after=2026-09-28 00:00:00+00:00
[2026-09-27T17:12:02.447+0000] {processor.py:208} INFO - Processing /opt/airflow/dags/medallion_dag.py took 2.034 seconds
[2026-09-27T17:12:33.379+0000] {processor.py:186} INFO - Started process (PID=270) to work on /opt/airflow/dags/medallion_dag.py
[2026-09-27T17:12:33.383+0000] {processor.py:914} INFO - Processing file /opt/airflow/dags/medallion_dag.py for tasks to queue
[2026-09-27T17:12:33.391+0000] {logging_mixin.py:190} INFO - [2026-09-27T17:12:33.391+0000] {dagbag.py:588} INFO - Filling up the DagBag from /opt/airflow/dags/medallion_dag.py
[2026-09-27T17:12:35.190+0000] {processor.py:925} INFO - DAG(s) 'medallion_pipeline' retrieved from /opt/airflow/dags/medallion_dag.py
[2026-09-27T17:12:35.434+0000] {logging_mixin.py:190} INFO - [2026-09-27T17:12:35.434+0000] {dag.py:3239} INFO - Sync 1 DAGs
[2026-09-27T17:12:35.524+0000] {logging_mixin.py:190} INFO - [2026-09-27T17:12:35.523+0000] {dag.py:4180} INFO - Setting next_dagrun for medallion_pipeline to 2026-09-27 00:00:00+00:00, run_after=2026-09-28 00:00:00+00:00
[2026-09-27T17:12:35.595+0000] {processor.py:208} INFO - Processing /opt/airflow/dags/medallion_dag.py took 2.233 seconds
[2026-09-27T17:13:06.016+0000] {processor.py:186} INFO - Started process (PID=275) to work on /opt/airflow/dags/medallion_dag.py
[2026-09-27T17:13:06.020+0000] {processor.py:914} INFO - Processing file /opt/airflow/dags/medallion_dag.py for tasks to queue
[2026-09-27T17:13:06.027+0000] {logging_mixin.py:190} INFO - [2026-09-27T17:13:06.027+0000] {dagbag.py:588} INFO - Filling up the DagBag from /opt/airflow/dags/medallion_dag.py
[2026-09-27T17:13:08.083+0000] {processor.py:925} INFO - DAG(s) 'medallion_pipeline' retrieved from /opt/airflow/dags/medallion_dag.py
[2026-09-27T17:13:08.119+0000] {logging_mixin.py:190} INFO - [2026-09-27T17:13:08.118+0000] {dag.py:3239} INFO - Sync 1 DAGs
[2026-09-27T17:13:08.158+0000] {logging_mixin.py:190} INFO - [2026-09-27T17:13:08.157+0000] {dag.py:4180} INFO - Setting next_dagrun for medallion_pipeline to 2026-09-27 00:00:00+00:00, run_after=2026-09-28 00:00:00+00:00
[2026-09-27T17:13:08.244+0000] {processor.py:208} INFO - Processing /opt/airflow/dags/medallion_dag.py took 2.241 seconds
[2026-09-27T17:13:38.886+0000] {processor.py:186} INFO - Started process (PID=280) to work on /opt/airflow/dags/medallion_dag.py
[2026-09-27T17:13:38.896+0000] {processor.py:914} INFO - Processing file /opt/airflow/dags/medallion_dag.py for tasks to queue
[2026-09-27T17:13:38.914+0000] {logging_mixin.py:190} INFO - [2026-09-27T17:13:38.912+0000] {dagbag.py:588} INFO - Filling up the DagBag from /opt/airflow/dags/medallion_dag.py
[2026-09-27T17:13:41.074+0000] {processor.py:925} INFO - DAG(s) 'medallion_pipeline' retrieved from /opt/airflow/dags/medallion_dag.py
[2026-09-27T17:13:41.114+0000] {logging_mixin.py:190} INFO - [2026-09-27T17:13:41.114+0000] {dag.py:3239} INFO - Sync 1 DAGs
[2026-09-27T17:13:41.159+0000] {logging_mixin.py:190} INFO - [2026-09-27T17:13:41.159+0000] {dag.py:4180} INFO - Setting next_dagrun for medallion_pipeline to 2026-09-27 00:00:00+00:00, run_after=2026-09-28 00:00:00+00:00
[2026-09-27T17:13:41.194+0000] {processor.py:208} INFO - Processing /opt/airflow/dags/medallion_dag.py took 2.346 seconds
[2026-09-27T17:14:11.683+0000] {processor.py:186} INFO - Started process (PID=285) to work on /opt/airflow/dags/medallion_dag.py
[2026-09-27T17:14:11.687+0000] {processor.py:914} INFO - Processing file /opt/airflow/dags/medallion_dag.py for tasks to queue
[2026-09-27T17:14:11.693+0000] {logging_mixin.py:190} INFO - [2026-09-27T17:14:11.693+0000] {dagbag.py:588} INFO - Filling up the DagBag from /opt/airflow/dags/medallion_dag.py
[2026-09-27T17:14:12.793+0000] {processor.py:925} INFO - DAG(s) 'medallion_pipeline' retrieved from /opt/airflow/dags/medallion_dag.py
[2026-09-27T17:14:12.832+0000] {logging_mixin.py:190} INFO - [2026-09-27T17:14:12.832+0000] {dag.py:3239} INFO - Sync 1 DAGs
[2026-09-27T17:14:12.877+0000] {logging_mixin.py:190} INFO - [2026-09-27T17:14:12.877+0000] {dag.py:4180} INFO - Setting next_dagrun for medallion_pipeline to 2026-09-27 00:00:00+00:00, run_after=2026-09-28 00:00:00+00:00
[2026-09-27T17:14:12.918+0000] {processor.py:208} INFO - Processing /opt/airflow/dags/medallion_dag.py took 1.248 seconds
[2026-09-27T17:14:46.588+0000] {processor.py:186} INFO - Started process (PID=290) to work on /opt/airflow/dags/medallion_dag.py
[2026-09-27T17:14:46.639+0000] {processor.py:914} INFO - Processing file /opt/airflow/dags/medallion_dag.py for tasks to queue
[2026-09-27T17:14:46.679+0000] {logging_mixin.py:190} INFO - [2026-09-27T17:14:46.678+0000] {dagbag.py:588} INFO - Filling up the DagBag from /opt/airflow/dags/medallion_dag.py
[2026-09-27T17:14:48.784+0000] {processor.py:925} INFO - DAG(s) 'medallion_pipeline' retrieved from /opt/airflow/dags/medallion_dag.py
[2026-09-27T17:14:48.831+0000] {logging_mixin.py:190} INFO - [2026-09-27T17:14:48.830+0000] {dag.py:3239} INFO - Sync 1 DAGs
[2026-09-27T17:14:48.901+0000] {logging_mixin.py:190} INFO - [2026-09-27T17:14:48.900+0000] {dag.py:4180} INFO - Setting next_dagrun for medallion_pipeline to 2026-09-27 00:00:00+00:00, run_after=2026-09-28 00:00:00+00:00
[2026-09-27T17:14:48.968+0000] {processor.py:208} INFO - Processing /opt/airflow/dags/medallion_dag.py took 2.396 seconds
[2026-09-27T17:15:19.683+0000] {processor.py:186} INFO - Started process (PID=295) to work on /opt/airflow/dags/medallion_dag.py
[2026-09-27T17:15:19.687+0000] {processor.py:914} INFO - Processing file /opt/airflow/dags/medallion_dag.py for tasks to queue
[2026-09-27T17:15:19.693+0000] {logging_mixin.py:190} INFO - [2026-09-27T17:15:19.693+0000] {dagbag.py:588} INFO - Filling up the DagBag from /opt/airflow/dags/medallion_dag.py
[2026-09-27T17:15:20.287+0000] {processor.py:925} INFO - DAG(s) 'medallion_pipeline' retrieved from /opt/airflow/dags/medallion_dag.py
[2026-09-27T17:15:20.348+0000] {logging_mixin.py:190} INFO - [2026-09-27T17:15:20.347+0000] {dag.py:3239} INFO - Sync 1 DAGs
[2026-09-27T17:15:20.668+0000] {logging_mixin.py:190} INFO - [2026-09-27T17:15:20.667+0000] {dag.py:4180} INFO - Setting next_dagrun for medallion_pipeline to 2026-09-27 00:00:00+00:00, run_after=2026-09-28 00:00:00+00:00
[2026-09-27T17:15:20.713+0000] {processor.py:208} INFO - Processing /opt/airflow/dags/medallion_dag.py took 1.040 seconds
[2026-09-27T17:15:52.172+0000] {processor.py:186} INFO - Started process (PID=440) to work on /opt/airflow/dags/medallion_dag.py
[2026-09-27T17:15:52.186+0000] {processor.py:914} INFO - Processing file /opt/airflow/dags/medallion_dag.py for tasks to queue
[2026-09-27T17:15:52.203+0000] {logging_mixin.py:190} INFO - [2026-09-27T17:15:52.202+0000] {dagbag.py:588} INFO - Filling up the DagBag from /opt/airflow/dags/medallion_dag.py
[2026-09-27T17:15:54.002+0000] {processor.py:925} INFO - DAG(s) 'medallion_pipeline' retrieved from /opt/airflow/dags/medallion_dag.py
[2026-09-27T17:15:54.327+0000] {logging_mixin.py:190} INFO - [2026-09-27T17:15:54.327+0000] {dag.py:3239} INFO - Sync 1 DAGs
[2026-09-27T17:15:54.379+0000] {logging_mixin.py:190} INFO - [2026-09-27T17:15:54.379+0000] {dag.py:4180} INFO - Setting next_dagrun for medallion_pipeline to 2026-09-27 00:00:00+00:00, run_after=2026-09-28 00:00:00+00:00
[2026-09-27T17:15:54.428+0000] {processor.py:208} INFO - Processing /opt/airflow/dags/medallion_dag.py took 2.273 seconds
[2026-09-27T17:16:24.900+0000] {processor.py:186} INFO - Started process (PID=476) to work on /opt/airflow/dags/medallion_dag.py
[2026-09-27T17:16:24.903+0000] {processor.py:914} INFO - Processing file /opt/airflow/dags/medallion_dag.py for tasks to queue
[2026-09-27T17:16:24.908+0000] {logging_mixin.py:190} INFO - [2026-09-27T17:16:24.907+0000] {dagbag.py:588} INFO - Filling up the DagBag from /opt/airflow/dags/medallion_dag.py
[2026-09-27T17:16:26.186+0000] {processor.py:925} INFO - DAG(s) 'medallion_pipeline' retrieved from /opt/airflow/dags/medallion_dag.py
[2026-09-27T17:16:26.250+0000] {logging_mixin.py:190} INFO - [2026-09-27T17:16:26.249+0000] {dag.py:3239} INFO - Sync 1 DAGs
[2026-09-27T17:16:26.289+0000] {logging_mixin.py:190} INFO - [2026-09-27T17:16:26.289+0000] {dag.py:4180} INFO - Setting next_dagrun for medallion_pipeline to 2026-09-27 00:00:00+00:00, run_after=2026-09-28 00:00:00+00:00
[2026-09-27T17:16:26.325+0000] {processor.py:208} INFO - Processing /opt/airflow/dags/medallion_dag.py took 1.437 seconds
[2026-09-27T17:16:56.588+0000] {processor.py:186} INFO - Started process (PID=489) to work on /opt/airflow/dags/medallion_dag.py
[2026-09-27T17:16:56.593+0000] {processor.py:914} INFO - Processing file /opt/airflow/dags/medallion_dag.py for tasks to queue
[2026-09-27T17:16:56.600+0000] {logging_mixin.py:190} INFO - [2026-09-27T17:16:56.599+0000] {dagbag.py:588} INFO - Filling up the DagBag from /opt/airflow/dags/medallion_dag.py
[2026-09-27T17:16:57.665+0000] {processor.py:925} INFO - DAG(s) 'medallion_pipeline' retrieved from /opt/airflow/dags/medallion_dag.py
[2026-09-27T17:16:57.713+0000] {logging_mixin.py:190} INFO - [2026-09-27T17:16:57.712+0000] {dag.py:3239} INFO - Sync 1 DAGs
[2026-09-27T17:16:57.760+0000] {logging_mixin.py:190} INFO - [2026-09-27T17:16:57.760+0000] {dag.py:4180} INFO - Setting next_dagrun for medallion_pipeline to 2026-09-27 00:00:00+00:00, run_after=2026-09-28 00:00:00+00:00
[2026-09-27T17:16:57.805+0000] {processor.py:208} INFO - Processing /opt/airflow/dags/medallion_dag.py took 1.239 seconds
[2026-09-27T17:17:28.171+0000] {processor.py:186} INFO - Started process (PID=494) to work on /opt/airflow/dags/medallion_dag.py
[2026-09-27T17:17:28.175+0000] {processor.py:914} INFO - Processing file /opt/airflow/dags/medallion_dag.py for tasks to queue
[2026-09-27T17:17:28.182+0000] {logging_mixin.py:190} INFO - [2026-09-27T17:17:28.181+0000] {dagbag.py:588} INFO - Filling up the DagBag from /opt/airflow/dags/medallion_dag.py
[2026-09-27T17:17:29.388+0000] {processor.py:925} INFO - DAG(s) 'medallion_pipeline' retrieved from /opt/airflow/dags/medallion_dag.py
[2026-09-27T17:17:29.441+0000] {logging_mixin.py:190} INFO - [2026-09-27T17:17:29.441+0000] {dag.py:3239} INFO - Sync 1 DAGs
[2026-09-27T17:17:29.483+0000] {logging_mixin.py:190} INFO - [2026-09-27T17:17:29.482+0000] {dag.py:4180} INFO - Setting next_dagrun for medallion_pipeline to 2026-09-27 00:00:00+00:00, run_after=2026-09-28 00:00:00+00:00
[2026-09-27T17:17:29.525+0000] {processor.py:208} INFO - Processing /opt/airflow/dags/medallion_dag.py took 1.374 seconds
[2026-09-27T17:17:59.986+0000] {processor.py:186} INFO - Started process (PID=499) to work on /opt/airflow/dags/medallion_dag.py
[2026-09-27T17:17:59.992+0000] {processor.py:914} INFO - Processing file /opt/airflow/dags/medallion_dag.py for tasks to queue
[2026-09-27T17:18:00.006+0000] {logging_mixin.py:190} INFO - [2026-09-27T17:18:00.004+0000] {dagbag.py:588} INFO - Filling up the DagBag from /opt/airflow/dags/medallion_dag.py
[2026-09-27T17:18:00.996+0000] {processor.py:925} INFO - DAG(s) 'medallion_pipeline' retrieved from /opt/airflow/dags/medallion_dag.py
[2026-09-27T17:18:01.049+0000] {logging_mixin.py:190} INFO - [2026-09-27T17:18:01.048+0000] {dag.py:3239} INFO - Sync 1 DAGs
[2026-09-27T17:18:01.394+0000] {logging_mixin.py:190} INFO - [2026-09-27T17:18:01.394+0000] {dag.py:4180} INFO - Setting next_dagrun for medallion_pipeline to 2026-09-27 00:00:00+00:00, run_after=2026-09-28 00:00:00+00:00
[2026-09-27T17:18:01.433+0000] {processor.py:208} INFO - Processing /opt/airflow/dags/medallion_dag.py took 1.482 seconds
[2026-09-27T17:18:31.750+0000] {processor.py:186} INFO - Started process (PID=504) to work on /opt/airflow/dags/medallion_dag.py
[2026-09-27T17:18:31.753+0000] {processor.py:914} INFO - Processing file /opt/airflow/dags/medallion_dag.py for tasks to queue
[2026-09-27T17:18:31.761+0000] {logging_mixin.py:190} INFO - [2026-09-27T17:18:31.760+0000] {dagbag.py:588} INFO - Filling up the DagBag from /opt/airflow/dags/medallion_dag.py
[2026-09-27T17:18:32.829+0000] {processor.py:925} INFO - DAG(s) 'medallion_pipeline' retrieved from /opt/airflow/dags/medallion_dag.py
[2026-09-27T17:18:33.185+0000] {logging_mixin.py:190} INFO - [2026-09-27T17:18:33.185+0000] {dag.py:3239} INFO - Sync 1 DAGs
[2026-09-27T17:18:33.219+0000] {logging_mixin.py:190} INFO - [2026-09-27T17:18:33.219+0000] {dag.py:4180} INFO - Setting next_dagrun for medallion_pipeline to 2026-09-27 00:00:00+00:00, run_after=2026-09-28 00:00:00+00:00
[2026-09-27T17:18:33.262+0000] {processor.py:208} INFO - Processing /opt/airflow/dags/medallion_dag.py took 1.522 seconds
[2026-09-27T17:19:03.649+0000] {processor.py:186} INFO - Started process (PID=523) to work on /opt/airflow/dags/medallion_dag.py
[2026-09-27T17:19:03.655+0000] {processor.py:914} INFO - Processing file /opt/airflow/dags/medallion_dag.py for tasks to queue
[2026-09-27T17:19:03.661+0000] {logging_mixin.py:190} INFO - [2026-09-27T17:19:03.660+0000] {dagbag.py:588} INFO - Filling up the DagBag from /opt/airflow/dags/medallion_dag.py
[2026-09-27T17:19:04.543+0000] {processor.py:925} INFO - DAG(s) 'medallion_pipeline' retrieved from /opt/airflow/dags/medallion_dag.py
[2026-09-27T17:19:04.880+0000] {logging_mixin.py:190} INFO - [2026-09-27T17:19:04.880+0000] {dag.py:3239} INFO - Sync 1 DAGs
[2026-09-27T17:19:04.939+0000] {logging_mixin.py:190} INFO - [2026-09-27T17:19:04.938+0000] {dag.py:4180} INFO - Setting next_dagrun for medallion_pipeline to 2026-09-27 00:00:00+00:00, run_after=2026-09-28 00:00:00+00:00
[2026-09-27T17:19:04.979+0000] {processor.py:208} INFO - Processing /opt/airflow/dags/medallion_dag.py took 1.348 seconds
[2026-09-27T17:19:35.359+0000] {processor.py:186} INFO - Started process (PID=528) to work on /opt/airflow/dags/medallion_dag.py
[2026-09-27T17:19:35.362+0000] {processor.py:914} INFO - Processing file /opt/airflow/dags/medallion_dag.py for tasks to queue
[2026-09-27T17:19:35.366+0000] {logging_mixin.py:190} INFO - [2026-09-27T17:19:35.366+0000] {dagbag.py:588} INFO - Filling up the DagBag from /opt/airflow/dags/medallion_dag.py
[2026-09-27T17:19:36.060+0000] {processor.py:925} INFO - DAG(s) 'medallion_pipeline' retrieved from /opt/airflow/dags/medallion_dag.py
[2026-09-27T17:19:36.091+0000] {logging_mixin.py:190} INFO - [2026-09-27T17:19:36.091+0000] {dag.py:3239} INFO - Sync 1 DAGs
[2026-09-27T17:19:36.122+0000] {logging_mixin.py:190} INFO - [2026-09-27T17:19:36.122+0000] {dag.py:4180} INFO - Setting next_dagrun for medallion_pipeline to 2026-09-27 00:00:00+00:00, run_after=2026-09-28 00:00:00+00:00
[2026-09-27T17:19:36.153+0000] {processor.py:208} INFO - Processing /opt/airflow/dags/medallion_dag.py took 0.802 seconds
[2026-09-27T17:20:06.610+0000] {processor.py:186} INFO - Started process (PID=533) to work on /opt/airflow/dags/medallion_dag.py
[2026-09-27T17:20:06.613+0000] {processor.py:914} INFO - Processing file /opt/airflow/dags/medallion_dag.py for tasks to queue
[2026-09-27T17:20:06.618+0000] {logging_mixin.py:190} INFO - [2026-09-27T17:20:06.617+0000] {dagbag.py:588} INFO - Filling up the DagBag from /opt/airflow/dags/medallion_dag.py
[2026-09-27T17:20:07.262+0000] {processor.py:925} INFO - DAG(s) 'medallion_pipeline' retrieved from /opt/airflow/dags/medallion_dag.py
[2026-09-27T17:20:07.300+0000] {logging_mixin.py:190} INFO - [2026-09-27T17:20:07.299+0000] {dag.py:3239} INFO - Sync 1 DAGs
[2026-09-27T17:20:07.328+0000] {logging_mixin.py:190} INFO - [2026-09-27T17:20:07.328+0000] {dag.py:4180} INFO - Setting next_dagrun for medallion_pipeline to 2026-09-27 00:00:00+00:00, run_after=2026-09-28 00:00:00+00:00
[2026-09-27T17:20:07.358+0000] {processor.py:208} INFO - Processing /opt/airflow/dags/medallion_dag.py took 0.758 seconds
[2026-09-27T17:20:37.745+0000] {processor.py:186} INFO - Started process (PID=538) to work on /opt/airflow/dags/medallion_dag.py
[2026-09-27T17:20:37.748+0000] {processor.py:914} INFO - Processing file /opt/airflow/dags/medallion_dag.py for tasks to queue
[2026-09-27T17:20:37.754+0000] {logging_mixin.py:190} INFO - [2026-09-27T17:20:37.753+0000] {dagbag.py:588} INFO - Filling up the DagBag from /opt/airflow/dags/medallion_dag.py
[2026-09-27T17:20:38.462+0000] {processor.py:925} INFO - DAG(s) 'medallion_pipeline' retrieved from /opt/airflow/dags/medallion_dag.py
[2026-09-27T17:20:38.490+0000] {logging_mixin.py:190} INFO - [2026-09-27T17:20:38.490+0000] {dag.py:3239} INFO - Sync 1 DAGs
[2026-09-27T17:20:38.519+0000] {logging_mixin.py:190} INFO - [2026-09-27T17:20:38.519+0000] {dag.py:4180} INFO - Setting next_dagrun for medallion_pipeline to 2026-09-27 00:00:00+00:00, run_after=2026-09-28 00:00:00+00:00
[2026-09-27T17:20:38.546+0000] {processor.py:208} INFO - Processing /opt/airflow/dags/medallion_dag.py took 0.813 seconds
[2026-09-27T17:21:08.899+0000] {processor.py:186} INFO - Started process (PID=550) to work on /opt/airflow/dags/medallion_dag.py
[2026-09-27T17:21:08.902+0000] {processor.py:914} INFO - Processing file /opt/airflow/dags/medallion_dag.py for tasks to queue
[2026-09-27T17:21:08.907+0000] {logging_mixin.py:190} INFO - [2026-09-27T17:21:08.906+0000] {dagbag.py:588} INFO - Filling up the DagBag from /opt/airflow/dags/medallion_dag.py
[2026-09-27T17:21:09.323+0000] {processor.py:925} INFO - DAG(s) 'medallion_pipeline' retrieved from /opt/airflow/dags/medallion_dag.py
[2026-09-27T17:21:09.371+0000] {logging_mixin.py:190} INFO - [2026-09-27T17:21:09.371+0000] {dag.py:3239} INFO - Sync 1 DAGs
[2026-09-27T17:21:09.630+0000] {logging_mixin.py:190} INFO - [2026-09-27T17:21:09.630+0000] {dag.py:4180} INFO - Setting next_dagrun for medallion_pipeline to 2026-09-27 00:00:00+00:00, run_after=2026-09-28 00:00:00+00:00
[2026-09-27T17:21:09.659+0000] {processor.py:208} INFO - Processing /opt/airflow/dags/medallion_dag.py took 0.769 seconds
[2026-09-27T17:21:39.861+0000] {processor.py:186} INFO - Started process (PID=555) to work on /opt/airflow/dags/medallion_dag.py
[2026-09-27T17:21:39.864+0000] {processor.py:914} INFO - Processing file /opt/airflow/dags/medallion_dag.py for tasks to queue
[2026-09-27T17:21:39.870+0000] {logging_mixin.py:190} INFO - [2026-09-27T17:21:39.870+0000] {dagbag.py:588} INFO - Filling up the DagBag from /opt/airflow/dags/medallion_dag.py
[2026-09-27T17:21:40.321+0000] {processor.py:925} INFO - DAG(s) 'medallion_pipeline' retrieved from /opt/airflow/dags/medallion_dag.py
[2026-09-27T17:21:40.567+0000] {logging_mixin.py:190} INFO - [2026-09-27T17:21:40.567+0000] {dag.py:3239} INFO - Sync 1 DAGs
[2026-09-27T17:21:40.602+0000] {logging_mixin.py:190} INFO - [2026-09-27T17:21:40.601+0000] {dag.py:4180} INFO - Setting next_dagrun for medallion_pipeline to 2026-09-27 00:00:00+00:00, run_after=2026-09-28 00:00:00+00:00
[2026-09-27T17:21:40.628+0000] {processor.py:208} INFO - Processing /opt/airflow/dags/medallion_dag.py took 0.776 seconds
[2026-09-27T17:22:11.008+0000] {processor.py:186} INFO - Started process (PID=560) to work on /opt/airflow/dags/medallion_dag.py
[2026-09-27T17:22:11.010+0000] {processor.py:914} INFO - Processing file /opt/airflow/dags/medallion_dag.py for tasks to queue
[2026-09-27T17:22:11.014+0000] {logging_mixin.py:190} INFO - [2026-09-27T17:22:11.014+0000] {dagbag.py:588} INFO - Filling up the DagBag from /opt/airflow/dags/medallion_dag.py
[2026-09-27T17:22:11.624+0000] {processor.py:925} INFO - DAG(s) 'medallion_pipeline' retrieved from /opt/airflow/dags/medallion_dag.py
[2026-09-27T17:22:11.656+0000] {logging_mixin.py:190} INFO - [2026-09-27T17:22:11.655+0000] {dag.py:3239} INFO - Sync 1 DAGs
[2026-09-27T17:22:11.694+0000] {logging_mixin.py:190} INFO - [2026-09-27T17:22:11.694+0000] {dag.py:4180} INFO - Setting next_dagrun for medallion_pipeline to 2026-09-27 00:00:00+00:00, run_after=2026-09-28 00:00:00+00:00
[2026-09-27T17:22:11.726+0000] {processor.py:208} INFO - Processing /opt/airflow/dags/medallion_dag.py took 0.725 seconds
[2026-09-27T17:22:42.031+0000] {processor.py:186} INFO - Started process (PID=565) to work on /opt/airflow/dags/medallion_dag.py
[2026-09-27T17:22:42.034+0000] {processor.py:914} INFO - Processing file /opt/airflow/dags/medallion_dag.py for tasks to queue
[2026-09-27T17:22:42.040+0000] {logging_mixin.py:190} INFO - [2026-09-27T17:22:42.039+0000] {dagbag.py:588} INFO - Filling up the DagBag from /opt/airflow/dags/medallion_dag.py
[2026-09-27T17:22:42.639+0000] {processor.py:925} INFO - DAG(s) 'medallion_pipeline' retrieved from /opt/airflow/dags/medallion_dag.py
[2026-09-27T17:22:42.676+0000] {logging_mixin.py:190} INFO - [2026-09-27T17:22:42.676+0000] {dag.py:3239} INFO - Sync 1 DAGs
[2026-09-27T17:22:42.704+0000] {logging_mixin.py:190} INFO - [2026-09-27T17:22:42.704+0000] {dag.py:4180} INFO - Setting next_dagrun for medallion_pipeline to 2026-09-27 00:00:00+00:00, run_after=2026-09-28 00:00:00+00:00
[2026-09-27T17:22:42.727+0000] {processor.py:208} INFO - Processing /opt/airflow/dags/medallion_dag.py took 0.709 seconds
[2026-09-27T17:23:13.616+0000] {processor.py:186} INFO - Started process (PID=570) to work on /opt/airflow/dags/medallion_dag.py
[2026-09-27T17:23:13.618+0000] {processor.py:914} INFO - Processing file /opt/airflow/dags/medallion_dag.py for tasks to queue
[2026-09-27T17:23:13.623+0000] {logging_mixin.py:190} INFO - [2026-09-27T17:23:13.622+0000] {dagbag.py:588} INFO - Filling up the DagBag from /opt/airflow/dags/medallion_dag.py
[2026-09-27T17:23:14.309+0000] {processor.py:925} INFO - DAG(s) 'medallion_pipeline' retrieved from /opt/airflow/dags/medallion_dag.py
[2026-09-27T17:23:14.344+0000] {logging_mixin.py:190} INFO - [2026-09-27T17:23:14.344+0000] {dag.py:3239} INFO - Sync 1 DAGs
[2026-09-27T17:23:14.376+0000] {logging_mixin.py:190} INFO - [2026-09-27T17:23:14.376+0000] {dag.py:4180} INFO - Setting next_dagrun for medallion_pipeline to 2026-09-27 00:00:00+00:00, run_after=2026-09-28 00:00:00+00:00
[2026-09-27T17:23:14.409+0000] {processor.py:208} INFO - Processing /opt/airflow/dags/medallion_dag.py took 0.801 seconds
[2026-09-27T17:23:44.735+0000] {processor.py:186} INFO - Started process (PID=582) to work on /opt/airflow/dags/medallion_dag.py
[2026-09-27T17:23:44.737+0000] {processor.py:914} INFO - Processing file /opt/airflow/dags/medallion_dag.py for tasks to queue
[2026-09-27T17:23:44.742+0000] {logging_mixin.py:190} INFO - [2026-09-27T17:23:44.742+0000] {dagbag.py:588} INFO - Filling up the DagBag from /opt/airflow/dags/medallion_dag.py
[2026-09-27T17:23:45.192+0000] {processor.py:925} INFO - DAG(s) 'medallion_pipeline' retrieved from /opt/airflow/dags/medallion_dag.py
[2026-09-27T17:23:45.234+0000] {logging_mixin.py:190} INFO - [2026-09-27T17:23:45.234+0000] {dag.py:3239} INFO - Sync 1 DAGs
[2026-09-27T17:23:45.465+0000] {logging_mixin.py:190} INFO - [2026-09-27T17:23:45.464+0000] {dag.py:4180} INFO - Setting next_dagrun for medallion_pipeline to 2026-09-27 00:00:00+00:00, run_after=2026-09-28 00:00:00+00:00
[2026-09-27T17:23:45.490+0000] {processor.py:208} INFO - Processing /opt/airflow/dags/medallion_dag.py took 0.768 seconds
[2026-09-27T17:24:15.917+0000] {processor.py:186} INFO - Started process (PID=594) to work on /opt/airflow/dags/medallion_dag.py
[2026-09-27T17:24:15.923+0000] {processor.py:914} INFO - Processing file /opt/airflow/dags/medallion_dag.py for tasks to queue
[2026-09-27T17:24:15.932+0000] {logging_mixin.py:190} INFO - [2026-09-27T17:24:15.932+0000] {dagbag.py:588} INFO - Filling up the DagBag from /opt/airflow/dags/medallion_dag.py
[2026-09-27T17:24:16.827+0000] {processor.py:925} INFO - DAG(s) 'medallion_pipeline' retrieved from /opt/airflow/dags/medallion_dag.py
[2026-09-27T17:24:16.870+0000] {logging_mixin.py:190} INFO - [2026-09-27T17:24:16.869+0000] {dag.py:3239} INFO - Sync 1 DAGs
[2026-09-27T17:24:17.129+0000] {logging_mixin.py:190} INFO - [2026-09-27T17:24:17.129+0000] {dag.py:4180} INFO - Setting next_dagrun for medallion_pipeline to 2026-09-27 00:00:00+00:00, run_after=2026-09-28 00:00:00+00:00
[2026-09-27T17:24:17.181+0000] {processor.py:208} INFO - Processing /opt/airflow/dags/medallion_dag.py took 1.276 seconds
[2026-09-27T17:24:47.808+0000] {processor.py:186} INFO - Started process (PID=601) to work on /opt/airflow/dags/medallion_dag.py
[2026-09-27T17:24:47.815+0000] {processor.py:914} INFO - Processing file /opt/airflow/dags/medallion_dag.py for tasks to queue
[2026-09-27T17:24:47.823+0000] {logging_mixin.py:190} INFO - [2026-09-27T17:24:47.822+0000] {dagbag.py:588} INFO - Filling up the DagBag from /opt/airflow/dags/medallion_dag.py
[2026-09-27T17:24:48.922+0000] {processor.py:925} INFO - DAG(s) 'medallion_pipeline' retrieved from /opt/airflow/dags/medallion_dag.py
[2026-09-27T17:24:49.187+0000] {logging_mixin.py:190} INFO - [2026-09-27T17:24:49.187+0000] {dag.py:3239} INFO - Sync 1 DAGs
[2026-09-27T17:24:49.228+0000] {logging_mixin.py:190} INFO - [2026-09-27T17:24:49.227+0000] {dag.py:4180} INFO - Setting next_dagrun for medallion_pipeline to 2026-09-27 00:00:00+00:00, run_after=2026-09-28 00:00:00+00:00
[2026-09-27T17:24:49.270+0000] {processor.py:208} INFO - Processing /opt/airflow/dags/medallion_dag.py took 1.470 seconds
[2026-09-27T17:25:19.507+0000] {processor.py:186} INFO - Started process (PID=622) to work on /opt/airflow/dags/medallion_dag.py
[2026-09-27T17:25:19.511+0000] {processor.py:914} INFO - Processing file /opt/airflow/dags/medallion_dag.py for tasks to queue
[2026-09-27T17:25:19.527+0000] {logging_mixin.py:190} INFO - [2026-09-27T17:25:19.525+0000] {dagbag.py:588} INFO - Filling up the DagBag from /opt/airflow/dags/medallion_dag.py
[2026-09-27T17:25:21.026+0000] {processor.py:925} INFO - DAG(s) 'medallion_pipeline' retrieved from /opt/airflow/dags/medallion_dag.py
[2026-09-27T17:25:21.099+0000] {logging_mixin.py:190} INFO - [2026-09-27T17:25:21.099+0000] {dag.py:3239} INFO - Sync 1 DAGs
[2026-09-27T17:25:21.182+0000] {logging_mixin.py:190} INFO - [2026-09-27T17:25:21.182+0000] {dag.py:4180} INFO - Setting next_dagrun for medallion_pipeline to 2026-09-27 00:00:00+00:00, run_after=2026-09-28 00:00:00+00:00
[2026-09-27T17:25:21.323+0000] {processor.py:208} INFO - Processing /opt/airflow/dags/medallion_dag.py took 1.849 seconds
[2026-09-27T17:25:51.671+0000] {processor.py:186} INFO - Started process (PID=875) to work on /opt/airflow/dags/medallion_dag.py
[2026-09-27T17:25:51.675+0000] {processor.py:914} INFO - Processing file /opt/airflow/dags/medallion_dag.py for tasks to queue
[2026-09-27T17:25:51.687+0000] {logging_mixin.py:190} INFO - [2026-09-27T17:25:51.686+0000] {dagbag.py:588} INFO - Filling up the DagBag from /opt/airflow/dags/medallion_dag.py
[2026-09-27T17:25:53.498+0000] {processor.py:925} INFO - DAG(s) 'medallion_pipeline' retrieved from /opt/airflow/dags/medallion_dag.py
[2026-09-27T17:25:53.548+0000] {logging_mixin.py:190} INFO - [2026-09-27T17:25:53.548+0000] {dag.py:3239} INFO - Sync 1 DAGs
[2026-09-27T17:25:53.595+0000] {logging_mixin.py:190} INFO - [2026-09-27T17:25:53.594+0000] {dag.py:4180} INFO - Setting next_dagrun for medallion_pipeline to 2026-09-27 00:00:00+00:00, run_after=2026-09-28 00:00:00+00:00
[2026-09-27T17:25:53.649+0000] {processor.py:208} INFO - Processing /opt/airflow/dags/medallion_dag.py took 1.997 seconds
[2026-09-27T17:26:24.168+0000] {processor.py:186} INFO - Started process (PID=1430) to work on /opt/airflow/dags/medallion_dag.py
[2026-09-27T17:26:24.170+0000] {processor.py:914} INFO - Processing file /opt/airflow/dags/medallion_dag.py for tasks to queue
[2026-09-27T17:26:24.174+0000] {logging_mixin.py:190} INFO - [2026-09-27T17:26:24.174+0000] {dagbag.py:588} INFO - Filling up the DagBag from /opt/airflow/dags/medallion_dag.py
[2026-09-27T17:26:24.801+0000] {processor.py:925} INFO - DAG(s) 'medallion_pipeline' retrieved from /opt/airflow/dags/medallion_dag.py
[2026-09-27T17:26:24.842+0000] {logging_mixin.py:190} INFO - [2026-09-27T17:26:24.841+0000] {dag.py:3239} INFO - Sync 1 DAGs
[2026-09-27T17:26:24.879+0000] {logging_mixin.py:190} INFO - [2026-09-27T17:26:24.879+0000] {dag.py:4180} INFO - Setting next_dagrun for medallion_pipeline to 2026-09-27 00:00:00+00:00, run_after=2026-09-28 00:00:00+00:00
[2026-09-27T17:26:24.914+0000] {processor.py:208} INFO - Processing /opt/airflow/dags/medallion_dag.py took 0.754 seconds
[2026-09-27T17:26:55.477+0000] {processor.py:186} INFO - Started process (PID=1780) to work on /opt/airflow/dags/medallion_dag.py
[2026-09-27T17:26:55.496+0000] {processor.py:914} INFO - Processing file /opt/airflow/dags/medallion_dag.py for tasks to queue
[2026-09-27T17:26:55.515+0000] {logging_mixin.py:190} INFO - [2026-09-27T17:26:55.514+0000] {dagbag.py:588} INFO - Filling up the DagBag from /opt/airflow/dags/medallion_dag.py
[2026-09-27T17:26:56.325+0000] {processor.py:925} INFO - DAG(s) 'medallion_pipeline' retrieved from /opt/airflow/dags/medallion_dag.py
[2026-09-27T17:26:56.390+0000] {logging_mixin.py:190} INFO - [2026-09-27T17:26:56.389+0000] {dag.py:3239} INFO - Sync 1 DAGs
[2026-09-27T17:26:57.438+0000] {logging_mixin.py:190} INFO - [2026-09-27T17:26:57.438+0000] {dag.py:4180} INFO - Setting next_dagrun for medallion_pipeline to 2026-09-27 00:00:00+00:00, run_after=2026-09-28 00:00:00+00:00
[2026-09-27T17:26:57.491+0000] {processor.py:208} INFO - Processing /opt/airflow/dags/medallion_dag.py took 2.067 seconds
[2026-09-27T17:27:27.812+0000] {processor.py:186} INFO - Started process (PID=2218) to work on /opt/airflow/dags/medallion_dag.py
[2026-09-27T17:27:27.818+0000] {processor.py:914} INFO - Processing file /opt/airflow/dags/medallion_dag.py for tasks to queue
[2026-09-27T17:27:27.836+0000] {logging_mixin.py:190} INFO - [2026-09-27T17:27:27.834+0000] {dagbag.py:588} INFO - Filling up the DagBag from /opt/airflow/dags/medallion_dag.py
[2026-09-27T17:27:28.655+0000] {processor.py:925} INFO - DAG(s) 'medallion_pipeline' retrieved from /opt/airflow/dags/medallion_dag.py
[2026-09-27T17:27:29.303+0000] {logging_mixin.py:190} INFO - [2026-09-27T17:27:29.302+0000] {dag.py:3239} INFO - Sync 1 DAGs
[2026-09-27T17:27:29.384+0000] {logging_mixin.py:190} INFO - [2026-09-27T17:27:29.383+0000] {dag.py:4180} INFO - Setting next_dagrun for medallion_pipeline to 2026-09-27 00:00:00+00:00, run_after=2026-09-28 00:00:00+00:00
[2026-09-27T17:27:29.454+0000] {processor.py:208} INFO - Processing /opt/airflow/dags/medallion_dag.py took 1.667 seconds
[2026-09-27T17:27:59.934+0000] {processor.py:186} INFO - Started process (PID=2485) to work on /opt/airflow/dags/medallion_dag.py
[2026-09-27T17:27:59.937+0000] {processor.py:914} INFO - Processing file /opt/airflow/dags/medallion_dag.py for tasks to queue
[2026-09-27T17:27:59.940+0000] {logging_mixin.py:190} INFO - [2026-09-27T17:27:59.940+0000] {dagbag.py:588} INFO - Filling up the DagBag from /opt/airflow/dags/medallion_dag.py
[2026-09-27T17:28:00.639+0000] {processor.py:925} INFO - DAG(s) 'medallion_pipeline' retrieved from /opt/airflow/dags/medallion_dag.py
[2026-09-27T17:28:00.671+0000] {logging_mixin.py:190} INFO - [2026-09-27T17:28:00.670+0000] {dag.py:3239} INFO - Sync 1 DAGs
[2026-09-27T17:28:00.703+0000] {logging_mixin.py:190} INFO - [2026-09-27T17:28:00.703+0000] {dag.py:4180} INFO - Setting next_dagrun for medallion_pipeline to 2026-09-27 00:00:00+00:00, run_after=2026-09-28 00:00:00+00:00
[2026-09-27T17:28:00.733+0000] {processor.py:208} INFO - Processing /opt/airflow/dags/medallion_dag.py took 0.807 seconds
[2026-09-27T17:28:31.088+0000] {processor.py:186} INFO - Started process (PID=2497) to work on /opt/airflow/dags/medallion_dag.py
[2026-09-27T17:28:31.090+0000] {processor.py:914} INFO - Processing file /opt/airflow/dags/medallion_dag.py for tasks to queue
[2026-09-27T17:28:31.095+0000] {logging_mixin.py:190} INFO - [2026-09-27T17:28:31.095+0000] {dagbag.py:588} INFO - Filling up the DagBag from /opt/airflow/dags/medallion_dag.py
[2026-09-27T17:28:31.686+0000] {processor.py:925} INFO - DAG(s) 'medallion_pipeline' retrieved from /opt/airflow/dags/medallion_dag.py
[2026-09-27T17:28:31.717+0000] {logging_mixin.py:190} INFO - [2026-09-27T17:28:31.717+0000] {dag.py:3239} INFO - Sync 1 DAGs
[2026-09-27T17:28:31.745+0000] {logging_mixin.py:190} INFO - [2026-09-27T17:28:31.745+0000] {dag.py:4180} INFO - Setting next_dagrun for medallion_pipeline to 2026-09-27 00:00:00+00:00, run_after=2026-09-28 00:00:00+00:00
[2026-09-27T17:28:31.772+0000] {processor.py:208} INFO - Processing /opt/airflow/dags/medallion_dag.py took 0.692 seconds
[2026-09-27T17:29:01.994+0000] {processor.py:186} INFO - Started process (PID=2509) to work on /opt/airflow/dags/medallion_dag.py
[2026-09-27T17:29:01.998+0000] {processor.py:914} INFO - Processing file /opt/airflow/dags/medallion_dag.py for tasks to queue
[2026-09-27T17:29:02.003+0000] {logging_mixin.py:190} INFO - [2026-09-27T17:29:02.003+0000] {dagbag.py:588} INFO - Filling up the DagBag from /opt/airflow/dags/medallion_dag.py
[2026-09-27T17:29:02.704+0000] {processor.py:925} INFO - DAG(s) 'medallion_pipeline' retrieved from /opt/airflow/dags/medallion_dag.py
[2026-09-27T17:29:02.731+0000] {logging_mixin.py:190} INFO - [2026-09-27T17:29:02.730+0000] {dag.py:3239} INFO - Sync 1 DAGs
[2026-09-27T17:29:02.756+0000] {logging_mixin.py:190} INFO - [2026-09-27T17:29:02.755+0000] {dag.py:4180} INFO - Setting next_dagrun for medallion_pipeline to 2026-09-27 00:00:00+00:00, run_after=2026-09-28 00:00:00+00:00
[2026-09-27T17:29:02.781+0000] {processor.py:208} INFO - Processing /opt/airflow/dags/medallion_dag.py took 0.796 seconds
[2026-09-27T17:29:33.193+0000] {processor.py:186} INFO - Started process (PID=2514) to work on /opt/airflow/dags/medallion_dag.py
[2026-09-27T17:29:33.195+0000] {processor.py:914} INFO - Processing file /opt/airflow/dags/medallion_dag.py for tasks to queue
[2026-09-27T17:29:33.198+0000] {logging_mixin.py:190} INFO - [2026-09-27T17:29:33.198+0000] {dagbag.py:588} INFO - Filling up the DagBag from /opt/airflow/dags/medallion_dag.py
[2026-09-27T17:29:33.618+0000] {processor.py:925} INFO - DAG(s) 'medallion_pipeline' retrieved from /opt/airflow/dags/medallion_dag.py
[2026-09-27T17:29:33.641+0000] {logging_mixin.py:190} INFO - [2026-09-27T17:29:33.640+0000] {dag.py:3239} INFO - Sync 1 DAGs
[2026-09-27T17:29:33.664+0000] {logging_mixin.py:190} INFO - [2026-09-27T17:29:33.664+0000] {dag.py:4180} INFO - Setting next_dagrun for medallion_pipeline to 2026-09-27 00:00:00+00:00, run_after=2026-09-28 00:00:00+00:00
[2026-09-27T17:29:33.704+0000] {processor.py:208} INFO - Processing /opt/airflow/dags/medallion_dag.py took 0.517 seconds
[2026-09-27T17:30:04.074+0000] {processor.py:186} INFO - Started process (PID=2958) to work on /opt/airflow/dags/medallion_dag.py
[2026-09-27T17:30:04.076+0000] {processor.py:914} INFO - Processing file /opt/airflow/dags/medallion_dag.py for tasks to queue
[2026-09-27T17:30:04.084+0000] {logging_mixin.py:190} INFO - [2026-09-27T17:30:04.083+0000] {dagbag.py:588} INFO - Filling up the DagBag from /opt/airflow/dags/medallion_dag.py
[2026-09-27T17:30:04.506+0000] {processor.py:925} INFO - DAG(s) 'medallion_pipeline' retrieved from /opt/airflow/dags/medallion_dag.py
[2026-09-27T17:30:04.552+0000] {logging_mixin.py:190} INFO - [2026-09-27T17:30:04.552+0000] {dag.py:3239} INFO - Sync 1 DAGs
[2026-09-27T17:30:04.841+0000] {logging_mixin.py:190} INFO - [2026-09-27T17:30:04.841+0000] {dag.py:4180} INFO - Setting next_dagrun for medallion_pipeline to 2026-09-27 00:00:00+00:00, run_after=2026-09-28 00:00:00+00:00
[2026-09-27T17:30:04.871+0000] {processor.py:208} INFO - Processing /opt/airflow/dags/medallion_dag.py took 0.811 seconds
[2026-09-27T17:30:35.041+0000] {processor.py:186} INFO - Started process (PID=3585) to work on /opt/airflow/dags/medallion_dag.py
[2026-09-27T17:30:35.044+0000] {processor.py:914} INFO - Processing file /opt/airflow/dags/medallion_dag.py for tasks to queue
[2026-09-27T17:30:35.052+0000] {logging_mixin.py:190} INFO - [2026-09-27T17:30:35.052+0000] {dagbag.py:588} INFO - Filling up the DagBag from /opt/airflow/dags/medallion_dag.py
[2026-09-27T17:30:35.571+0000] {processor.py:925} INFO - DAG(s) 'medallion_pipeline' retrieved from /opt/airflow/dags/medallion_dag.py
[2026-09-27T17:30:35.935+0000] {logging_mixin.py:190} INFO - [2026-09-27T17:30:35.935+0000] {dag.py:3239} INFO - Sync 1 DAGs
[2026-09-27T17:30:35.974+0000] {logging_mixin.py:190} INFO - [2026-09-27T17:30:35.974+0000] {dag.py:4180} INFO - Setting next_dagrun for medallion_pipeline to 2026-09-27 00:00:00+00:00, run_after=2026-09-28 00:00:00+00:00
[2026-09-27T17:30:36.007+0000] {processor.py:208} INFO - Processing /opt/airflow/dags/medallion_dag.py took 0.983 seconds
[2026-09-27T17:31:06.369+0000] {processor.py:186} INFO - Started process (PID=4206) to work on /opt/airflow/dags/medallion_dag.py
[2026-09-27T17:31:06.371+0000] {processor.py:914} INFO - Processing file /opt/airflow/dags/medallion_dag.py for tasks to queue
[2026-09-27T17:31:06.380+0000] {logging_mixin.py:190} INFO - [2026-09-27T17:31:06.378+0000] {dagbag.py:588} INFO - Filling up the DagBag from /opt/airflow/dags/medallion_dag.py
[2026-09-27T17:31:07.232+0000] {processor.py:925} INFO - DAG(s) 'medallion_pipeline' retrieved from /opt/airflow/dags/medallion_dag.py
[2026-09-27T17:31:07.258+0000] {logging_mixin.py:190} INFO - [2026-09-27T17:31:07.258+0000] {dag.py:3239} INFO - Sync 1 DAGs
[2026-09-27T17:31:07.284+0000] {logging_mixin.py:190} INFO - [2026-09-27T17:31:07.283+0000] {dag.py:4180} INFO - Setting next_dagrun for medallion_pipeline to 2026-09-27 00:00:00+00:00, run_after=2026-09-28 00:00:00+00:00
[2026-09-27T17:31:07.307+0000] {processor.py:208} INFO - Processing /opt/airflow/dags/medallion_dag.py took 0.951 seconds
[2026-09-27T17:31:37.743+0000] {processor.py:186} INFO - Started process (PID=4443) to work on /opt/airflow/dags/medallion_dag.py
[2026-09-27T17:31:37.746+0000] {processor.py:914} INFO - Processing file /opt/airflow/dags/medallion_dag.py for tasks to queue
[2026-09-27T17:31:37.749+0000] {logging_mixin.py:190} INFO - [2026-09-27T17:31:37.749+0000] {dagbag.py:588} INFO - Filling up the DagBag from /opt/airflow/dags/medallion_dag.py
[2026-09-27T17:31:38.328+0000] {processor.py:925} INFO - DAG(s) 'medallion_pipeline' retrieved from /opt/airflow/dags/medallion_dag.py
[2026-09-27T17:31:38.353+0000] {logging_mixin.py:190} INFO - [2026-09-27T17:31:38.353+0000] {dag.py:3239} INFO - Sync 1 DAGs
[2026-09-27T17:31:38.375+0000] {logging_mixin.py:190} INFO - [2026-09-27T17:31:38.375+0000] {dag.py:4180} INFO - Setting next_dagrun for medallion_pipeline to 2026-09-27 00:00:00+00:00, run_after=2026-09-28 00:00:00+00:00
[2026-09-27T17:31:38.400+0000] {processor.py:208} INFO - Processing /opt/airflow/dags/medallion_dag.py took 0.662 seconds
[2026-09-27T17:32:08.776+0000] {processor.py:186} INFO - Started process (PID=4448) to work on /opt/airflow/dags/medallion_dag.py
[2026-09-27T17:32:08.778+0000] {processor.py:914} INFO - Processing file /opt/airflow/dags/medallion_dag.py for tasks to queue
[2026-09-27T17:32:08.781+0000] {logging_mixin.py:190} INFO - [2026-09-27T17:32:08.780+0000] {dagbag.py:588} INFO - Filling up the DagBag from /opt/airflow/dags/medallion_dag.py
[2026-09-27T17:32:09.609+0000] {processor.py:925} INFO - DAG(s) 'medallion_pipeline' retrieved from /opt/airflow/dags/medallion_dag.py
[2026-09-27T17:32:09.631+0000] {logging_mixin.py:190} INFO - [2026-09-27T17:32:09.631+0000] {dag.py:3239} INFO - Sync 1 DAGs
[2026-09-27T17:32:09.652+0000] {logging_mixin.py:190} INFO - [2026-09-27T17:32:09.652+0000] {dag.py:4180} INFO - Setting next_dagrun for medallion_pipeline to 2026-09-27 00:00:00+00:00, run_after=2026-09-28 00:00:00+00:00
[2026-09-27T17:32:09.670+0000] {processor.py:208} INFO - Processing /opt/airflow/dags/medallion_dag.py took 0.900 seconds
[2026-09-27T17:32:40.090+0000] {processor.py:186} INFO - Started process (PID=4453) to work on /opt/airflow/dags/medallion_dag.py
[2026-09-27T17:32:40.092+0000] {processor.py:914} INFO - Processing file /opt/airflow/dags/medallion_dag.py for tasks to queue
[2026-09-27T17:32:40.094+0000] {logging_mixin.py:190} INFO - [2026-09-27T17:32:40.094+0000] {dagbag.py:588} INFO - Filling up the DagBag from /opt/airflow/dags/medallion_dag.py
[2026-09-27T17:32:40.307+0000] {processor.py:925} INFO - DAG(s) 'medallion_pipeline' retrieved from /opt/airflow/dags/medallion_dag.py
[2026-09-27T17:32:40.344+0000] {logging_mixin.py:190} INFO - [2026-09-27T17:32:40.344+0000] {dag.py:3239} INFO - Sync 1 DAGs
[2026-09-27T17:32:40.534+0000] {logging_mixin.py:190} INFO - [2026-09-27T17:32:40.534+0000] {dag.py:4180} INFO - Setting next_dagrun for medallion_pipeline to 2026-09-27 00:00:00+00:00, run_after=2026-09-28 00:00:00+00:00
[2026-09-27T17:32:40.556+0000] {processor.py:208} INFO - Processing /opt/airflow/dags/medallion_dag.py took 0.472 seconds
[2026-09-27T17:33:10.819+0000] {processor.py:186} INFO - Started process (PID=4458) to work on /opt/airflow/dags/medallion_dag.py
[2026-09-27T17:33:10.821+0000] {processor.py:914} INFO - Processing file /opt/airflow/dags/medallion_dag.py for tasks to queue
[2026-09-27T17:33:10.824+0000] {logging_mixin.py:190} INFO - [2026-09-27T17:33:10.824+0000] {dagbag.py:588} INFO - Filling up the DagBag from /opt/airflow/dags/medallion_dag.py
[2026-09-27T17:33:11.037+0000] {processor.py:925} INFO - DAG(s) 'medallion_pipeline' retrieved from /opt/airflow/dags/medallion_dag.py
[2026-09-27T17:33:11.226+0000] {logging_mixin.py:190} INFO - [2026-09-27T17:33:11.226+0000] {dag.py:3239} INFO - Sync 1 DAGs
[2026-09-27T17:33:11.249+0000] {logging_mixin.py:190} INFO - [2026-09-27T17:33:11.249+0000] {dag.py:4180} INFO - Setting next_dagrun for medallion_pipeline to 2026-09-27 00:00:00+00:00, run_after=2026-09-28 00:00:00+00:00
[2026-09-27T17:33:11.271+0000] {processor.py:208} INFO - Processing /opt/airflow/dags/medallion_dag.py took 0.457 seconds
[2026-09-27T17:33:41.789+0000] {processor.py:186} INFO - Started process (PID=4463) to work on /opt/airflow/dags/medallion_dag.py
[2026-09-27T17:33:41.791+0000] {processor.py:914} INFO - Processing file /opt/airflow/dags/medallion_dag.py for tasks to queue
[2026-09-27T17:33:41.797+0000] {logging_mixin.py:190} INFO - [2026-09-27T17:33:41.797+0000] {dagbag.py:588} INFO - Filling up the DagBag from /opt/airflow/dags/medallion_dag.py
[2026-09-27T17:33:42.199+0000] {processor.py:925} INFO - DAG(s) 'medallion_pipeline' retrieved from /opt/airflow/dags/medallion_dag.py
[2026-09-27T17:33:42.226+0000] {logging_mixin.py:190} INFO - [2026-09-27T17:33:42.225+0000] {dag.py:3239} INFO - Sync 1 DAGs
[2026-09-27T17:33:42.249+0000] {logging_mixin.py:190} INFO - [2026-09-27T17:33:42.248+0000] {dag.py:4180} INFO - Setting next_dagrun for medallion_pipeline to 2026-09-27 00:00:00+00:00, run_after=2026-09-28 00:00:00+00:00
[2026-09-27T17:33:42.267+0000] {processor.py:208} INFO - Processing /opt/airflow/dags/medallion_dag.py took 0.487 seconds
[2026-09-27T17:34:12.598+0000] {processor.py:186} INFO - Started process (PID=4468) to work on /opt/airflow/dags/medallion_dag.py
[2026-09-27T17:34:12.601+0000] {processor.py:914} INFO - Processing file /opt/airflow/dags/medallion_dag.py for tasks to queue
[2026-09-27T17:34:12.604+0000] {logging_mixin.py:190} INFO - [2026-09-27T17:34:12.604+0000] {dagbag.py:588} INFO - Filling up the DagBag from /opt/airflow/dags/medallion_dag.py
[2026-09-27T17:34:12.954+0000] {processor.py:925} INFO - DAG(s) 'medallion_pipeline' retrieved from /opt/airflow/dags/medallion_dag.py
[2026-09-27T17:34:12.976+0000] {logging_mixin.py:190} INFO - [2026-09-27T17:34:12.976+0000] {dag.py:3239} INFO - Sync 1 DAGs
[2026-09-27T17:34:12.997+0000] {logging_mixin.py:190} INFO - [2026-09-27T17:34:12.997+0000] {dag.py:4180} INFO - Setting next_dagrun for medallion_pipeline to 2026-09-27 00:00:00+00:00, run_after=2026-09-28 00:00:00+00:00
[2026-09-27T17:34:13.019+0000] {processor.py:208} INFO - Processing /opt/airflow/dags/medallion_dag.py took 0.426 seconds
[2026-09-27T17:34:43.398+0000] {processor.py:186} INFO - Started process (PID=4473) to work on /opt/airflow/dags/medallion_dag.py
[2026-09-27T17:34:43.399+0000] {processor.py:914} INFO - Processing file /opt/airflow/dags/medallion_dag.py for tasks to queue
[2026-09-27T17:34:43.402+0000] {logging_mixin.py:190} INFO - [2026-09-27T17:34:43.402+0000] {dagbag.py:588} INFO - Filling up the DagBag from /opt/airflow/dags/medallion_dag.py
[2026-09-27T17:34:43.791+0000] {processor.py:925} INFO - DAG(s) 'medallion_pipeline' retrieved from /opt/airflow/dags/medallion_dag.py
[2026-09-27T17:34:43.813+0000] {logging_mixin.py:190} INFO - [2026-09-27T17:34:43.813+0000] {dag.py:3239} INFO - Sync 1 DAGs
[2026-09-27T17:34:43.834+0000] {logging_mixin.py:190} INFO - [2026-09-27T17:34:43.834+0000] {dag.py:4180} INFO - Setting next_dagrun for medallion_pipeline to 2026-09-27 00:00:00+00:00, run_after=2026-09-28 00:00:00+00:00
[2026-09-27T17:34:43.854+0000] {processor.py:208} INFO - Processing /opt/airflow/dags/medallion_dag.py took 0.464 seconds
[2026-09-27T17:35:14.211+0000] {processor.py:186} INFO - Started process (PID=4478) to work on /opt/airflow/dags/medallion_dag.py
[2026-09-27T17:35:14.213+0000] {processor.py:914} INFO - Processing file /opt/airflow/dags/medallion_dag.py for tasks to queue
[2026-09-27T17:35:14.217+0000] {logging_mixin.py:190} INFO - [2026-09-27T17:35:14.217+0000] {dagbag.py:588} INFO - Filling up the DagBag from /opt/airflow/dags/medallion_dag.py
[2026-09-27T17:35:14.589+0000] {processor.py:925} INFO - DAG(s) 'medallion_pipeline' retrieved from /opt/airflow/dags/medallion_dag.py
[2026-09-27T17:35:14.612+0000] {logging_mixin.py:190} INFO - [2026-09-27T17:35:14.612+0000] {dag.py:3239} INFO - Sync 1 DAGs
[2026-09-27T17:35:14.635+0000] {logging_mixin.py:190} INFO - [2026-09-27T17:35:14.634+0000] {dag.py:4180} INFO - Setting next_dagrun for medallion_pipeline to 2026-09-27 00:00:00+00:00, run_after=2026-09-28 00:00:00+00:00
[2026-09-27T17:35:14.652+0000] {processor.py:208} INFO - Processing /opt/airflow/dags/medallion_dag.py took 0.449 seconds
[2026-09-27T17:35:45.045+0000] {processor.py:186} INFO - Started process (PID=4483) to work on /opt/airflow/dags/medallion_dag.py
[2026-09-27T17:35:45.046+0000] {processor.py:914} INFO - Processing file /opt/airflow/dags/medallion_dag.py for tasks to queue
[2026-09-27T17:35:45.049+0000] {logging_mixin.py:190} INFO - [2026-09-27T17:35:45.048+0000] {dagbag.py:588} INFO - Filling up the DagBag from /opt/airflow/dags/medallion_dag.py
[2026-09-27T17:35:45.251+0000] {processor.py:925} INFO - DAG(s) 'medallion_pipeline' retrieved from /opt/airflow/dags/medallion_dag.py
[2026-09-27T17:35:45.280+0000] {logging_mixin.py:190} INFO - [2026-09-27T17:35:45.280+0000] {dag.py:3239} INFO - Sync 1 DAGs
[2026-09-27T17:35:45.472+0000] {logging_mixin.py:190} INFO - [2026-09-27T17:35:45.471+0000] {dag.py:4180} INFO - Setting next_dagrun for medallion_pipeline to 2026-09-27 00:00:00+00:00, run_after=2026-09-28 00:00:00+00:00
[2026-09-27T17:35:45.489+0000] {processor.py:208} INFO - Processing /opt/airflow/dags/medallion_dag.py took 0.451 seconds
[2026-09-27T17:36:15.798+0000] {processor.py:186} INFO - Started process (PID=4488) to work on /opt/airflow/dags/medallion_dag.py
[2026-09-27T17:36:15.799+0000] {processor.py:914} INFO - Processing file /opt/airflow/dags/medallion_dag.py for tasks to queue
[2026-09-27T17:36:15.802+0000] {logging_mixin.py:190} INFO - [2026-09-27T17:36:15.802+0000] {dagbag.py:588} INFO - Filling up the DagBag from /opt/airflow/dags/medallion_dag.py
[2026-09-27T17:36:16.090+0000] {processor.py:925} INFO - DAG(s) 'medallion_pipeline' retrieved from /opt/airflow/dags/medallion_dag.py
[2026-09-27T17:36:16.279+0000] {logging_mixin.py:190} INFO - [2026-09-27T17:36:16.278+0000] {dag.py:3239} INFO - Sync 1 DAGs
[2026-09-27T17:36:16.300+0000] {logging_mixin.py:190} INFO - [2026-09-27T17:36:16.300+0000] {dag.py:4180} INFO - Setting next_dagrun for medallion_pipeline to 2026-09-27 00:00:00+00:00, run_after=2026-09-28 00:00:00+00:00
[2026-09-27T17:36:16.318+0000] {processor.py:208} INFO - Processing /opt/airflow/dags/medallion_dag.py took 0.525 seconds
[2026-09-27T17:36:46.658+0000] {processor.py:186} INFO - Started process (PID=4493) to work on /opt/airflow/dags/medallion_dag.py
[2026-09-27T17:36:46.659+0000] {processor.py:914} INFO - Processing file /opt/airflow/dags/medallion_dag.py for tasks to queue
[2026-09-27T17:36:46.662+0000] {logging_mixin.py:190} INFO - [2026-09-27T17:36:46.662+0000] {dagbag.py:588} INFO - Filling up the DagBag from /opt/airflow/dags/medallion_dag.py
[2026-09-27T17:36:47.308+0000] {processor.py:925} INFO - DAG(s) 'medallion_pipeline' retrieved from /opt/airflow/dags/medallion_dag.py
[2026-09-27T17:36:47.333+0000] {logging_mixin.py:190} INFO - [2026-09-27T17:36:47.332+0000] {dag.py:3239} INFO - Sync 1 DAGs
[2026-09-27T17:36:47.356+0000] {logging_mixin.py:190} INFO - [2026-09-27T17:36:47.356+0000] {dag.py:4180} INFO - Setting next_dagrun for medallion_pipeline to 2026-09-27 00:00:00+00:00, run_after=2026-09-28 00:00:00+00:00
[2026-09-27T17:36:47.375+0000] {processor.py:208} INFO - Processing /opt/airflow/dags/medallion_dag.py took 0.724 seconds
[2026-09-27T17:37:17.547+0000] {processor.py:186} INFO - Started process (PID=4498) to work on /opt/airflow/dags/medallion_dag.py
[2026-09-27T17:37:17.549+0000] {processor.py:914} INFO - Processing file /opt/airflow/dags/medallion_dag.py for tasks to queue
[2026-09-27T17:37:17.554+0000] {logging_mixin.py:190} INFO - [2026-09-27T17:37:17.553+0000] {dagbag.py:588} INFO - Filling up the DagBag from /opt/airflow/dags/medallion_dag.py
[2026-09-27T17:37:17.956+0000] {processor.py:925} INFO - DAG(s) 'medallion_pipeline' retrieved from /opt/airflow/dags/medallion_dag.py
[2026-09-27T17:37:17.978+0000] {logging_mixin.py:190} INFO - [2026-09-27T17:37:17.977+0000] {dag.py:3239} INFO - Sync 1 DAGs
[2026-09-27T17:37:17.998+0000] {logging_mixin.py:190} INFO - [2026-09-27T17:37:17.998+0000] {dag.py:4180} INFO - Setting next_dagrun for medallion_pipeline to 2026-09-27 00:00:00+00:00, run_after=2026-09-28 00:00:00+00:00
[2026-09-27T17:37:18.021+0000] {processor.py:208} INFO - Processing /opt/airflow/dags/medallion_dag.py took 0.482 seconds
[2026-09-27T17:37:48.208+0000] {processor.py:186} INFO - Started process (PID=4503) to work on /opt/airflow/dags/medallion_dag.py
[2026-09-27T17:37:48.210+0000] {processor.py:914} INFO - Processing file /opt/airflow/dags/medallion_dag.py for tasks to queue
[2026-09-27T17:37:48.214+0000] {logging_mixin.py:190} INFO - [2026-09-27T17:37:48.214+0000] {dagbag.py:588} INFO - Filling up the DagBag from /opt/airflow/dags/medallion_dag.py
[2026-09-27T17:37:48.601+0000] {processor.py:925} INFO - DAG(s) 'medallion_pipeline' retrieved from /opt/airflow/dags/medallion_dag.py
[2026-09-27T17:37:48.624+0000] {logging_mixin.py:190} INFO - [2026-09-27T17:37:48.623+0000] {dag.py:3239} INFO - Sync 1 DAGs
[2026-09-27T17:37:48.646+0000] {logging_mixin.py:190} INFO - [2026-09-27T17:37:48.646+0000] {dag.py:4180} INFO - Setting next_dagrun for medallion_pipeline to 2026-09-27 00:00:00+00:00, run_after=2026-09-28 00:00:00+00:00
[2026-09-27T17:37:48.668+0000] {processor.py:208} INFO - Processing /opt/airflow/dags/medallion_dag.py took 0.467 seconds
[2026-09-27T17:38:18.787+0000] {processor.py:186} INFO - Started process (PID=4508) to work on /opt/airflow/dags/medallion_dag.py
[2026-09-27T17:38:18.789+0000] {processor.py:914} INFO - Processing file /opt/airflow/dags/medallion_dag.py for tasks to queue
[2026-09-27T17:38:18.792+0000] {logging_mixin.py:190} INFO - [2026-09-27T17:38:18.791+0000] {dagbag.py:588} INFO - Filling up the DagBag from /opt/airflow/dags/medallion_dag.py
[2026-09-27T17:38:19.168+0000] {processor.py:925} INFO - DAG(s) 'medallion_pipeline' retrieved from /opt/airflow/dags/medallion_dag.py
[2026-09-27T17:38:19.189+0000] {logging_mixin.py:190} INFO - [2026-09-27T17:38:19.189+0000] {dag.py:3239} INFO - Sync 1 DAGs
[2026-09-27T17:38:19.212+0000] {logging_mixin.py:190} INFO - [2026-09-27T17:38:19.212+0000] {dag.py:4180} INFO - Setting next_dagrun for medallion_pipeline to 2026-09-27 00:00:00+00:00, run_after=2026-09-28 00:00:00+00:00
[2026-09-27T17:38:19.235+0000] {processor.py:208} INFO - Processing /opt/airflow/dags/medallion_dag.py took 0.454 seconds
[2026-09-27T17:38:49.365+0000] {processor.py:186} INFO - Started process (PID=4513) to work on /opt/airflow/dags/medallion_dag.py
[2026-09-27T17:38:49.367+0000] {processor.py:914} INFO - Processing file /opt/airflow/dags/medallion_dag.py for tasks to queue
[2026-09-27T17:38:49.370+0000] {logging_mixin.py:190} INFO - [2026-09-27T17:38:49.370+0000] {dagbag.py:588} INFO - Filling up the DagBag from /opt/airflow/dags/medallion_dag.py
[2026-09-27T17:38:49.596+0000] {processor.py:925} INFO - DAG(s) 'medallion_pipeline' retrieved from /opt/airflow/dags/medallion_dag.py
[2026-09-27T17:38:49.780+0000] {logging_mixin.py:190} INFO - [2026-09-27T17:38:49.780+0000] {dag.py:3239} INFO - Sync 1 DAGs
[2026-09-27T17:38:49.802+0000] {logging_mixin.py:190} INFO - [2026-09-27T17:38:49.802+0000] {dag.py:4180} INFO - Setting next_dagrun for medallion_pipeline to 2026-09-27 00:00:00+00:00, run_after=2026-09-28 00:00:00+00:00
[2026-09-27T17:38:49.820+0000] {processor.py:208} INFO - Processing /opt/airflow/dags/medallion_dag.py took 0.463 seconds
[2026-09-27T17:39:19.953+0000] {processor.py:186} INFO - Started process (PID=4518) to work on /opt/airflow/dags/medallion_dag.py
[2026-09-27T17:39:19.955+0000] {processor.py:914} INFO - Processing file /opt/airflow/dags/medallion_dag.py for tasks to queue
[2026-09-27T17:39:19.957+0000] {logging_mixin.py:190} INFO - [2026-09-27T17:39:19.957+0000] {dagbag.py:588} INFO - Filling up the DagBag from /opt/airflow/dags/medallion_dag.py
[2026-09-27T17:39:20.171+0000] {processor.py:925} INFO - DAG(s) 'medallion_pipeline' retrieved from /opt/airflow/dags/medallion_dag.py
[2026-09-27T17:39:20.361+0000] {logging_mixin.py:190} INFO - [2026-09-27T17:39:20.360+0000] {dag.py:3239} INFO - Sync 1 DAGs
[2026-09-27T17:39:20.382+0000] {logging_mixin.py:190} INFO - [2026-09-27T17:39:20.382+0000] {dag.py:4180} INFO - Setting next_dagrun for medallion_pipeline to 2026-09-27 00:00:00+00:00, run_after=2026-09-28 00:00:00+00:00
[2026-09-27T17:39:20.399+0000] {processor.py:208} INFO - Processing /opt/airflow/dags/medallion_dag.py took 0.452 seconds
[2026-09-27T17:39:50.621+0000] {processor.py:186} INFO - Started process (PID=4523) to work on /opt/airflow/dags/medallion_dag.py
[2026-09-27T17:39:50.624+0000] {processor.py:914} INFO - Processing file /opt/airflow/dags/medallion_dag.py for tasks to queue
[2026-09-27T17:39:50.632+0000] {logging_mixin.py:190} INFO - [2026-09-27T17:39:50.631+0000] {dagbag.py:588} INFO - Filling up the DagBag from /opt/airflow/dags/medallion_dag.py
[2026-09-27T17:39:51.190+0000] {processor.py:925} INFO - DAG(s) 'medallion_pipeline' retrieved from /opt/airflow/dags/medallion_dag.py
[2026-09-27T17:39:51.216+0000] {logging_mixin.py:190} INFO - [2026-09-27T17:39:51.216+0000] {dag.py:3239} INFO - Sync 1 DAGs
[2026-09-27T17:39:51.237+0000] {logging_mixin.py:190} INFO - [2026-09-27T17:39:51.237+0000] {dag.py:4180} INFO - Setting next_dagrun for medallion_pipeline to 2026-09-27 00:00:00+00:00, run_after=2026-09-28 00:00:00+00:00
[2026-09-27T17:39:51.261+0000] {processor.py:208} INFO - Processing /opt/airflow/dags/medallion_dag.py took 0.657 seconds
[2026-09-27T17:40:21.834+0000] {processor.py:186} INFO - Started process (PID=4528) to work on /opt/airflow/dags/medallion_dag.py
[2026-09-27T17:40:21.835+0000] {processor.py:914} INFO - Processing file /opt/airflow/dags/medallion_dag.py for tasks to queue
[2026-09-27T17:40:21.838+0000] {logging_mixin.py:190} INFO - [2026-09-27T17:40:21.838+0000] {dagbag.py:588} INFO - Filling up the DagBag from /opt/airflow/dags/medallion_dag.py
[2026-09-27T17:40:22.212+0000] {processor.py:925} INFO - DAG(s) 'medallion_pipeline' retrieved from /opt/airflow/dags/medallion_dag.py
[2026-09-27T17:40:22.233+0000] {logging_mixin.py:190} INFO - [2026-09-27T17:40:22.233+0000] {dag.py:3239} INFO - Sync 1 DAGs
[2026-09-27T17:40:22.256+0000] {logging_mixin.py:190} INFO - [2026-09-27T17:40:22.255+0000] {dag.py:4180} INFO - Setting next_dagrun for medallion_pipeline to 2026-09-27 00:00:00+00:00, run_after=2026-09-28 00:00:00+00:00
[2026-09-27T17:40:22.274+0000] {processor.py:208} INFO - Processing /opt/airflow/dags/medallion_dag.py took 0.446 seconds
[2026-09-27T17:40:52.480+0000] {processor.py:186} INFO - Started process (PID=4533) to work on /opt/airflow/dags/medallion_dag.py
[2026-09-27T17:40:52.481+0000] {processor.py:914} INFO - Processing file /opt/airflow/dags/medallion_dag.py for tasks to queue
[2026-09-27T17:40:52.485+0000] {logging_mixin.py:190} INFO - [2026-09-27T17:40:52.484+0000] {dagbag.py:588} INFO - Filling up the DagBag from /opt/airflow/dags/medallion_dag.py
[2026-09-27T17:40:52.857+0000] {processor.py:925} INFO - DAG(s) 'medallion_pipeline' retrieved from /opt/airflow/dags/medallion_dag.py
[2026-09-27T17:40:52.879+0000] {logging_mixin.py:190} INFO - [2026-09-27T17:40:52.879+0000] {dag.py:3239} INFO - Sync 1 DAGs
[2026-09-27T17:40:52.903+0000] {logging_mixin.py:190} INFO - [2026-09-27T17:40:52.902+0000] {dag.py:4180} INFO - Setting next_dagrun for medallion_pipeline to 2026-09-27 00:00:00+00:00, run_after=2026-09-28 00:00:00+00:00
[2026-09-27T17:40:52.924+0000] {processor.py:208} INFO - Processing /opt/airflow/dags/medallion_dag.py took 0.450 seconds
[2026-09-27T17:41:23.023+0000] {processor.py:186} INFO - Started process (PID=4538) to work on /opt/airflow/dags/medallion_dag.py
[2026-09-27T17:41:23.025+0000] {processor.py:914} INFO - Processing file /opt/airflow/dags/medallion_dag.py for tasks to queue
[2026-09-27T17:41:23.028+0000] {logging_mixin.py:190} INFO - [2026-09-27T17:41:23.028+0000] {dagbag.py:588} INFO - Filling up the DagBag from /opt/airflow/dags/medallion_dag.py
[2026-09-27T17:41:23.452+0000] {processor.py:925} INFO - DAG(s) 'medallion_pipeline' retrieved from /opt/airflow/dags/medallion_dag.py
[2026-09-27T17:41:23.474+0000] {logging_mixin.py:190} INFO - [2026-09-27T17:41:23.474+0000] {dag.py:3239} INFO - Sync 1 DAGs
[2026-09-27T17:41:23.495+0000] {logging_mixin.py:190} INFO - [2026-09-27T17:41:23.495+0000] {dag.py:4180} INFO - Setting next_dagrun for medallion_pipeline to 2026-09-27 00:00:00+00:00, run_after=2026-09-28 00:00:00+00:00
[2026-09-27T17:41:23.513+0000] {processor.py:208} INFO - Processing /opt/airflow/dags/medallion_dag.py took 0.497 seconds
[2026-09-27T17:41:53.753+0000] {processor.py:186} INFO - Started process (PID=4543) to work on /opt/airflow/dags/medallion_dag.py
[2026-09-27T17:41:53.754+0000] {processor.py:914} INFO - Processing file /opt/airflow/dags/medallion_dag.py for tasks to queue
[2026-09-27T17:41:53.757+0000] {logging_mixin.py:190} INFO - [2026-09-27T17:41:53.757+0000] {dagbag.py:588} INFO - Filling up the DagBag from /opt/airflow/dags/medallion_dag.py
[2026-09-27T17:41:54.012+0000] {processor.py:925} INFO - DAG(s) 'medallion_pipeline' retrieved from /opt/airflow/dags/medallion_dag.py
[2026-09-27T17:41:54.198+0000] {logging_mixin.py:190} INFO - [2026-09-27T17:41:54.198+0000] {dag.py:3239} INFO - Sync 1 DAGs
[2026-09-27T17:41:54.220+0000] {logging_mixin.py:190} INFO - [2026-09-27T17:41:54.220+0000] {dag.py:4180} INFO - Setting next_dagrun for medallion_pipeline to 2026-09-27 00:00:00+00:00, run_after=2026-09-28 00:00:00+00:00
[2026-09-27T17:41:54.242+0000] {processor.py:208} INFO - Processing /opt/airflow/dags/medallion_dag.py took 0.496 seconds
[2026-09-27T17:42:24.659+0000] {processor.py:186} INFO - Started process (PID=4548) to work on /opt/airflow/dags/medallion_dag.py
[2026-09-27T17:42:24.661+0000] {processor.py:914} INFO - Processing file /opt/airflow/dags/medallion_dag.py for tasks to queue
[2026-09-27T17:42:24.664+0000] {logging_mixin.py:190} INFO - [2026-09-27T17:42:24.663+0000] {dagbag.py:588} INFO - Filling up the DagBag from /opt/airflow/dags/medallion_dag.py
[2026-09-27T17:42:25.052+0000] {processor.py:925} INFO - DAG(s) 'medallion_pipeline' retrieved from /opt/airflow/dags/medallion_dag.py
[2026-09-27T17:42:25.077+0000] {logging_mixin.py:190} INFO - [2026-09-27T17:42:25.077+0000] {dag.py:3239} INFO - Sync 1 DAGs
[2026-09-27T17:42:25.100+0000] {logging_mixin.py:190} INFO - [2026-09-27T17:42:25.100+0000] {dag.py:4180} INFO - Setting next_dagrun for medallion_pipeline to 2026-09-27 00:00:00+00:00, run_after=2026-09-28 00:00:00+00:00
[2026-09-27T17:42:25.138+0000] {processor.py:208} INFO - Processing /opt/airflow/dags/medallion_dag.py took 0.484 seconds
[2026-09-27T17:42:55.499+0000] {processor.py:186} INFO - Started process (PID=4553) to work on /opt/airflow/dags/medallion_dag.py
[2026-09-27T17:42:55.502+0000] {processor.py:914} INFO - Processing file /opt/airflow/dags/medallion_dag.py for tasks to queue
[2026-09-27T17:42:55.506+0000] {logging_mixin.py:190} INFO - [2026-09-27T17:42:55.506+0000] {dagbag.py:588} INFO - Filling up the DagBag from /opt/airflow/dags/medallion_dag.py
[2026-09-27T17:42:55.897+0000] {processor.py:925} INFO - DAG(s) 'medallion_pipeline' retrieved from /opt/airflow/dags/medallion_dag.py
[2026-09-27T17:42:55.922+0000] {logging_mixin.py:190} INFO - [2026-09-27T17:42:55.922+0000] {dag.py:3239} INFO - Sync 1 DAGs
[2026-09-27T17:42:55.944+0000] {logging_mixin.py:190} INFO - [2026-09-27T17:42:55.943+0000] {dag.py:4180} INFO - Setting next_dagrun for medallion_pipeline to 2026-09-27 00:00:00+00:00, run_after=2026-09-28 00:00:00+00:00
[2026-09-27T17:42:55.963+0000] {processor.py:208} INFO - Processing /opt/airflow/dags/medallion_dag.py took 0.471 seconds
[2026-09-27T17:43:26.341+0000] {processor.py:186} INFO - Started process (PID=4558) to work on /opt/airflow/dags/medallion_dag.py
[2026-09-27T17:43:26.342+0000] {processor.py:914} INFO - Processing file /opt/airflow/dags/medallion_dag.py for tasks to queue
[2026-09-27T17:43:26.345+0000] {logging_mixin.py:190} INFO - [2026-09-27T17:43:26.345+0000] {dagbag.py:588} INFO - Filling up the DagBag from /opt/airflow/dags/medallion_dag.py
[2026-09-27T17:43:26.700+0000] {processor.py:925} INFO - DAG(s) 'medallion_pipeline' retrieved from /opt/airflow/dags/medallion_dag.py
[2026-09-27T17:43:26.723+0000] {logging_mixin.py:190} INFO - [2026-09-27T17:43:26.723+0000] {dag.py:3239} INFO - Sync 1 DAGs
[2026-09-27T17:43:26.748+0000] {logging_mixin.py:190} INFO - [2026-09-27T17:43:26.747+0000] {dag.py:4180} INFO - Setting next_dagrun for medallion_pipeline to 2026-09-27 00:00:00+00:00, run_after=2026-09-28 00:00:00+00:00
[2026-09-27T17:43:26.768+0000] {processor.py:208} INFO - Processing /opt/airflow/dags/medallion_dag.py took 0.433 seconds
[2026-09-27T17:43:57.116+0000] {processor.py:186} INFO - Started process (PID=4563) to work on /opt/airflow/dags/medallion_dag.py
[2026-09-27T17:43:57.117+0000] {processor.py:914} INFO - Processing file /opt/airflow/dags/medallion_dag.py for tasks to queue
[2026-09-27T17:43:57.120+0000] {logging_mixin.py:190} INFO - [2026-09-27T17:43:57.119+0000] {dagbag.py:588} INFO - Filling up the DagBag from /opt/airflow/dags/medallion_dag.py
[2026-09-27T17:43:57.505+0000] {processor.py:925} INFO - DAG(s) 'medallion_pipeline' retrieved from /opt/airflow/dags/medallion_dag.py
[2026-09-27T17:43:57.527+0000] {logging_mixin.py:190} INFO - [2026-09-27T17:43:57.527+0000] {dag.py:3239} INFO - Sync 1 DAGs
[2026-09-27T17:43:57.549+0000] {logging_mixin.py:190} INFO - [2026-09-27T17:43:57.549+0000] {dag.py:4180} INFO - Setting next_dagrun for medallion_pipeline to 2026-09-27 00:00:00+00:00, run_after=2026-09-28 00:00:00+00:00
[2026-09-27T17:43:57.567+0000] {processor.py:208} INFO - Processing /opt/airflow/dags/medallion_dag.py took 0.458 seconds
[2026-09-27T17:44:27.928+0000] {processor.py:186} INFO - Started process (PID=4568) to work on /opt/airflow/dags/medallion_dag.py
[2026-09-27T17:44:27.929+0000] {processor.py:914} INFO - Processing file /opt/airflow/dags/medallion_dag.py for tasks to queue
[2026-09-27T17:44:27.933+0000] {logging_mixin.py:190} INFO - [2026-09-27T17:44:27.932+0000] {dagbag.py:588} INFO - Filling up the DagBag from /opt/airflow/dags/medallion_dag.py
[2026-09-27T17:44:28.298+0000] {processor.py:925} INFO - DAG(s) 'medallion_pipeline' retrieved from /opt/airflow/dags/medallion_dag.py
[2026-09-27T17:44:28.322+0000] {logging_mixin.py:190} INFO - [2026-09-27T17:44:28.321+0000] {dag.py:3239} INFO - Sync 1 DAGs
[2026-09-27T17:44:28.342+0000] {logging_mixin.py:190} INFO - [2026-09-27T17:44:28.342+0000] {dag.py:4180} INFO - Setting next_dagrun for medallion_pipeline to 2026-09-27 00:00:00+00:00, run_after=2026-09-28 00:00:00+00:00
[2026-09-27T17:44:28.364+0000] {processor.py:208} INFO - Processing /opt/airflow/dags/medallion_dag.py took 0.443 seconds
[2026-09-27T17:44:58.710+0000] {processor.py:186} INFO - Started process (PID=4573) to work on /opt/airflow/dags/medallion_dag.py
[2026-09-27T17:44:58.711+0000] {processor.py:914} INFO - Processing file /opt/airflow/dags/medallion_dag.py for tasks to queue
[2026-09-27T17:44:58.714+0000] {logging_mixin.py:190} INFO - [2026-09-27T17:44:58.714+0000] {dagbag.py:588} INFO - Filling up the DagBag from /opt/airflow/dags/medallion_dag.py
[2026-09-27T17:44:58.924+0000] {processor.py:925} INFO - DAG(s) 'medallion_pipeline' retrieved from /opt/airflow/dags/medallion_dag.py
[2026-09-27T17:44:59.112+0000] {logging_mixin.py:190} INFO - [2026-09-27T17:44:59.111+0000] {dag.py:3239} INFO - Sync 1 DAGs
[2026-09-27T17:44:59.134+0000] {logging_mixin.py:190} INFO - [2026-09-27T17:44:59.133+0000] {dag.py:4180} INFO - Setting next_dagrun for medallion_pipeline to 2026-09-27 00:00:00+00:00, run_after=2026-09-28 00:00:00+00:00
[2026-09-27T17:44:59.151+0000] {processor.py:208} INFO - Processing /opt/airflow/dags/medallion_dag.py took 0.447 seconds
[2026-09-27T17:45:29.577+0000] {processor.py:186} INFO - Started process (PID=4578) to work on /opt/airflow/dags/medallion_dag.py
[2026-09-27T17:45:29.579+0000] {processor.py:914} INFO - Processing file /opt/airflow/dags/medallion_dag.py for tasks to queue
[2026-09-27T17:45:29.582+0000] {logging_mixin.py:190} INFO - [2026-09-27T17:45:29.582+0000] {dagbag.py:588} INFO - Filling up the DagBag from /opt/airflow/dags/medallion_dag.py
[2026-09-27T17:45:29.958+0000] {processor.py:925} INFO - DAG(s) 'medallion_pipeline' retrieved from /opt/airflow/dags/medallion_dag.py
[2026-09-27T17:45:29.981+0000] {logging_mixin.py:190} INFO - [2026-09-27T17:45:29.981+0000] {dag.py:3239} INFO - Sync 1 DAGs
[2026-09-27T17:45:30.002+0000] {logging_mixin.py:190} INFO - [2026-09-27T17:45:30.002+0000] {dag.py:4180} INFO - Setting next_dagrun for medallion_pipeline to 2026-09-27 00:00:00+00:00, run_after=2026-09-28 00:00:00+00:00
[2026-09-27T17:45:30.020+0000] {processor.py:208} INFO - Processing /opt/airflow/dags/medallion_dag.py took 0.452 seconds
[2026-09-27T17:46:00.340+0000] {processor.py:186} INFO - Started process (PID=4583) to work on /opt/airflow/dags/medallion_dag.py
[2026-09-27T17:46:00.342+0000] {processor.py:914} INFO - Processing file /opt/airflow/dags/medallion_dag.py for tasks to queue
[2026-09-27T17:46:00.344+0000] {logging_mixin.py:190} INFO - [2026-09-27T17:46:00.344+0000] {dagbag.py:588} INFO - Filling up the DagBag from /opt/airflow/dags/medallion_dag.py
[2026-09-27T17:46:00.720+0000] {processor.py:925} INFO - DAG(s) 'medallion_pipeline' retrieved from /opt/airflow/dags/medallion_dag.py
[2026-09-27T17:46:00.742+0000] {logging_mixin.py:190} INFO - [2026-09-27T17:46:00.742+0000] {dag.py:3239} INFO - Sync 1 DAGs
[2026-09-27T17:46:00.763+0000] {logging_mixin.py:190} INFO - [2026-09-27T17:46:00.762+0000] {dag.py:4180} INFO - Setting next_dagrun for medallion_pipeline to 2026-09-27 00:00:00+00:00, run_after=2026-09-28 00:00:00+00:00
[2026-09-27T17:46:00.782+0000] {processor.py:208} INFO - Processing /opt/airflow/dags/medallion_dag.py took 0.448 seconds
[2026-09-27T17:46:31.173+0000] {processor.py:186} INFO - Started process (PID=4588) to work on /opt/airflow/dags/medallion_dag.py
[2026-09-27T17:46:31.174+0000] {processor.py:914} INFO - Processing file /opt/airflow/dags/medallion_dag.py for tasks to queue
[2026-09-27T17:46:31.179+0000] {logging_mixin.py:190} INFO - [2026-09-27T17:46:31.179+0000] {dagbag.py:588} INFO - Filling up the DagBag from /opt/airflow/dags/medallion_dag.py
[2026-09-27T17:46:31.560+0000] {processor.py:925} INFO - DAG(s) 'medallion_pipeline' retrieved from /opt/airflow/dags/medallion_dag.py
[2026-09-27T17:46:31.583+0000] {logging_mixin.py:190} INFO - [2026-09-27T17:46:31.582+0000] {dag.py:3239} INFO - Sync 1 DAGs
[2026-09-27T17:46:31.604+0000] {logging_mixin.py:190} INFO - [2026-09-27T17:46:31.604+0000] {dag.py:4180} INFO - Setting next_dagrun for medallion_pipeline to 2026-09-27 00:00:00+00:00, run_after=2026-09-28 00:00:00+00:00
[2026-09-27T17:46:31.622+0000] {processor.py:208} INFO - Processing /opt/airflow/dags/medallion_dag.py took 0.455 seconds
[2026-09-27T17:47:02.079+0000] {processor.py:186} INFO - Started process (PID=4593) to work on /opt/airflow/dags/medallion_dag.py
[2026-09-27T17:47:02.080+0000] {processor.py:914} INFO - Processing file /opt/airflow/dags/medallion_dag.py for tasks to queue
[2026-09-27T17:47:02.083+0000] {logging_mixin.py:190} INFO - [2026-09-27T17:47:02.083+0000] {dagbag.py:588} INFO - Filling up the DagBag from /opt/airflow/dags/medallion_dag.py
[2026-09-27T17:47:02.467+0000] {processor.py:925} INFO - DAG(s) 'medallion_pipeline' retrieved from /opt/airflow/dags/medallion_dag.py
[2026-09-27T17:47:02.489+0000] {logging_mixin.py:190} INFO - [2026-09-27T17:47:02.489+0000] {dag.py:3239} INFO - Sync 1 DAGs
[2026-09-27T17:47:02.512+0000] {logging_mixin.py:190} INFO - [2026-09-27T17:47:02.512+0000] {dag.py:4180} INFO - Setting next_dagrun for medallion_pipeline to 2026-09-27 00:00:00+00:00, run_after=2026-09-28 00:00:00+00:00
[2026-09-27T17:47:02.530+0000] {processor.py:208} INFO - Processing /opt/airflow/dags/medallion_dag.py took 0.457 seconds
[2026-09-27T17:47:32.963+0000] {processor.py:186} INFO - Started process (PID=4598) to work on /opt/airflow/dags/medallion_dag.py
[2026-09-27T17:47:32.965+0000] {processor.py:914} INFO - Processing file /opt/airflow/dags/medallion_dag.py for tasks to queue
[2026-09-27T17:47:32.968+0000] {logging_mixin.py:190} INFO - [2026-09-27T17:47:32.967+0000] {dagbag.py:588} INFO - Filling up the DagBag from /opt/airflow/dags/medallion_dag.py
[2026-09-27T17:47:33.285+0000] {processor.py:925} INFO - DAG(s) 'medallion_pipeline' retrieved from /opt/airflow/dags/medallion_dag.py
[2026-09-27T17:47:33.475+0000] {logging_mixin.py:190} INFO - [2026-09-27T17:47:33.475+0000] {dag.py:3239} INFO - Sync 1 DAGs
[2026-09-27T17:47:33.500+0000] {logging_mixin.py:190} INFO - [2026-09-27T17:47:33.500+0000] {dag.py:4180} INFO - Setting next_dagrun for medallion_pipeline to 2026-09-27 00:00:00+00:00, run_after=2026-09-28 00:00:00+00:00
[2026-09-27T17:47:33.518+0000] {processor.py:208} INFO - Processing /opt/airflow/dags/medallion_dag.py took 0.562 seconds
[2026-09-27T17:48:03.827+0000] {processor.py:186} INFO - Started process (PID=4603) to work on /opt/airflow/dags/medallion_dag.py
[2026-09-27T17:48:03.828+0000] {processor.py:914} INFO - Processing file /opt/airflow/dags/medallion_dag.py for tasks to queue
[2026-09-27T17:48:03.831+0000] {logging_mixin.py:190} INFO - [2026-09-27T17:48:03.831+0000] {dagbag.py:588} INFO - Filling up the DagBag from /opt/airflow/dags/medallion_dag.py
[2026-09-27T17:48:04.063+0000] {processor.py:925} INFO - DAG(s) 'medallion_pipeline' retrieved from /opt/airflow/dags/medallion_dag.py
[2026-09-27T17:48:04.250+0000] {logging_mixin.py:190} INFO - [2026-09-27T17:48:04.250+0000] {dag.py:3239} INFO - Sync 1 DAGs
[2026-09-27T17:48:04.272+0000] {logging_mixin.py:190} INFO - [2026-09-27T17:48:04.271+0000] {dag.py:4180} INFO - Setting next_dagrun for medallion_pipeline to 2026-09-27 00:00:00+00:00, run_after=2026-09-28 00:00:00+00:00
[2026-09-27T17:48:04.291+0000] {processor.py:208} INFO - Processing /opt/airflow/dags/medallion_dag.py took 0.471 seconds
[2026-09-27T17:48:34.649+0000] {processor.py:186} INFO - Started process (PID=4608) to work on /opt/airflow/dags/medallion_dag.py
[2026-09-27T17:48:34.651+0000] {processor.py:914} INFO - Processing file /opt/airflow/dags/medallion_dag.py for tasks to queue
[2026-09-27T17:48:34.655+0000] {logging_mixin.py:190} INFO - [2026-09-27T17:48:34.654+0000] {dagbag.py:588} INFO - Filling up the DagBag from /opt/airflow/dags/medallion_dag.py
[2026-09-27T17:48:35.024+0000] {processor.py:925} INFO - DAG(s) 'medallion_pipeline' retrieved from /opt/airflow/dags/medallion_dag.py
[2026-09-27T17:48:35.047+0000] {logging_mixin.py:190} INFO - [2026-09-27T17:48:35.047+0000] {dag.py:3239} INFO - Sync 1 DAGs
[2026-09-27T17:48:35.067+0000] {logging_mixin.py:190} INFO - [2026-09-27T17:48:35.067+0000] {dag.py:4180} INFO - Setting next_dagrun for medallion_pipeline to 2026-09-27 00:00:00+00:00, run_after=2026-09-28 00:00:00+00:00
[2026-09-27T17:48:35.085+0000] {processor.py:208} INFO - Processing /opt/airflow/dags/medallion_dag.py took 0.443 seconds
[2026-09-27T17:49:05.501+0000] {processor.py:186} INFO - Started process (PID=4613) to work on /opt/airflow/dags/medallion_dag.py
[2026-09-27T17:49:05.502+0000] {processor.py:914} INFO - Processing file /opt/airflow/dags/medallion_dag.py for tasks to queue
[2026-09-27T17:49:05.505+0000] {logging_mixin.py:190} INFO - [2026-09-27T17:49:05.505+0000] {dagbag.py:588} INFO - Filling up the DagBag from /opt/airflow/dags/medallion_dag.py
[2026-09-27T17:49:05.839+0000] {processor.py:925} INFO - DAG(s) 'medallion_pipeline' retrieved from /opt/airflow/dags/medallion_dag.py
[2026-09-27T17:49:05.862+0000] {logging_mixin.py:190} INFO - [2026-09-27T17:49:05.861+0000] {dag.py:3239} INFO - Sync 1 DAGs
[2026-09-27T17:49:05.882+0000] {logging_mixin.py:190} INFO - [2026-09-27T17:49:05.882+0000] {dag.py:4180} INFO - Setting next_dagrun for medallion_pipeline to 2026-09-27 00:00:00+00:00, run_after=2026-09-28 00:00:00+00:00
[2026-09-27T17:49:05.905+0000] {processor.py:208} INFO - Processing /opt/airflow/dags/medallion_dag.py took 0.411 seconds
[2026-09-27T17:49:36.273+0000] {processor.py:186} INFO - Started process (PID=4618) to work on /opt/airflow/dags/medallion_dag.py
[2026-09-27T17:49:36.275+0000] {processor.py:914} INFO - Processing file /opt/airflow/dags/medallion_dag.py for tasks to queue
[2026-09-27T17:49:36.279+0000] {logging_mixin.py:190} INFO - [2026-09-27T17:49:36.279+0000] {dagbag.py:588} INFO - Filling up the DagBag from /opt/airflow/dags/medallion_dag.py
[2026-09-27T17:49:36.670+0000] {processor.py:925} INFO - DAG(s) 'medallion_pipeline' retrieved from /opt/airflow/dags/medallion_dag.py
[2026-09-27T17:49:36.692+0000] {logging_mixin.py:190} INFO - [2026-09-27T17:49:36.692+0000] {dag.py:3239} INFO - Sync 1 DAGs
[2026-09-27T17:49:36.716+0000] {logging_mixin.py:190} INFO - [2026-09-27T17:49:36.716+0000] {dag.py:4180} INFO - Setting next_dagrun for medallion_pipeline to 2026-09-27 00:00:00+00:00, run_after=2026-09-28 00:00:00+00:00
[2026-09-27T17:49:36.734+0000] {processor.py:208} INFO - Processing /opt/airflow/dags/medallion_dag.py took 0.469 seconds
[2026-09-27T17:50:07.336+0000] {processor.py:186} INFO - Started process (PID=4623) to work on /opt/airflow/dags/medallion_dag.py
[2026-09-27T17:50:07.338+0000] {processor.py:914} INFO - Processing file /opt/airflow/dags/medallion_dag.py for tasks to queue
[2026-09-27T17:50:07.342+0000] {logging_mixin.py:190} INFO - [2026-09-27T17:50:07.342+0000] {dagbag.py:588} INFO - Filling up the DagBag from /opt/airflow/dags/medallion_dag.py
[2026-09-27T17:50:07.786+0000] {processor.py:925} INFO - DAG(s) 'medallion_pipeline' retrieved from /opt/airflow/dags/medallion_dag.py
[2026-09-27T17:50:07.808+0000] {logging_mixin.py:190} INFO - [2026-09-27T17:50:07.808+0000] {dag.py:3239} INFO - Sync 1 DAGs
[2026-09-27T17:50:07.831+0000] {logging_mixin.py:190} INFO - [2026-09-27T17:50:07.831+0000] {dag.py:4180} INFO - Setting next_dagrun for medallion_pipeline to 2026-09-27 00:00:00+00:00, run_after=2026-09-28 00:00:00+00:00
[2026-09-27T17:50:07.850+0000] {processor.py:208} INFO - Processing /opt/airflow/dags/medallion_dag.py took 0.524 seconds
[2026-09-27T17:50:37.936+0000] {processor.py:186} INFO - Started process (PID=4628) to work on /opt/airflow/dags/medallion_dag.py
[2026-09-27T17:50:37.937+0000] {processor.py:914} INFO - Processing file /opt/airflow/dags/medallion_dag.py for tasks to queue
[2026-09-27T17:50:37.940+0000] {logging_mixin.py:190} INFO - [2026-09-27T17:50:37.939+0000] {dagbag.py:588} INFO - Filling up the DagBag from /opt/airflow/dags/medallion_dag.py
[2026-09-27T17:50:38.165+0000] {processor.py:925} INFO - DAG(s) 'medallion_pipeline' retrieved from /opt/airflow/dags/medallion_dag.py
[2026-09-27T17:50:38.357+0000] {logging_mixin.py:190} INFO - [2026-09-27T17:50:38.356+0000] {dag.py:3239} INFO - Sync 1 DAGs
[2026-09-27T17:50:38.379+0000] {logging_mixin.py:190} INFO - [2026-09-27T17:50:38.379+0000] {dag.py:4180} INFO - Setting next_dagrun for medallion_pipeline to 2026-09-27 00:00:00+00:00, run_after=2026-09-28 00:00:00+00:00
[2026-09-27T17:50:38.406+0000] {processor.py:208} INFO - Processing /opt/airflow/dags/medallion_dag.py took 0.476 seconds
[2026-09-27T17:51:08.548+0000] {processor.py:186} INFO - Started process (PID=4633) to work on /opt/airflow/dags/medallion_dag.py
[2026-09-27T17:51:08.549+0000] {processor.py:914} INFO - Processing file /opt/airflow/dags/medallion_dag.py for tasks to queue
[2026-09-27T17:51:08.552+0000] {logging_mixin.py:190} INFO - [2026-09-27T17:51:08.552+0000] {dagbag.py:588} INFO - Filling up the DagBag from /opt/airflow/dags/medallion_dag.py
[2026-09-27T17:51:08.925+0000] {processor.py:925} INFO - DAG(s) 'medallion_pipeline' retrieved from /opt/airflow/dags/medallion_dag.py
[2026-09-27T17:51:08.949+0000] {logging_mixin.py:190} INFO - [2026-09-27T17:51:08.949+0000] {dag.py:3239} INFO - Sync 1 DAGs
[2026-09-27T17:51:08.969+0000] {logging_mixin.py:190} INFO - [2026-09-27T17:51:08.969+0000] {dag.py:4180} INFO - Setting next_dagrun for medallion_pipeline to 2026-09-27 00:00:00+00:00, run_after=2026-09-28 00:00:00+00:00
[2026-09-27T17:51:08.989+0000] {processor.py:208} INFO - Processing /opt/airflow/dags/medallion_dag.py took 0.448 seconds
[2026-09-27T17:51:39.069+0000] {processor.py:186} INFO - Started process (PID=4638) to work on /opt/airflow/dags/medallion_dag.py
[2026-09-27T17:51:39.070+0000] {processor.py:914} INFO - Processing file /opt/airflow/dags/medallion_dag.py for tasks to queue
[2026-09-27T17:51:39.074+0000] {logging_mixin.py:190} INFO - [2026-09-27T17:51:39.073+0000] {dagbag.py:588} INFO - Filling up the DagBag from /opt/airflow/dags/medallion_dag.py
[2026-09-27T17:51:39.479+0000] {processor.py:925} INFO - DAG(s) 'medallion_pipeline' retrieved from /opt/airflow/dags/medallion_dag.py
[2026-09-27T17:51:39.502+0000] {logging_mixin.py:190} INFO - [2026-09-27T17:51:39.502+0000] {dag.py:3239} INFO - Sync 1 DAGs
[2026-09-27T17:51:39.523+0000] {logging_mixin.py:190} INFO - [2026-09-27T17:51:39.523+0000] {dag.py:4180} INFO - Setting next_dagrun for medallion_pipeline to 2026-09-27 00:00:00+00:00, run_after=2026-09-28 00:00:00+00:00
[2026-09-27T17:51:39.541+0000] {processor.py:208} INFO - Processing /opt/airflow/dags/medallion_dag.py took 0.478 seconds
[2026-09-27T17:52:09.722+0000] {processor.py:186} INFO - Started process (PID=4643) to work on /opt/airflow/dags/medallion_dag.py
[2026-09-27T17:52:09.724+0000] {processor.py:914} INFO - Processing file /opt/airflow/dags/medallion_dag.py for tasks to queue
[2026-09-27T17:52:09.729+0000] {logging_mixin.py:190} INFO - [2026-09-27T17:52:09.728+0000] {dagbag.py:588} INFO - Filling up the DagBag from /opt/airflow/dags/medallion_dag.py
[2026-09-27T17:52:10.145+0000] {processor.py:925} INFO - DAG(s) 'medallion_pipeline' retrieved from /opt/airflow/dags/medallion_dag.py
[2026-09-27T17:52:10.169+0000] {logging_mixin.py:190} INFO - [2026-09-27T17:52:10.169+0000] {dag.py:3239} INFO - Sync 1 DAGs
[2026-09-27T17:52:10.193+0000] {logging_mixin.py:190} INFO - [2026-09-27T17:52:10.193+0000] {dag.py:4180} INFO - Setting next_dagrun for medallion_pipeline to 2026-09-27 00:00:00+00:00, run_after=2026-09-28 00:00:00+00:00
[2026-09-27T17:52:10.213+0000] {processor.py:208} INFO - Processing /opt/airflow/dags/medallion_dag.py took 0.499 seconds
[2026-09-27T17:52:40.296+0000] {processor.py:186} INFO - Started process (PID=4648) to work on /opt/airflow/dags/medallion_dag.py
[2026-09-27T17:52:40.298+0000] {processor.py:914} INFO - Processing file /opt/airflow/dags/medallion_dag.py for tasks to queue
[2026-09-27T17:52:40.301+0000] {logging_mixin.py:190} INFO - [2026-09-27T17:52:40.301+0000] {dagbag.py:588} INFO - Filling up the DagBag from /opt/airflow/dags/medallion_dag.py
[2026-09-27T17:52:40.677+0000] {processor.py:925} INFO - DAG(s) 'medallion_pipeline' retrieved from /opt/airflow/dags/medallion_dag.py
[2026-09-27T17:52:40.700+0000] {logging_mixin.py:190} INFO - [2026-09-27T17:52:40.699+0000] {dag.py:3239} INFO - Sync 1 DAGs
[2026-09-27T17:52:40.724+0000] {logging_mixin.py:190} INFO - [2026-09-27T17:52:40.723+0000] {dag.py:4180} INFO - Setting next_dagrun for medallion_pipeline to 2026-09-27 00:00:00+00:00, run_after=2026-09-28 00:00:00+00:00
[2026-09-27T17:52:40.743+0000] {processor.py:208} INFO - Processing /opt/airflow/dags/medallion_dag.py took 0.453 seconds
[2026-09-27T17:53:10.933+0000] {processor.py:186} INFO - Started process (PID=4653) to work on /opt/airflow/dags/medallion_dag.py
[2026-09-27T17:53:10.934+0000] {processor.py:914} INFO - Processing file /opt/airflow/dags/medallion_dag.py for tasks to queue
[2026-09-27T17:53:10.938+0000] {logging_mixin.py:190} INFO - [2026-09-27T17:53:10.937+0000] {dagbag.py:588} INFO - Filling up the DagBag from /opt/airflow/dags/medallion_dag.py
[2026-09-27T17:53:11.283+0000] {processor.py:925} INFO - DAG(s) 'medallion_pipeline' retrieved from /opt/airflow/dags/medallion_dag.py
[2026-09-27T17:53:11.307+0000] {logging_mixin.py:190} INFO - [2026-09-27T17:53:11.307+0000] {dag.py:3239} INFO - Sync 1 DAGs
[2026-09-27T17:53:11.328+0000] {logging_mixin.py:190} INFO - [2026-09-27T17:53:11.328+0000] {dag.py:4180} INFO - Setting next_dagrun for medallion_pipeline to 2026-09-27 00:00:00+00:00, run_after=2026-09-28 00:00:00+00:00
[2026-09-27T17:53:11.346+0000] {processor.py:208} INFO - Processing /opt/airflow/dags/medallion_dag.py took 0.419 seconds
[2026-09-27T17:53:41.494+0000] {processor.py:186} INFO - Started process (PID=4658) to work on /opt/airflow/dags/medallion_dag.py
[2026-09-27T17:53:41.496+0000] {processor.py:914} INFO - Processing file /opt/airflow/dags/medallion_dag.py for tasks to queue
[2026-09-27T17:53:41.499+0000] {logging_mixin.py:190} INFO - [2026-09-27T17:53:41.498+0000] {dagbag.py:588} INFO - Filling up the DagBag from /opt/airflow/dags/medallion_dag.py
[2026-09-27T17:53:41.711+0000] {processor.py:925} INFO - DAG(s) 'medallion_pipeline' retrieved from /opt/airflow/dags/medallion_dag.py
[2026-09-27T17:53:41.900+0000] {logging_mixin.py:190} INFO - [2026-09-27T17:53:41.900+0000] {dag.py:3239} INFO - Sync 1 DAGs
[2026-09-27T17:53:41.922+0000] {logging_mixin.py:190} INFO - [2026-09-27T17:53:41.922+0000] {dag.py:4180} INFO - Setting next_dagrun for medallion_pipeline to 2026-09-27 00:00:00+00:00, run_after=2026-09-28 00:00:00+00:00
[2026-09-27T17:53:41.954+0000] {processor.py:208} INFO - Processing /opt/airflow/dags/medallion_dag.py took 0.466 seconds
[2026-09-27T17:54:12.042+0000] {processor.py:186} INFO - Started process (PID=4663) to work on /opt/airflow/dags/medallion_dag.py
[2026-09-27T17:54:12.043+0000] {processor.py:914} INFO - Processing file /opt/airflow/dags/medallion_dag.py for tasks to queue
[2026-09-27T17:54:12.046+0000] {logging_mixin.py:190} INFO - [2026-09-27T17:54:12.046+0000] {dagbag.py:588} INFO - Filling up the DagBag from /opt/airflow/dags/medallion_dag.py
[2026-09-27T17:54:12.449+0000] {processor.py:925} INFO - DAG(s) 'medallion_pipeline' retrieved from /opt/airflow/dags/medallion_dag.py
[2026-09-27T17:54:12.474+0000] {logging_mixin.py:190} INFO - [2026-09-27T17:54:12.474+0000] {dag.py:3239} INFO - Sync 1 DAGs
[2026-09-27T17:54:12.498+0000] {logging_mixin.py:190} INFO - [2026-09-27T17:54:12.497+0000] {dag.py:4180} INFO - Setting next_dagrun for medallion_pipeline to 2026-09-27 00:00:00+00:00, run_after=2026-09-28 00:00:00+00:00
[2026-09-27T17:54:12.524+0000] {processor.py:208} INFO - Processing /opt/airflow/dags/medallion_dag.py took 0.488 seconds
[2026-09-27T17:54:42.706+0000] {processor.py:186} INFO - Started process (PID=4668) to work on /opt/airflow/dags/medallion_dag.py
[2026-09-27T17:54:42.708+0000] {processor.py:914} INFO - Processing file /opt/airflow/dags/medallion_dag.py for tasks to queue
[2026-09-27T17:54:42.711+0000] {logging_mixin.py:190} INFO - [2026-09-27T17:54:42.710+0000] {dagbag.py:588} INFO - Filling up the DagBag from /opt/airflow/dags/medallion_dag.py
[2026-09-27T17:54:43.092+0000] {processor.py:925} INFO - DAG(s) 'medallion_pipeline' retrieved from /opt/airflow/dags/medallion_dag.py
[2026-09-27T17:54:43.114+0000] {logging_mixin.py:190} INFO - [2026-09-27T17:54:43.113+0000] {dag.py:3239} INFO - Sync 1 DAGs
[2026-09-27T17:54:43.135+0000] {logging_mixin.py:190} INFO - [2026-09-27T17:54:43.135+0000] {dag.py:4180} INFO - Setting next_dagrun for medallion_pipeline to 2026-09-27 00:00:00+00:00, run_after=2026-09-28 00:00:00+00:00
[2026-09-27T17:54:43.160+0000] {processor.py:208} INFO - Processing /opt/airflow/dags/medallion_dag.py took 0.460 seconds
[2026-09-27T17:55:13.296+0000] {processor.py:186} INFO - Started process (PID=4673) to work on /opt/airflow/dags/medallion_dag.py
[2026-09-27T17:55:13.300+0000] {processor.py:914} INFO - Processing file /opt/airflow/dags/medallion_dag.py for tasks to queue
[2026-09-27T17:55:13.303+0000] {logging_mixin.py:190} INFO - [2026-09-27T17:55:13.302+0000] {dagbag.py:588} INFO - Filling up the DagBag from /opt/airflow/dags/medallion_dag.py
[2026-09-27T17:55:13.796+0000] {processor.py:925} INFO - DAG(s) 'medallion_pipeline' retrieved from /opt/airflow/dags/medallion_dag.py
[2026-09-27T17:55:13.818+0000] {logging_mixin.py:190} INFO - [2026-09-27T17:55:13.818+0000] {dag.py:3239} INFO - Sync 1 DAGs
[2026-09-27T17:55:13.842+0000] {logging_mixin.py:190} INFO - [2026-09-27T17:55:13.842+0000] {dag.py:4180} INFO - Setting next_dagrun for medallion_pipeline to 2026-09-27 00:00:00+00:00, run_after=2026-09-28 00:00:00+00:00
[2026-09-27T17:55:13.865+0000] {processor.py:208} INFO - Processing /opt/airflow/dags/medallion_dag.py took 0.577 seconds
[2026-09-27T17:55:44.267+0000] {processor.py:186} INFO - Started process (PID=4678) to work on /opt/airflow/dags/medallion_dag.py
[2026-09-27T17:55:44.268+0000] {processor.py:914} INFO - Processing file /opt/airflow/dags/medallion_dag.py for tasks to queue
[2026-09-27T17:55:44.271+0000] {logging_mixin.py:190} INFO - [2026-09-27T17:55:44.271+0000] {dagbag.py:588} INFO - Filling up the DagBag from /opt/airflow/dags/medallion_dag.py
[2026-09-27T17:55:44.651+0000] {processor.py:925} INFO - DAG(s) 'medallion_pipeline' retrieved from /opt/airflow/dags/medallion_dag.py
[2026-09-27T17:55:44.674+0000] {logging_mixin.py:190} INFO - [2026-09-27T17:55:44.674+0000] {dag.py:3239} INFO - Sync 1 DAGs
[2026-09-27T17:55:44.696+0000] {logging_mixin.py:190} INFO - [2026-09-27T17:55:44.696+0000] {dag.py:4180} INFO - Setting next_dagrun for medallion_pipeline to 2026-09-27 00:00:00+00:00, run_after=2026-09-28 00:00:00+00:00
[2026-09-27T17:55:44.713+0000] {processor.py:208} INFO - Processing /opt/airflow/dags/medallion_dag.py took 0.452 seconds
[2026-09-27T17:56:15.107+0000] {processor.py:186} INFO - Started process (PID=4683) to work on /opt/airflow/dags/medallion_dag.py
[2026-09-27T17:56:15.109+0000] {processor.py:914} INFO - Processing file /opt/airflow/dags/medallion_dag.py for tasks to queue
[2026-09-27T17:56:15.113+0000] {logging_mixin.py:190} INFO - [2026-09-27T17:56:15.112+0000] {dagbag.py:588} INFO - Filling up the DagBag from /opt/airflow/dags/medallion_dag.py
[2026-09-27T17:56:15.518+0000] {processor.py:925} INFO - DAG(s) 'medallion_pipeline' retrieved from /opt/airflow/dags/medallion_dag.py
[2026-09-27T17:56:15.541+0000] {logging_mixin.py:190} INFO - [2026-09-27T17:56:15.541+0000] {dag.py:3239} INFO - Sync 1 DAGs
[2026-09-27T17:56:15.562+0000] {logging_mixin.py:190} INFO - [2026-09-27T17:56:15.562+0000] {dag.py:4180} INFO - Setting next_dagrun for medallion_pipeline to 2026-09-27 00:00:00+00:00, run_after=2026-09-28 00:00:00+00:00
[2026-09-27T17:56:15.579+0000] {processor.py:208} INFO - Processing /opt/airflow/dags/medallion_dag.py took 0.480 seconds
[2026-09-27T17:56:45.971+0000] {processor.py:186} INFO - Started process (PID=4688) to work on /opt/airflow/dags/medallion_dag.py
[2026-09-27T17:56:45.973+0000] {processor.py:914} INFO - Processing file /opt/airflow/dags/medallion_dag.py for tasks to queue
[2026-09-27T17:56:45.976+0000] {logging_mixin.py:190} INFO - [2026-09-27T17:56:45.976+0000] {dagbag.py:588} INFO - Filling up the DagBag from /opt/airflow/dags/medallion_dag.py
[2026-09-27T17:56:46.463+0000] {processor.py:925} INFO - DAG(s) 'medallion_pipeline' retrieved from /opt/airflow/dags/medallion_dag.py
[2026-09-27T17:56:46.486+0000] {logging_mixin.py:190} INFO - [2026-09-27T17:56:46.486+0000] {dag.py:3239} INFO - Sync 1 DAGs
[2026-09-27T17:56:46.507+0000] {logging_mixin.py:190} INFO - [2026-09-27T17:56:46.507+0000] {dag.py:4180} INFO - Setting next_dagrun for medallion_pipeline to 2026-09-27 00:00:00+00:00, run_after=2026-09-28 00:00:00+00:00
[2026-09-27T17:56:46.525+0000] {processor.py:208} INFO - Processing /opt/airflow/dags/medallion_dag.py took 0.561 seconds
[2026-09-27T17:57:16.945+0000] {processor.py:186} INFO - Started process (PID=4693) to work on /opt/airflow/dags/medallion_dag.py
[2026-09-27T17:57:16.947+0000] {processor.py:914} INFO - Processing file /opt/airflow/dags/medallion_dag.py for tasks to queue
[2026-09-27T17:57:16.950+0000] {logging_mixin.py:190} INFO - [2026-09-27T17:57:16.950+0000] {dagbag.py:588} INFO - Filling up the DagBag from /opt/airflow/dags/medallion_dag.py
[2026-09-27T17:57:17.324+0000] {processor.py:925} INFO - DAG(s) 'medallion_pipeline' retrieved from /opt/airflow/dags/medallion_dag.py
[2026-09-27T17:57:17.348+0000] {logging_mixin.py:190} INFO - [2026-09-27T17:57:17.348+0000] {dag.py:3239} INFO - Sync 1 DAGs
[2026-09-27T17:57:17.370+0000] {logging_mixin.py:190} INFO - [2026-09-27T17:57:17.370+0000] {dag.py:4180} INFO - Setting next_dagrun for medallion_pipeline to 2026-09-27 00:00:00+00:00, run_after=2026-09-28 00:00:00+00:00
[2026-09-27T17:57:17.388+0000] {processor.py:208} INFO - Processing /opt/airflow/dags/medallion_dag.py took 0.450 seconds
[2026-09-27T17:57:47.841+0000] {processor.py:186} INFO - Started process (PID=4698) to work on /opt/airflow/dags/medallion_dag.py
[2026-09-27T17:57:47.843+0000] {processor.py:914} INFO - Processing file /opt/airflow/dags/medallion_dag.py for tasks to queue
[2026-09-27T17:57:47.847+0000] {logging_mixin.py:190} INFO - [2026-09-27T17:57:47.846+0000] {dagbag.py:588} INFO - Filling up the DagBag from /opt/airflow/dags/medallion_dag.py
[2026-09-27T17:57:48.477+0000] {processor.py:925} INFO - DAG(s) 'medallion_pipeline' retrieved from /opt/airflow/dags/medallion_dag.py
[2026-09-27T17:57:48.501+0000] {logging_mixin.py:190} INFO - [2026-09-27T17:57:48.500+0000] {dag.py:3239} INFO - Sync 1 DAGs
[2026-09-27T17:57:48.523+0000] {logging_mixin.py:190} INFO - [2026-09-27T17:57:48.523+0000] {dag.py:4180} INFO - Setting next_dagrun for medallion_pipeline to 2026-09-27 00:00:00+00:00, run_after=2026-09-28 00:00:00+00:00
[2026-09-27T17:57:48.547+0000] {processor.py:208} INFO - Processing /opt/airflow/dags/medallion_dag.py took 0.713 seconds
[2026-09-27T17:58:18.954+0000] {processor.py:186} INFO - Started process (PID=4703) to work on /opt/airflow/dags/medallion_dag.py
[2026-09-27T17:58:18.955+0000] {processor.py:914} INFO - Processing file /opt/airflow/dags/medallion_dag.py for tasks to queue
[2026-09-27T17:58:18.958+0000] {logging_mixin.py:190} INFO - [2026-09-27T17:58:18.958+0000] {dagbag.py:588} INFO - Filling up the DagBag from /opt/airflow/dags/medallion_dag.py
[2026-09-27T17:58:19.334+0000] {processor.py:925} INFO - DAG(s) 'medallion_pipeline' retrieved from /opt/airflow/dags/medallion_dag.py
[2026-09-27T17:58:19.356+0000] {logging_mixin.py:190} INFO - [2026-09-27T17:58:19.356+0000] {dag.py:3239} INFO - Sync 1 DAGs
[2026-09-27T17:58:19.379+0000] {logging_mixin.py:190} INFO - [2026-09-27T17:58:19.379+0000] {dag.py:4180} INFO - Setting next_dagrun for medallion_pipeline to 2026-09-27 00:00:00+00:00, run_after=2026-09-28 00:00:00+00:00
[2026-09-27T17:58:19.397+0000] {processor.py:208} INFO - Processing /opt/airflow/dags/medallion_dag.py took 0.449 seconds
[2026-09-27T17:58:49.698+0000] {processor.py:186} INFO - Started process (PID=4708) to work on /opt/airflow/dags/medallion_dag.py
[2026-09-27T17:58:49.700+0000] {processor.py:914} INFO - Processing file /opt/airflow/dags/medallion_dag.py for tasks to queue
[2026-09-27T17:58:49.702+0000] {logging_mixin.py:190} INFO - [2026-09-27T17:58:49.702+0000] {dagbag.py:588} INFO - Filling up the DagBag from /opt/airflow/dags/medallion_dag.py
[2026-09-27T17:58:50.057+0000] {processor.py:925} INFO - DAG(s) 'medallion_pipeline' retrieved from /opt/airflow/dags/medallion_dag.py
[2026-09-27T17:58:50.078+0000] {logging_mixin.py:190} INFO - [2026-09-27T17:58:50.077+0000] {dag.py:3239} INFO - Sync 1 DAGs
[2026-09-27T17:58:50.099+0000] {logging_mixin.py:190} INFO - [2026-09-27T17:58:50.099+0000] {dag.py:4180} INFO - Setting next_dagrun for medallion_pipeline to 2026-09-27 00:00:00+00:00, run_after=2026-09-28 00:00:00+00:00
[2026-09-27T17:58:50.120+0000] {processor.py:208} INFO - Processing /opt/airflow/dags/medallion_dag.py took 0.428 seconds
[2026-09-27T17:59:20.470+0000] {processor.py:186} INFO - Started process (PID=4713) to work on /opt/airflow/dags/medallion_dag.py
[2026-09-27T17:59:20.471+0000] {processor.py:914} INFO - Processing file /opt/airflow/dags/medallion_dag.py for tasks to queue
[2026-09-27T17:59:20.474+0000] {logging_mixin.py:190} INFO - [2026-09-27T17:59:20.474+0000] {dagbag.py:588} INFO - Filling up the DagBag from /opt/airflow/dags/medallion_dag.py
[2026-09-27T17:59:20.816+0000] {processor.py:925} INFO - DAG(s) 'medallion_pipeline' retrieved from /opt/airflow/dags/medallion_dag.py
[2026-09-27T17:59:20.839+0000] {logging_mixin.py:190} INFO - [2026-09-27T17:59:20.839+0000] {dag.py:3239} INFO - Sync 1 DAGs
[2026-09-27T17:59:20.861+0000] {logging_mixin.py:190} INFO - [2026-09-27T17:59:20.861+0000] {dag.py:4180} INFO - Setting next_dagrun for medallion_pipeline to 2026-09-27 00:00:00+00:00, run_after=2026-09-28 00:00:00+00:00
[2026-09-27T17:59:20.879+0000] {processor.py:208} INFO - Processing /opt/airflow/dags/medallion_dag.py took 0.415 seconds
[2026-09-27T17:59:51.299+0000] {processor.py:186} INFO - Started process (PID=4718) to work on /opt/airflow/dags/medallion_dag.py
[2026-09-27T17:59:51.300+0000] {processor.py:914} INFO - Processing file /opt/airflow/dags/medallion_dag.py for tasks to queue
[2026-09-27T17:59:51.303+0000] {logging_mixin.py:190} INFO - [2026-09-27T17:59:51.303+0000] {dagbag.py:588} INFO - Filling up the DagBag from /opt/airflow/dags/medallion_dag.py
[2026-09-27T17:59:51.689+0000] {processor.py:925} INFO - DAG(s) 'medallion_pipeline' retrieved from /opt/airflow/dags/medallion_dag.py
[2026-09-27T17:59:51.713+0000] {logging_mixin.py:190} INFO - [2026-09-27T17:59:51.713+0000] {dag.py:3239} INFO - Sync 1 DAGs
[2026-09-27T17:59:51.734+0000] {logging_mixin.py:190} INFO - [2026-09-27T17:59:51.734+0000] {dag.py:4180} INFO - Setting next_dagrun for medallion_pipeline to 2026-09-27 00:00:00+00:00, run_after=2026-09-28 00:00:00+00:00
[2026-09-27T17:59:51.751+0000] {processor.py:208} INFO - Processing /opt/airflow/dags/medallion_dag.py took 0.459 seconds
[2026-09-27T18:00:22.167+0000] {processor.py:186} INFO - Started process (PID=4723) to work on /opt/airflow/dags/medallion_dag.py
[2026-09-27T18:00:22.169+0000] {processor.py:914} INFO - Processing file /opt/airflow/dags/medallion_dag.py for tasks to queue
[2026-09-27T18:00:22.173+0000] {logging_mixin.py:190} INFO - [2026-09-27T18:00:22.173+0000] {dagbag.py:588} INFO - Filling up the DagBag from /opt/airflow/dags/medallion_dag.py
[2026-09-27T18:00:22.555+0000] {processor.py:925} INFO - DAG(s) 'medallion_pipeline' retrieved from /opt/airflow/dags/medallion_dag.py
[2026-09-27T18:00:22.579+0000] {logging_mixin.py:190} INFO - [2026-09-27T18:00:22.579+0000] {dag.py:3239} INFO - Sync 1 DAGs
[2026-09-27T18:00:22.600+0000] {logging_mixin.py:190} INFO - [2026-09-27T18:00:22.599+0000] {dag.py:4180} INFO - Setting next_dagrun for medallion_pipeline to 2026-09-27 00:00:00+00:00, run_after=2026-09-28 00:00:00+00:00
[2026-09-27T18:00:22.618+0000] {processor.py:208} INFO - Processing /opt/airflow/dags/medallion_dag.py took 0.458 seconds
[2026-09-27T18:00:53.021+0000] {processor.py:186} INFO - Started process (PID=4728) to work on /opt/airflow/dags/medallion_dag.py
[2026-09-27T18:00:53.022+0000] {processor.py:914} INFO - Processing file /opt/airflow/dags/medallion_dag.py for tasks to queue
[2026-09-27T18:00:53.025+0000] {logging_mixin.py:190} INFO - [2026-09-27T18:00:53.025+0000] {dagbag.py:588} INFO - Filling up the DagBag from /opt/airflow/dags/medallion_dag.py
[2026-09-27T18:00:53.375+0000] {processor.py:925} INFO - DAG(s) 'medallion_pipeline' retrieved from /opt/airflow/dags/medallion_dag.py
[2026-09-27T18:00:53.398+0000] {logging_mixin.py:190} INFO - [2026-09-27T18:00:53.398+0000] {dag.py:3239} INFO - Sync 1 DAGs
[2026-09-27T18:00:53.420+0000] {logging_mixin.py:190} INFO - [2026-09-27T18:00:53.420+0000] {dag.py:4180} INFO - Setting next_dagrun for medallion_pipeline to 2026-09-27 00:00:00+00:00, run_after=2026-09-28 00:00:00+00:00
[2026-09-27T18:00:53.438+0000] {processor.py:208} INFO - Processing /opt/airflow/dags/medallion_dag.py took 0.423 seconds
[2026-09-27T18:01:23.816+0000] {processor.py:186} INFO - Started process (PID=4733) to work on /opt/airflow/dags/medallion_dag.py
[2026-09-27T18:01:23.817+0000] {processor.py:914} INFO - Processing file /opt/airflow/dags/medallion_dag.py for tasks to queue
[2026-09-27T18:01:23.821+0000] {logging_mixin.py:190} INFO - [2026-09-27T18:01:23.820+0000] {dagbag.py:588} INFO - Filling up the DagBag from /opt/airflow/dags/medallion_dag.py
[2026-09-27T18:01:24.173+0000] {processor.py:925} INFO - DAG(s) 'medallion_pipeline' retrieved from /opt/airflow/dags/medallion_dag.py
[2026-09-27T18:01:24.196+0000] {logging_mixin.py:190} INFO - [2026-09-27T18:01:24.195+0000] {dag.py:3239} INFO - Sync 1 DAGs
[2026-09-27T18:01:24.220+0000] {logging_mixin.py:190} INFO - [2026-09-27T18:01:24.220+0000] {dag.py:4180} INFO - Setting next_dagrun for medallion_pipeline to 2026-09-27 00:00:00+00:00, run_after=2026-09-28 00:00:00+00:00
[2026-09-27T18:01:24.241+0000] {processor.py:208} INFO - Processing /opt/airflow/dags/medallion_dag.py took 0.431 seconds
[2026-09-27T18:01:54.628+0000] {processor.py:186} INFO - Started process (PID=4738) to work on /opt/airflow/dags/medallion_dag.py
[2026-09-27T18:01:54.629+0000] {processor.py:914} INFO - Processing file /opt/airflow/dags/medallion_dag.py for tasks to queue
[2026-09-27T18:01:54.633+0000] {logging_mixin.py:190} INFO - [2026-09-27T18:01:54.632+0000] {dagbag.py:588} INFO - Filling up the DagBag from /opt/airflow/dags/medallion_dag.py
[2026-09-27T18:01:55.011+0000] {processor.py:925} INFO - DAG(s) 'medallion_pipeline' retrieved from /opt/airflow/dags/medallion_dag.py
[2026-09-27T18:01:55.034+0000] {logging_mixin.py:190} INFO - [2026-09-27T18:01:55.034+0000] {dag.py:3239} INFO - Sync 1 DAGs
[2026-09-27T18:01:55.056+0000] {logging_mixin.py:190} INFO - [2026-09-27T18:01:55.056+0000] {dag.py:4180} INFO - Setting next_dagrun for medallion_pipeline to 2026-09-27 00:00:00+00:00, run_after=2026-09-28 00:00:00+00:00
[2026-09-27T18:01:55.075+0000] {processor.py:208} INFO - Processing /opt/airflow/dags/medallion_dag.py took 0.454 seconds
[2026-09-27T18:02:25.458+0000] {processor.py:186} INFO - Started process (PID=4743) to work on /opt/airflow/dags/medallion_dag.py
[2026-09-27T18:02:25.460+0000] {processor.py:914} INFO - Processing file /opt/airflow/dags/medallion_dag.py for tasks to queue
[2026-09-27T18:02:25.463+0000] {logging_mixin.py:190} INFO - [2026-09-27T18:02:25.462+0000] {dagbag.py:588} INFO - Filling up the DagBag from /opt/airflow/dags/medallion_dag.py
[2026-09-27T18:02:25.834+0000] {processor.py:925} INFO - DAG(s) 'medallion_pipeline' retrieved from /opt/airflow/dags/medallion_dag.py
[2026-09-27T18:02:25.857+0000] {logging_mixin.py:190} INFO - [2026-09-27T18:02:25.857+0000] {dag.py:3239} INFO - Sync 1 DAGs
[2026-09-27T18:02:25.879+0000] {logging_mixin.py:190} INFO - [2026-09-27T18:02:25.879+0000] {dag.py:4180} INFO - Setting next_dagrun for medallion_pipeline to 2026-09-27 00:00:00+00:00, run_after=2026-09-28 00:00:00+00:00
[2026-09-27T18:02:25.897+0000] {processor.py:208} INFO - Processing /opt/airflow/dags/medallion_dag.py took 0.445 seconds
[2026-09-27T18:02:56.271+0000] {processor.py:186} INFO - Started process (PID=4748) to work on /opt/airflow/dags/medallion_dag.py
[2026-09-27T18:02:56.273+0000] {processor.py:914} INFO - Processing file /opt/airflow/dags/medallion_dag.py for tasks to queue
[2026-09-27T18:02:56.279+0000] {logging_mixin.py:190} INFO - [2026-09-27T18:02:56.278+0000] {dagbag.py:588} INFO - Filling up the DagBag from /opt/airflow/dags/medallion_dag.py
[2026-09-27T18:02:56.674+0000] {processor.py:925} INFO - DAG(s) 'medallion_pipeline' retrieved from /opt/airflow/dags/medallion_dag.py
[2026-09-27T18:02:56.697+0000] {logging_mixin.py:190} INFO - [2026-09-27T18:02:56.697+0000] {dag.py:3239} INFO - Sync 1 DAGs
[2026-09-27T18:02:56.718+0000] {logging_mixin.py:190} INFO - [2026-09-27T18:02:56.718+0000] {dag.py:4180} INFO - Setting next_dagrun for medallion_pipeline to 2026-09-27 00:00:00+00:00, run_after=2026-09-28 00:00:00+00:00
[2026-09-27T18:02:56.740+0000] {processor.py:208} INFO - Processing /opt/airflow/dags/medallion_dag.py took 0.475 seconds
[2026-09-27T18:03:27.160+0000] {processor.py:186} INFO - Started process (PID=4753) to work on /opt/airflow/dags/medallion_dag.py
[2026-09-27T18:03:27.162+0000] {processor.py:914} INFO - Processing file /opt/airflow/dags/medallion_dag.py for tasks to queue
[2026-09-27T18:03:27.165+0000] {logging_mixin.py:190} INFO - [2026-09-27T18:03:27.164+0000] {dagbag.py:588} INFO - Filling up the DagBag from /opt/airflow/dags/medallion_dag.py
[2026-09-27T18:03:27.599+0000] {processor.py:925} INFO - DAG(s) 'medallion_pipeline' retrieved from /opt/airflow/dags/medallion_dag.py
[2026-09-27T18:03:27.623+0000] {logging_mixin.py:190} INFO - [2026-09-27T18:03:27.623+0000] {dag.py:3239} INFO - Sync 1 DAGs
[2026-09-27T18:03:27.645+0000] {logging_mixin.py:190} INFO - [2026-09-27T18:03:27.645+0000] {dag.py:4180} INFO - Setting next_dagrun for medallion_pipeline to 2026-09-27 00:00:00+00:00, run_after=2026-09-28 00:00:00+00:00
[2026-09-27T18:03:27.669+0000] {processor.py:208} INFO - Processing /opt/airflow/dags/medallion_dag.py took 0.515 seconds
[2026-09-27T18:03:58.009+0000] {processor.py:186} INFO - Started process (PID=4758) to work on /opt/airflow/dags/medallion_dag.py
[2026-09-27T18:03:58.010+0000] {processor.py:914} INFO - Processing file /opt/airflow/dags/medallion_dag.py for tasks to queue
[2026-09-27T18:03:58.013+0000] {logging_mixin.py:190} INFO - [2026-09-27T18:03:58.013+0000] {dagbag.py:588} INFO - Filling up the DagBag from /opt/airflow/dags/medallion_dag.py
[2026-09-27T18:03:58.421+0000] {processor.py:925} INFO - DAG(s) 'medallion_pipeline' retrieved from /opt/airflow/dags/medallion_dag.py
[2026-09-27T18:03:58.444+0000] {logging_mixin.py:190} INFO - [2026-09-27T18:03:58.443+0000] {dag.py:3239} INFO - Sync 1 DAGs
[2026-09-27T18:03:58.467+0000] {logging_mixin.py:190} INFO - [2026-09-27T18:03:58.467+0000] {dag.py:4180} INFO - Setting next_dagrun for medallion_pipeline to 2026-09-27 00:00:00+00:00, run_after=2026-09-28 00:00:00+00:00
[2026-09-27T18:03:58.486+0000] {processor.py:208} INFO - Processing /opt/airflow/dags/medallion_dag.py took 0.483 seconds
[2026-09-27T18:04:28.877+0000] {processor.py:186} INFO - Started process (PID=4763) to work on /opt/airflow/dags/medallion_dag.py
[2026-09-27T18:04:28.879+0000] {processor.py:914} INFO - Processing file /opt/airflow/dags/medallion_dag.py for tasks to queue
[2026-09-27T18:04:28.882+0000] {logging_mixin.py:190} INFO - [2026-09-27T18:04:28.882+0000] {dagbag.py:588} INFO - Filling up the DagBag from /opt/airflow/dags/medallion_dag.py
[2026-09-27T18:04:29.253+0000] {processor.py:925} INFO - DAG(s) 'medallion_pipeline' retrieved from /opt/airflow/dags/medallion_dag.py
[2026-09-27T18:04:29.275+0000] {logging_mixin.py:190} INFO - [2026-09-27T18:04:29.275+0000] {dag.py:3239} INFO - Sync 1 DAGs
[2026-09-27T18:04:29.298+0000] {logging_mixin.py:190} INFO - [2026-09-27T18:04:29.297+0000] {dag.py:4180} INFO - Setting next_dagrun for medallion_pipeline to 2026-09-27 00:00:00+00:00, run_after=2026-09-28 00:00:00+00:00
[2026-09-27T18:04:29.318+0000] {processor.py:208} INFO - Processing /opt/airflow/dags/medallion_dag.py took 0.447 seconds
[2026-09-27T18:04:59.753+0000] {processor.py:186} INFO - Started process (PID=4768) to work on /opt/airflow/dags/medallion_dag.py
[2026-09-27T18:04:59.755+0000] {processor.py:914} INFO - Processing file /opt/airflow/dags/medallion_dag.py for tasks to queue
[2026-09-27T18:04:59.757+0000] {logging_mixin.py:190} INFO - [2026-09-27T18:04:59.757+0000] {dagbag.py:588} INFO - Filling up the DagBag from /opt/airflow/dags/medallion_dag.py
[2026-09-27T18:05:00.155+0000] {processor.py:925} INFO - DAG(s) 'medallion_pipeline' retrieved from /opt/airflow/dags/medallion_dag.py
[2026-09-27T18:05:00.181+0000] {logging_mixin.py:190} INFO - [2026-09-27T18:05:00.181+0000] {dag.py:3239} INFO - Sync 1 DAGs
[2026-09-27T18:05:00.201+0000] {logging_mixin.py:190} INFO - [2026-09-27T18:05:00.201+0000] {dag.py:4180} INFO - Setting next_dagrun for medallion_pipeline to 2026-09-27 00:00:00+00:00, run_after=2026-09-28 00:00:00+00:00
[2026-09-27T18:05:00.223+0000] {processor.py:208} INFO - Processing /opt/airflow/dags/medallion_dag.py took 0.475 seconds
[2026-09-27T18:05:30.587+0000] {processor.py:186} INFO - Started process (PID=4773) to work on /opt/airflow/dags/medallion_dag.py
[2026-09-27T18:05:30.589+0000] {processor.py:914} INFO - Processing file /opt/airflow/dags/medallion_dag.py for tasks to queue
[2026-09-27T18:05:30.592+0000] {logging_mixin.py:190} INFO - [2026-09-27T18:05:30.591+0000] {dagbag.py:588} INFO - Filling up the DagBag from /opt/airflow/dags/medallion_dag.py
[2026-09-27T18:05:31.104+0000] {processor.py:925} INFO - DAG(s) 'medallion_pipeline' retrieved from /opt/airflow/dags/medallion_dag.py
[2026-09-27T18:05:31.127+0000] {logging_mixin.py:190} INFO - [2026-09-27T18:05:31.127+0000] {dag.py:3239} INFO - Sync 1 DAGs
[2026-09-27T18:05:31.150+0000] {logging_mixin.py:190} INFO - [2026-09-27T18:05:31.150+0000] {dag.py:4180} INFO - Setting next_dagrun for medallion_pipeline to 2026-09-27 00:00:00+00:00, run_after=2026-09-28 00:00:00+00:00
[2026-09-27T18:05:31.168+0000] {processor.py:208} INFO - Processing /opt/airflow/dags/medallion_dag.py took 0.586 seconds
[2026-09-27T18:06:01.526+0000] {processor.py:186} INFO - Started process (PID=4778) to work on /opt/airflow/dags/medallion_dag.py
[2026-09-27T18:06:01.528+0000] {processor.py:914} INFO - Processing file /opt/airflow/dags/medallion_dag.py for tasks to queue
[2026-09-27T18:06:01.531+0000] {logging_mixin.py:190} INFO - [2026-09-27T18:06:01.530+0000] {dagbag.py:588} INFO - Filling up the DagBag from /opt/airflow/dags/medallion_dag.py
[2026-09-27T18:06:01.906+0000] {processor.py:925} INFO - DAG(s) 'medallion_pipeline' retrieved from /opt/airflow/dags/medallion_dag.py
[2026-09-27T18:06:01.930+0000] {logging_mixin.py:190} INFO - [2026-09-27T18:06:01.930+0000] {dag.py:3239} INFO - Sync 1 DAGs
[2026-09-27T18:06:01.952+0000] {logging_mixin.py:190} INFO - [2026-09-27T18:06:01.951+0000] {dag.py:4180} INFO - Setting next_dagrun for medallion_pipeline to 2026-09-27 00:00:00+00:00, run_after=2026-09-28 00:00:00+00:00
[2026-09-27T18:06:01.970+0000] {processor.py:208} INFO - Processing /opt/airflow/dags/medallion_dag.py took 0.452 seconds
[2026-09-27T18:06:32.235+0000] {processor.py:186} INFO - Started process (PID=4783) to work on /opt/airflow/dags/medallion_dag.py
[2026-09-27T18:06:32.237+0000] {processor.py:914} INFO - Processing file /opt/airflow/dags/medallion_dag.py for tasks to queue
[2026-09-27T18:06:32.241+0000] {logging_mixin.py:190} INFO - [2026-09-27T18:06:32.240+0000] {dagbag.py:588} INFO - Filling up the DagBag from /opt/airflow/dags/medallion_dag.py
[2026-09-27T18:06:32.773+0000] {processor.py:925} INFO - DAG(s) 'medallion_pipeline' retrieved from /opt/airflow/dags/medallion_dag.py
[2026-09-27T18:06:32.825+0000] {logging_mixin.py:190} INFO - [2026-09-27T18:06:32.825+0000] {dag.py:3239} INFO - Sync 1 DAGs
[2026-09-27T18:06:32.848+0000] {logging_mixin.py:190} INFO - [2026-09-27T18:06:32.848+0000] {dag.py:4180} INFO - Setting next_dagrun for medallion_pipeline to 2026-09-27 00:00:00+00:00, run_after=2026-09-28 00:00:00+00:00
[2026-09-27T18:06:32.873+0000] {processor.py:208} INFO - Processing /opt/airflow/dags/medallion_dag.py took 0.645 seconds
[2026-09-27T18:07:03.560+0000] {processor.py:186} INFO - Started process (PID=4788) to work on /opt/airflow/dags/medallion_dag.py
[2026-09-27T18:07:03.577+0000] {processor.py:914} INFO - Processing file /opt/airflow/dags/medallion_dag.py for tasks to queue
[2026-09-27T18:07:03.594+0000] {logging_mixin.py:190} INFO - [2026-09-27T18:07:03.591+0000] {dagbag.py:588} INFO - Filling up the DagBag from /opt/airflow/dags/medallion_dag.py
[2026-09-27T18:07:04.689+0000] {processor.py:925} INFO - DAG(s) 'medallion_pipeline' retrieved from /opt/airflow/dags/medallion_dag.py
[2026-09-27T18:07:04.740+0000] {logging_mixin.py:190} INFO - [2026-09-27T18:07:04.739+0000] {dag.py:3239} INFO - Sync 1 DAGs
[2026-09-27T18:07:04.792+0000] {logging_mixin.py:190} INFO - [2026-09-27T18:07:04.792+0000] {dag.py:4180} INFO - Setting next_dagrun for medallion_pipeline to 2026-09-27 00:00:00+00:00, run_after=2026-09-28 00:00:00+00:00
[2026-09-27T18:07:04.830+0000] {processor.py:208} INFO - Processing /opt/airflow/dags/medallion_dag.py took 1.304 seconds
[2026-09-27T18:07:35.239+0000] {processor.py:186} INFO - Started process (PID=4793) to work on /opt/airflow/dags/medallion_dag.py
[2026-09-27T18:07:35.244+0000] {processor.py:914} INFO - Processing file /opt/airflow/dags/medallion_dag.py for tasks to queue
[2026-09-27T18:07:35.254+0000] {logging_mixin.py:190} INFO - [2026-09-27T18:07:35.253+0000] {dagbag.py:588} INFO - Filling up the DagBag from /opt/airflow/dags/medallion_dag.py
[2026-09-27T18:07:36.225+0000] {processor.py:925} INFO - DAG(s) 'medallion_pipeline' retrieved from /opt/airflow/dags/medallion_dag.py
[2026-09-27T18:07:36.269+0000] {logging_mixin.py:190} INFO - [2026-09-27T18:07:36.269+0000] {dag.py:3239} INFO - Sync 1 DAGs
[2026-09-27T18:07:36.311+0000] {logging_mixin.py:190} INFO - [2026-09-27T18:07:36.310+0000] {dag.py:4180} INFO - Setting next_dagrun for medallion_pipeline to 2026-09-27 00:00:00+00:00, run_after=2026-09-28 00:00:00+00:00
[2026-09-27T18:07:36.348+0000] {processor.py:208} INFO - Processing /opt/airflow/dags/medallion_dag.py took 1.129 seconds
[2026-09-27T18:08:06.998+0000] {processor.py:186} INFO - Started process (PID=4798) to work on /opt/airflow/dags/medallion_dag.py
[2026-09-27T18:08:07.000+0000] {processor.py:914} INFO - Processing file /opt/airflow/dags/medallion_dag.py for tasks to queue
[2026-09-27T18:08:07.008+0000] {logging_mixin.py:190} INFO - [2026-09-27T18:08:07.007+0000] {dagbag.py:588} INFO - Filling up the DagBag from /opt/airflow/dags/medallion_dag.py
[2026-09-27T18:08:08.588+0000] {processor.py:925} INFO - DAG(s) 'medallion_pipeline' retrieved from /opt/airflow/dags/medallion_dag.py
[2026-09-27T18:08:08.634+0000] {logging_mixin.py:190} INFO - [2026-09-27T18:08:08.634+0000] {dag.py:3239} INFO - Sync 1 DAGs
[2026-09-27T18:08:08.672+0000] {logging_mixin.py:190} INFO - [2026-09-27T18:08:08.672+0000] {dag.py:4180} INFO - Setting next_dagrun for medallion_pipeline to 2026-09-27 00:00:00+00:00, run_after=2026-09-28 00:00:00+00:00
[2026-09-27T18:08:08.705+0000] {processor.py:208} INFO - Processing /opt/airflow/dags/medallion_dag.py took 1.715 seconds
[2026-09-27T18:08:39.546+0000] {processor.py:186} INFO - Started process (PID=4803) to work on /opt/airflow/dags/medallion_dag.py
[2026-09-27T18:08:39.551+0000] {processor.py:914} INFO - Processing file /opt/airflow/dags/medallion_dag.py for tasks to queue
[2026-09-27T18:08:39.557+0000] {logging_mixin.py:190} INFO - [2026-09-27T18:08:39.556+0000] {dagbag.py:588} INFO - Filling up the DagBag from /opt/airflow/dags/medallion_dag.py
[2026-09-27T18:08:41.127+0000] {processor.py:925} INFO - DAG(s) 'medallion_pipeline' retrieved from /opt/airflow/dags/medallion_dag.py
[2026-09-27T18:08:41.170+0000] {logging_mixin.py:190} INFO - [2026-09-27T18:08:41.170+0000] {dag.py:3239} INFO - Sync 1 DAGs
[2026-09-27T18:08:41.204+0000] {logging_mixin.py:190} INFO - [2026-09-27T18:08:41.204+0000] {dag.py:4180} INFO - Setting next_dagrun for medallion_pipeline to 2026-09-27 00:00:00+00:00, run_after=2026-09-28 00:00:00+00:00
[2026-09-27T18:08:41.237+0000] {processor.py:208} INFO - Processing /opt/airflow/dags/medallion_dag.py took 1.707 seconds
[2026-09-27T18:09:11.764+0000] {processor.py:186} INFO - Started process (PID=4808) to work on /opt/airflow/dags/medallion_dag.py
[2026-09-27T18:09:11.766+0000] {processor.py:914} INFO - Processing file /opt/airflow/dags/medallion_dag.py for tasks to queue
[2026-09-27T18:09:11.769+0000] {logging_mixin.py:190} INFO - [2026-09-27T18:09:11.769+0000] {dagbag.py:588} INFO - Filling up the DagBag from /opt/airflow/dags/medallion_dag.py
[2026-09-27T18:09:12.303+0000] {processor.py:925} INFO - DAG(s) 'medallion_pipeline' retrieved from /opt/airflow/dags/medallion_dag.py
[2026-09-27T18:09:12.334+0000] {logging_mixin.py:190} INFO - [2026-09-27T18:09:12.334+0000] {dag.py:3239} INFO - Sync 1 DAGs
[2026-09-27T18:09:12.368+0000] {logging_mixin.py:190} INFO - [2026-09-27T18:09:12.368+0000] {dag.py:4180} INFO - Setting next_dagrun for medallion_pipeline to 2026-09-27 00:00:00+00:00, run_after=2026-09-28 00:00:00+00:00
[2026-09-27T18:09:12.401+0000] {processor.py:208} INFO - Processing /opt/airflow/dags/medallion_dag.py took 0.644 seconds
[2026-09-27T18:09:42.768+0000] {processor.py:186} INFO - Started process (PID=4813) to work on /opt/airflow/dags/medallion_dag.py
[2026-09-27T18:09:42.770+0000] {processor.py:914} INFO - Processing file /opt/airflow/dags/medallion_dag.py for tasks to queue
[2026-09-27T18:09:42.773+0000] {logging_mixin.py:190} INFO - [2026-09-27T18:09:42.773+0000] {dagbag.py:588} INFO - Filling up the DagBag from /opt/airflow/dags/medallion_dag.py
[2026-09-27T18:09:43.315+0000] {processor.py:925} INFO - DAG(s) 'medallion_pipeline' retrieved from /opt/airflow/dags/medallion_dag.py
[2026-09-27T18:09:43.346+0000] {logging_mixin.py:190} INFO - [2026-09-27T18:09:43.345+0000] {dag.py:3239} INFO - Sync 1 DAGs
[2026-09-27T18:09:43.377+0000] {logging_mixin.py:190} INFO - [2026-09-27T18:09:43.377+0000] {dag.py:4180} INFO - Setting next_dagrun for medallion_pipeline to 2026-09-27 00:00:00+00:00, run_after=2026-09-28 00:00:00+00:00
[2026-09-27T18:09:43.407+0000] {processor.py:208} INFO - Processing /opt/airflow/dags/medallion_dag.py took 0.648 seconds
[2026-09-27T18:10:13.825+0000] {processor.py:186} INFO - Started process (PID=4818) to work on /opt/airflow/dags/medallion_dag.py
[2026-09-27T18:10:13.827+0000] {processor.py:914} INFO - Processing file /opt/airflow/dags/medallion_dag.py for tasks to queue
[2026-09-27T18:10:13.832+0000] {logging_mixin.py:190} INFO - [2026-09-27T18:10:13.832+0000] {dagbag.py:588} INFO - Filling up the DagBag from /opt/airflow/dags/medallion_dag.py
[2026-09-27T18:10:14.416+0000] {processor.py:925} INFO - DAG(s) 'medallion_pipeline' retrieved from /opt/airflow/dags/medallion_dag.py
[2026-09-27T18:10:14.448+0000] {logging_mixin.py:190} INFO - [2026-09-27T18:10:14.447+0000] {dag.py:3239} INFO - Sync 1 DAGs
[2026-09-27T18:10:14.480+0000] {logging_mixin.py:190} INFO - [2026-09-27T18:10:14.479+0000] {dag.py:4180} INFO - Setting next_dagrun for medallion_pipeline to 2026-09-27 00:00:00+00:00, run_after=2026-09-28 00:00:00+00:00
[2026-09-27T18:10:14.510+0000] {processor.py:208} INFO - Processing /opt/airflow/dags/medallion_dag.py took 0.697 seconds
[2026-09-27T18:10:44.912+0000] {processor.py:186} INFO - Started process (PID=4823) to work on /opt/airflow/dags/medallion_dag.py
[2026-09-27T18:10:44.915+0000] {processor.py:914} INFO - Processing file /opt/airflow/dags/medallion_dag.py for tasks to queue
[2026-09-27T18:10:44.920+0000] {logging_mixin.py:190} INFO - [2026-09-27T18:10:44.919+0000] {dagbag.py:588} INFO - Filling up the DagBag from /opt/airflow/dags/medallion_dag.py
[2026-09-27T18:10:45.475+0000] {processor.py:925} INFO - DAG(s) 'medallion_pipeline' retrieved from /opt/airflow/dags/medallion_dag.py
[2026-09-27T18:10:45.508+0000] {logging_mixin.py:190} INFO - [2026-09-27T18:10:45.507+0000] {dag.py:3239} INFO - Sync 1 DAGs
[2026-09-27T18:10:45.538+0000] {logging_mixin.py:190} INFO - [2026-09-27T18:10:45.538+0000] {dag.py:4180} INFO - Setting next_dagrun for medallion_pipeline to 2026-09-27 00:00:00+00:00, run_after=2026-09-28 00:00:00+00:00
[2026-09-27T18:10:45.564+0000] {processor.py:208} INFO - Processing /opt/airflow/dags/medallion_dag.py took 0.663 seconds
[2026-09-27T18:11:15.984+0000] {processor.py:186} INFO - Started process (PID=4828) to work on /opt/airflow/dags/medallion_dag.py
[2026-09-27T18:11:15.988+0000] {processor.py:914} INFO - Processing file /opt/airflow/dags/medallion_dag.py for tasks to queue
[2026-09-27T18:11:15.994+0000] {logging_mixin.py:190} INFO - [2026-09-27T18:11:15.993+0000] {dagbag.py:588} INFO - Filling up the DagBag from /opt/airflow/dags/medallion_dag.py
[2026-09-27T18:11:17.063+0000] {processor.py:925} INFO - DAG(s) 'medallion_pipeline' retrieved from /opt/airflow/dags/medallion_dag.py
[2026-09-27T18:11:17.111+0000] {logging_mixin.py:190} INFO - [2026-09-27T18:11:17.110+0000] {dag.py:3239} INFO - Sync 1 DAGs
[2026-09-27T18:11:17.144+0000] {logging_mixin.py:190} INFO - [2026-09-27T18:11:17.143+0000] {dag.py:4180} INFO - Setting next_dagrun for medallion_pipeline to 2026-09-27 00:00:00+00:00, run_after=2026-09-28 00:00:00+00:00
[2026-09-27T18:11:17.176+0000] {processor.py:208} INFO - Processing /opt/airflow/dags/medallion_dag.py took 1.206 seconds
[2026-09-27T18:11:47.297+0000] {processor.py:186} INFO - Started process (PID=4833) to work on /opt/airflow/dags/medallion_dag.py
[2026-09-27T18:11:47.299+0000] {processor.py:914} INFO - Processing file /opt/airflow/dags/medallion_dag.py for tasks to queue
[2026-09-27T18:11:47.304+0000] {logging_mixin.py:190} INFO - [2026-09-27T18:11:47.303+0000] {dagbag.py:588} INFO - Filling up the DagBag from /opt/airflow/dags/medallion_dag.py
[2026-09-27T18:11:47.891+0000] {processor.py:925} INFO - DAG(s) 'medallion_pipeline' retrieved from /opt/airflow/dags/medallion_dag.py
[2026-09-27T18:11:47.929+0000] {logging_mixin.py:190} INFO - [2026-09-27T18:11:47.929+0000] {dag.py:3239} INFO - Sync 1 DAGs
[2026-09-27T18:11:47.963+0000] {logging_mixin.py:190} INFO - [2026-09-27T18:11:47.963+0000] {dag.py:4180} INFO - Setting next_dagrun for medallion_pipeline to 2026-09-27 00:00:00+00:00, run_after=2026-09-28 00:00:00+00:00
[2026-09-27T18:11:47.995+0000] {processor.py:208} INFO - Processing /opt/airflow/dags/medallion_dag.py took 0.708 seconds
[2026-09-27T18:12:18.523+0000] {processor.py:186} INFO - Started process (PID=4838) to work on /opt/airflow/dags/medallion_dag.py
[2026-09-27T18:12:18.526+0000] {processor.py:914} INFO - Processing file /opt/airflow/dags/medallion_dag.py for tasks to queue
[2026-09-27T18:12:18.531+0000] {logging_mixin.py:190} INFO - [2026-09-27T18:12:18.531+0000] {dagbag.py:588} INFO - Filling up the DagBag from /opt/airflow/dags/medallion_dag.py
[2026-09-27T18:12:19.147+0000] {processor.py:925} INFO - DAG(s) 'medallion_pipeline' retrieved from /opt/airflow/dags/medallion_dag.py
[2026-09-27T18:12:19.193+0000] {logging_mixin.py:190} INFO - [2026-09-27T18:12:19.192+0000] {dag.py:3239} INFO - Sync 1 DAGs
[2026-09-27T18:12:19.231+0000] {logging_mixin.py:190} INFO - [2026-09-27T18:12:19.231+0000] {dag.py:4180} INFO - Setting next_dagrun for medallion_pipeline to 2026-09-27 00:00:00+00:00, run_after=2026-09-28 00:00:00+00:00
[2026-09-27T18:12:19.264+0000] {processor.py:208} INFO - Processing /opt/airflow/dags/medallion_dag.py took 0.751 seconds
[2026-09-27T18:12:49.693+0000] {processor.py:186} INFO - Started process (PID=4843) to work on /opt/airflow/dags/medallion_dag.py
[2026-09-27T18:12:49.696+0000] {processor.py:914} INFO - Processing file /opt/airflow/dags/medallion_dag.py for tasks to queue
[2026-09-27T18:12:49.700+0000] {logging_mixin.py:190} INFO - [2026-09-27T18:12:49.700+0000] {dagbag.py:588} INFO - Filling up the DagBag from /opt/airflow/dags/medallion_dag.py
[2026-09-27T18:12:50.400+0000] {processor.py:925} INFO - DAG(s) 'medallion_pipeline' retrieved from /opt/airflow/dags/medallion_dag.py
[2026-09-27T18:12:50.437+0000] {logging_mixin.py:190} INFO - [2026-09-27T18:12:50.436+0000] {dag.py:3239} INFO - Sync 1 DAGs
[2026-09-27T18:12:50.474+0000] {logging_mixin.py:190} INFO - [2026-09-27T18:12:50.474+0000] {dag.py:4180} INFO - Setting next_dagrun for medallion_pipeline to 2026-09-27 00:00:00+00:00, run_after=2026-09-28 00:00:00+00:00
[2026-09-27T18:12:50.510+0000] {processor.py:208} INFO - Processing /opt/airflow/dags/medallion_dag.py took 0.826 seconds
[2026-09-27T18:13:20.633+0000] {processor.py:186} INFO - Started process (PID=4848) to work on /opt/airflow/dags/medallion_dag.py
[2026-09-27T18:13:20.635+0000] {processor.py:914} INFO - Processing file /opt/airflow/dags/medallion_dag.py for tasks to queue
[2026-09-27T18:13:20.641+0000] {logging_mixin.py:190} INFO - [2026-09-27T18:13:20.641+0000] {dagbag.py:588} INFO - Filling up the DagBag from /opt/airflow/dags/medallion_dag.py
[2026-09-27T18:13:21.204+0000] {processor.py:925} INFO - DAG(s) 'medallion_pipeline' retrieved from /opt/airflow/dags/medallion_dag.py
[2026-09-27T18:13:21.242+0000] {logging_mixin.py:190} INFO - [2026-09-27T18:13:21.241+0000] {dag.py:3239} INFO - Sync 1 DAGs
[2026-09-27T18:13:21.274+0000] {logging_mixin.py:190} INFO - [2026-09-27T18:13:21.274+0000] {dag.py:4180} INFO - Setting next_dagrun for medallion_pipeline to 2026-09-27 00:00:00+00:00, run_after=2026-09-28 00:00:00+00:00
[2026-09-27T18:13:21.304+0000] {processor.py:208} INFO - Processing /opt/airflow/dags/medallion_dag.py took 0.682 seconds
[2026-09-27T18:13:51.710+0000] {processor.py:186} INFO - Started process (PID=4853) to work on /opt/airflow/dags/medallion_dag.py
[2026-09-27T18:13:51.714+0000] {processor.py:914} INFO - Processing file /opt/airflow/dags/medallion_dag.py for tasks to queue
[2026-09-27T18:13:51.719+0000] {logging_mixin.py:190} INFO - [2026-09-27T18:13:51.718+0000] {dagbag.py:588} INFO - Filling up the DagBag from /opt/airflow/dags/medallion_dag.py
[2026-09-27T18:13:52.693+0000] {processor.py:925} INFO - DAG(s) 'medallion_pipeline' retrieved from /opt/airflow/dags/medallion_dag.py
[2026-09-27T18:13:52.727+0000] {logging_mixin.py:190} INFO - [2026-09-27T18:13:52.726+0000] {dag.py:3239} INFO - Sync 1 DAGs
[2026-09-27T18:13:52.756+0000] {logging_mixin.py:190} INFO - [2026-09-27T18:13:52.756+0000] {dag.py:4180} INFO - Setting next_dagrun for medallion_pipeline to 2026-09-27 00:00:00+00:00, run_after=2026-09-28 00:00:00+00:00
[2026-09-27T18:13:52.790+0000] {processor.py:208} INFO - Processing /opt/airflow/dags/medallion_dag.py took 1.089 seconds
[2026-09-27T18:14:23.033+0000] {processor.py:186} INFO - Started process (PID=4858) to work on /opt/airflow/dags/medallion_dag.py
[2026-09-27T18:14:23.036+0000] {processor.py:914} INFO - Processing file /opt/airflow/dags/medallion_dag.py for tasks to queue
[2026-09-27T18:14:23.042+0000] {logging_mixin.py:190} INFO - [2026-09-27T18:14:23.042+0000] {dagbag.py:588} INFO - Filling up the DagBag from /opt/airflow/dags/medallion_dag.py
[2026-09-27T18:14:23.676+0000] {processor.py:925} INFO - DAG(s) 'medallion_pipeline' retrieved from /opt/airflow/dags/medallion_dag.py
[2026-09-27T18:14:23.705+0000] {logging_mixin.py:190} INFO - [2026-09-27T18:14:23.705+0000] {dag.py:3239} INFO - Sync 1 DAGs
[2026-09-27T18:14:23.734+0000] {logging_mixin.py:190} INFO - [2026-09-27T18:14:23.734+0000] {dag.py:4180} INFO - Setting next_dagrun for medallion_pipeline to 2026-09-27 00:00:00+00:00, run_after=2026-09-28 00:00:00+00:00
[2026-09-27T18:14:23.763+0000] {processor.py:208} INFO - Processing /opt/airflow/dags/medallion_dag.py took 0.741 seconds
[2026-09-27T18:14:54.222+0000] {processor.py:186} INFO - Started process (PID=4863) to work on /opt/airflow/dags/medallion_dag.py
[2026-09-27T18:14:54.225+0000] {processor.py:914} INFO - Processing file /opt/airflow/dags/medallion_dag.py for tasks to queue
[2026-09-27T18:14:54.228+0000] {logging_mixin.py:190} INFO - [2026-09-27T18:14:54.228+0000] {dagbag.py:588} INFO - Filling up the DagBag from /opt/airflow/dags/medallion_dag.py
[2026-09-27T18:14:54.775+0000] {processor.py:925} INFO - DAG(s) 'medallion_pipeline' retrieved from /opt/airflow/dags/medallion_dag.py
[2026-09-27T18:14:54.809+0000] {logging_mixin.py:190} INFO - [2026-09-27T18:14:54.809+0000] {dag.py:3239} INFO - Sync 1 DAGs
[2026-09-27T18:14:54.843+0000] {logging_mixin.py:190} INFO - [2026-09-27T18:14:54.843+0000] {dag.py:4180} INFO - Setting next_dagrun for medallion_pipeline to 2026-09-27 00:00:00+00:00, run_after=2026-09-28 00:00:00+00:00
[2026-09-27T18:14:54.872+0000] {processor.py:208} INFO - Processing /opt/airflow/dags/medallion_dag.py took 0.660 seconds
[2026-09-27T18:15:24.973+0000] {processor.py:186} INFO - Started process (PID=4868) to work on /opt/airflow/dags/medallion_dag.py
[2026-09-27T18:15:24.976+0000] {processor.py:914} INFO - Processing file /opt/airflow/dags/medallion_dag.py for tasks to queue
[2026-09-27T18:15:24.980+0000] {logging_mixin.py:190} INFO - [2026-09-27T18:15:24.980+0000] {dagbag.py:588} INFO - Filling up the DagBag from /opt/airflow/dags/medallion_dag.py
[2026-09-27T18:15:25.579+0000] {processor.py:925} INFO - DAG(s) 'medallion_pipeline' retrieved from /opt/airflow/dags/medallion_dag.py
[2026-09-27T18:15:25.620+0000] {logging_mixin.py:190} INFO - [2026-09-27T18:15:25.619+0000] {dag.py:3239} INFO - Sync 1 DAGs
[2026-09-27T18:15:25.665+0000] {logging_mixin.py:190} INFO - [2026-09-27T18:15:25.664+0000] {dag.py:4180} INFO - Setting next_dagrun for medallion_pipeline to 2026-09-27 00:00:00+00:00, run_after=2026-09-28 00:00:00+00:00
[2026-09-27T18:15:25.695+0000] {processor.py:208} INFO - Processing /opt/airflow/dags/medallion_dag.py took 0.732 seconds
[2026-09-27T18:15:55.836+0000] {processor.py:186} INFO - Started process (PID=4873) to work on /opt/airflow/dags/medallion_dag.py
[2026-09-27T18:15:55.840+0000] {processor.py:914} INFO - Processing file /opt/airflow/dags/medallion_dag.py for tasks to queue
[2026-09-27T18:15:55.844+0000] {logging_mixin.py:190} INFO - [2026-09-27T18:15:55.844+0000] {dagbag.py:588} INFO - Filling up the DagBag from /opt/airflow/dags/medallion_dag.py
[2026-09-27T18:15:56.485+0000] {processor.py:925} INFO - DAG(s) 'medallion_pipeline' retrieved from /opt/airflow/dags/medallion_dag.py
[2026-09-27T18:15:56.517+0000] {logging_mixin.py:190} INFO - [2026-09-27T18:15:56.517+0000] {dag.py:3239} INFO - Sync 1 DAGs
[2026-09-27T18:15:56.550+0000] {logging_mixin.py:190} INFO - [2026-09-27T18:15:56.550+0000] {dag.py:4180} INFO - Setting next_dagrun for medallion_pipeline to 2026-09-27 00:00:00+00:00, run_after=2026-09-28 00:00:00+00:00
[2026-09-27T18:15:56.583+0000] {processor.py:208} INFO - Processing /opt/airflow/dags/medallion_dag.py took 0.759 seconds
[2026-09-27T18:16:27.044+0000] {processor.py:186} INFO - Started process (PID=4878) to work on /opt/airflow/dags/medallion_dag.py
[2026-09-27T18:16:27.046+0000] {processor.py:914} INFO - Processing file /opt/airflow/dags/medallion_dag.py for tasks to queue
[2026-09-27T18:16:27.052+0000] {logging_mixin.py:190} INFO - [2026-09-27T18:16:27.052+0000] {dagbag.py:588} INFO - Filling up the DagBag from /opt/airflow/dags/medallion_dag.py
[2026-09-27T18:16:27.703+0000] {processor.py:925} INFO - DAG(s) 'medallion_pipeline' retrieved from /opt/airflow/dags/medallion_dag.py
[2026-09-27T18:16:27.747+0000] {logging_mixin.py:190} INFO - [2026-09-27T18:16:27.747+0000] {dag.py:3239} INFO - Sync 1 DAGs
[2026-09-27T18:16:27.784+0000] {logging_mixin.py:190} INFO - [2026-09-27T18:16:27.784+0000] {dag.py:4180} INFO - Setting next_dagrun for medallion_pipeline to 2026-09-27 00:00:00+00:00, run_after=2026-09-28 00:00:00+00:00
[2026-09-27T18:16:27.819+0000] {processor.py:208} INFO - Processing /opt/airflow/dags/medallion_dag.py took 0.786 seconds
[2026-09-27T18:16:58.213+0000] {processor.py:186} INFO - Started process (PID=4883) to work on /opt/airflow/dags/medallion_dag.py
[2026-09-27T18:16:58.216+0000] {processor.py:914} INFO - Processing file /opt/airflow/dags/medallion_dag.py for tasks to queue
[2026-09-27T18:16:58.221+0000] {logging_mixin.py:190} INFO - [2026-09-27T18:16:58.221+0000] {dagbag.py:588} INFO - Filling up the DagBag from /opt/airflow/dags/medallion_dag.py
[2026-09-27T18:16:58.767+0000] {processor.py:925} INFO - DAG(s) 'medallion_pipeline' retrieved from /opt/airflow/dags/medallion_dag.py
[2026-09-27T18:16:58.798+0000] {logging_mixin.py:190} INFO - [2026-09-27T18:16:58.798+0000] {dag.py:3239} INFO - Sync 1 DAGs
[2026-09-27T18:16:58.828+0000] {logging_mixin.py:190} INFO - [2026-09-27T18:16:58.828+0000] {dag.py:4180} INFO - Setting next_dagrun for medallion_pipeline to 2026-09-27 00:00:00+00:00, run_after=2026-09-28 00:00:00+00:00
[2026-09-27T18:16:58.857+0000] {processor.py:208} INFO - Processing /opt/airflow/dags/medallion_dag.py took 0.652 seconds
[2026-09-27T18:17:29.196+0000] {processor.py:186} INFO - Started process (PID=4888) to work on /opt/airflow/dags/medallion_dag.py
[2026-09-27T18:17:29.198+0000] {processor.py:914} INFO - Processing file /opt/airflow/dags/medallion_dag.py for tasks to queue
[2026-09-27T18:17:29.205+0000] {logging_mixin.py:190} INFO - [2026-09-27T18:17:29.204+0000] {dagbag.py:588} INFO - Filling up the DagBag from /opt/airflow/dags/medallion_dag.py
[2026-09-27T18:17:30.401+0000] {processor.py:925} INFO - DAG(s) 'medallion_pipeline' retrieved from /opt/airflow/dags/medallion_dag.py
[2026-09-27T18:17:30.447+0000] {logging_mixin.py:190} INFO - [2026-09-27T18:17:30.446+0000] {dag.py:3239} INFO - Sync 1 DAGs
[2026-09-27T18:17:30.478+0000] {logging_mixin.py:190} INFO - [2026-09-27T18:17:30.478+0000] {dag.py:4180} INFO - Setting next_dagrun for medallion_pipeline to 2026-09-27 00:00:00+00:00, run_after=2026-09-28 00:00:00+00:00
[2026-09-27T18:17:30.514+0000] {processor.py:208} INFO - Processing /opt/airflow/dags/medallion_dag.py took 1.330 seconds
[2026-09-27T18:18:00.632+0000] {processor.py:186} INFO - Started process (PID=4893) to work on /opt/airflow/dags/medallion_dag.py
[2026-09-27T18:18:00.634+0000] {processor.py:914} INFO - Processing file /opt/airflow/dags/medallion_dag.py for tasks to queue
[2026-09-27T18:18:00.638+0000] {logging_mixin.py:190} INFO - [2026-09-27T18:18:00.637+0000] {dagbag.py:588} INFO - Filling up the DagBag from /opt/airflow/dags/medallion_dag.py
[2026-09-27T18:18:01.385+0000] {processor.py:925} INFO - DAG(s) 'medallion_pipeline' retrieved from /opt/airflow/dags/medallion_dag.py
[2026-09-27T18:18:01.432+0000] {logging_mixin.py:190} INFO - [2026-09-27T18:18:01.431+0000] {dag.py:3239} INFO - Sync 1 DAGs
[2026-09-27T18:18:01.477+0000] {logging_mixin.py:190} INFO - [2026-09-27T18:18:01.477+0000] {dag.py:4180} INFO - Setting next_dagrun for medallion_pipeline to 2026-09-27 00:00:00+00:00, run_after=2026-09-28 00:00:00+00:00
[2026-09-27T18:18:01.529+0000] {processor.py:208} INFO - Processing /opt/airflow/dags/medallion_dag.py took 0.907 seconds
[2026-09-27T18:18:31.923+0000] {processor.py:186} INFO - Started process (PID=4898) to work on /opt/airflow/dags/medallion_dag.py
[2026-09-27T18:18:31.926+0000] {processor.py:914} INFO - Processing file /opt/airflow/dags/medallion_dag.py for tasks to queue
[2026-09-27T18:18:31.932+0000] {logging_mixin.py:190} INFO - [2026-09-27T18:18:31.931+0000] {dagbag.py:588} INFO - Filling up the DagBag from /opt/airflow/dags/medallion_dag.py
[2026-09-27T18:18:32.513+0000] {processor.py:925} INFO - DAG(s) 'medallion_pipeline' retrieved from /opt/airflow/dags/medallion_dag.py
[2026-09-27T18:18:32.548+0000] {logging_mixin.py:190} INFO - [2026-09-27T18:18:32.547+0000] {dag.py:3239} INFO - Sync 1 DAGs
[2026-09-27T18:18:32.582+0000] {logging_mixin.py:190} INFO - [2026-09-27T18:18:32.582+0000] {dag.py:4180} INFO - Setting next_dagrun for medallion_pipeline to 2026-09-27 00:00:00+00:00, run_after=2026-09-28 00:00:00+00:00
[2026-09-27T18:18:32.617+0000] {processor.py:208} INFO - Processing /opt/airflow/dags/medallion_dag.py took 0.703 seconds
[2026-09-27T18:19:03.001+0000] {processor.py:186} INFO - Started process (PID=4903) to work on /opt/airflow/dags/medallion_dag.py
[2026-09-27T18:19:03.003+0000] {processor.py:914} INFO - Processing file /opt/airflow/dags/medallion_dag.py for tasks to queue
[2026-09-27T18:19:03.008+0000] {logging_mixin.py:190} INFO - [2026-09-27T18:19:03.007+0000] {dagbag.py:588} INFO - Filling up the DagBag from /opt/airflow/dags/medallion_dag.py
[2026-09-27T18:19:03.501+0000] {processor.py:925} INFO - DAG(s) 'medallion_pipeline' retrieved from /opt/airflow/dags/medallion_dag.py
[2026-09-27T18:19:03.530+0000] {logging_mixin.py:190} INFO - [2026-09-27T18:19:03.529+0000] {dag.py:3239} INFO - Sync 1 DAGs
[2026-09-27T18:19:03.559+0000] {logging_mixin.py:190} INFO - [2026-09-27T18:19:03.558+0000] {dag.py:4180} INFO - Setting next_dagrun for medallion_pipeline to 2026-09-27 00:00:00+00:00, run_after=2026-09-28 00:00:00+00:00
[2026-09-27T18:19:03.587+0000] {processor.py:208} INFO - Processing /opt/airflow/dags/medallion_dag.py took 0.595 seconds
[2026-09-27T18:19:34.079+0000] {processor.py:186} INFO - Started process (PID=4908) to work on /opt/airflow/dags/medallion_dag.py
[2026-09-27T18:19:34.081+0000] {processor.py:914} INFO - Processing file /opt/airflow/dags/medallion_dag.py for tasks to queue
[2026-09-27T18:19:34.086+0000] {logging_mixin.py:190} INFO - [2026-09-27T18:19:34.085+0000] {dagbag.py:588} INFO - Filling up the DagBag from /opt/airflow/dags/medallion_dag.py
[2026-09-27T18:19:34.577+0000] {processor.py:925} INFO - DAG(s) 'medallion_pipeline' retrieved from /opt/airflow/dags/medallion_dag.py
[2026-09-27T18:19:34.606+0000] {logging_mixin.py:190} INFO - [2026-09-27T18:19:34.605+0000] {dag.py:3239} INFO - Sync 1 DAGs
[2026-09-27T18:19:34.634+0000] {logging_mixin.py:190} INFO - [2026-09-27T18:19:34.633+0000] {dag.py:4180} INFO - Setting next_dagrun for medallion_pipeline to 2026-09-27 00:00:00+00:00, run_after=2026-09-28 00:00:00+00:00
[2026-09-27T18:19:34.660+0000] {processor.py:208} INFO - Processing /opt/airflow/dags/medallion_dag.py took 0.590 seconds
[2026-09-27T18:20:05.255+0000] {processor.py:186} INFO - Started process (PID=4913) to work on /opt/airflow/dags/medallion_dag.py
[2026-09-27T18:20:05.257+0000] {processor.py:914} INFO - Processing file /opt/airflow/dags/medallion_dag.py for tasks to queue
[2026-09-27T18:20:05.262+0000] {logging_mixin.py:190} INFO - [2026-09-27T18:20:05.261+0000] {dagbag.py:588} INFO - Filling up the DagBag from /opt/airflow/dags/medallion_dag.py
[2026-09-27T18:20:05.766+0000] {processor.py:925} INFO - DAG(s) 'medallion_pipeline' retrieved from /opt/airflow/dags/medallion_dag.py
[2026-09-27T18:20:05.803+0000] {logging_mixin.py:190} INFO - [2026-09-27T18:20:05.802+0000] {dag.py:3239} INFO - Sync 1 DAGs
[2026-09-27T18:20:05.833+0000] {logging_mixin.py:190} INFO - [2026-09-27T18:20:05.833+0000] {dag.py:4180} INFO - Setting next_dagrun for medallion_pipeline to 2026-09-27 00:00:00+00:00, run_after=2026-09-28 00:00:00+00:00
[2026-09-27T18:20:05.863+0000] {processor.py:208} INFO - Processing /opt/airflow/dags/medallion_dag.py took 0.616 seconds
[2026-09-27T18:20:36.206+0000] {processor.py:186} INFO - Started process (PID=4918) to work on /opt/airflow/dags/medallion_dag.py
[2026-09-27T18:20:36.211+0000] {processor.py:914} INFO - Processing file /opt/airflow/dags/medallion_dag.py for tasks to queue
[2026-09-27T18:20:36.220+0000] {logging_mixin.py:190} INFO - [2026-09-27T18:20:36.220+0000] {dagbag.py:588} INFO - Filling up the DagBag from /opt/airflow/dags/medallion_dag.py
[2026-09-27T18:20:36.951+0000] {processor.py:925} INFO - DAG(s) 'medallion_pipeline' retrieved from /opt/airflow/dags/medallion_dag.py
[2026-09-27T18:20:36.994+0000] {logging_mixin.py:190} INFO - [2026-09-27T18:20:36.993+0000] {dag.py:3239} INFO - Sync 1 DAGs
[2026-09-27T18:20:37.023+0000] {logging_mixin.py:190} INFO - [2026-09-27T18:20:37.023+0000] {dag.py:4180} INFO - Setting next_dagrun for medallion_pipeline to 2026-09-27 00:00:00+00:00, run_after=2026-09-28 00:00:00+00:00
[2026-09-27T18:20:37.060+0000] {processor.py:208} INFO - Processing /opt/airflow/dags/medallion_dag.py took 0.870 seconds
[2026-09-27T18:21:07.492+0000] {processor.py:186} INFO - Started process (PID=4923) to work on /opt/airflow/dags/medallion_dag.py
[2026-09-27T18:21:07.494+0000] {processor.py:914} INFO - Processing file /opt/airflow/dags/medallion_dag.py for tasks to queue
[2026-09-27T18:21:07.499+0000] {logging_mixin.py:190} INFO - [2026-09-27T18:21:07.498+0000] {dagbag.py:588} INFO - Filling up the DagBag from /opt/airflow/dags/medallion_dag.py
[2026-09-27T18:21:08.023+0000] {processor.py:925} INFO - DAG(s) 'medallion_pipeline' retrieved from /opt/airflow/dags/medallion_dag.py
[2026-09-27T18:21:08.051+0000] {logging_mixin.py:190} INFO - [2026-09-27T18:21:08.051+0000] {dag.py:3239} INFO - Sync 1 DAGs
[2026-09-27T18:21:08.080+0000] {logging_mixin.py:190} INFO - [2026-09-27T18:21:08.080+0000] {dag.py:4180} INFO - Setting next_dagrun for medallion_pipeline to 2026-09-27 00:00:00+00:00, run_after=2026-09-28 00:00:00+00:00
[2026-09-27T18:21:08.105+0000] {processor.py:208} INFO - Processing /opt/airflow/dags/medallion_dag.py took 0.621 seconds
[2026-09-27T18:21:38.575+0000] {processor.py:186} INFO - Started process (PID=4928) to work on /opt/airflow/dags/medallion_dag.py
[2026-09-27T18:21:38.578+0000] {processor.py:914} INFO - Processing file /opt/airflow/dags/medallion_dag.py for tasks to queue
[2026-09-27T18:21:38.582+0000] {logging_mixin.py:190} INFO - [2026-09-27T18:21:38.582+0000] {dagbag.py:588} INFO - Filling up the DagBag from /opt/airflow/dags/medallion_dag.py
[2026-09-27T18:21:39.110+0000] {processor.py:925} INFO - DAG(s) 'medallion_pipeline' retrieved from /opt/airflow/dags/medallion_dag.py
[2026-09-27T18:21:39.139+0000] {logging_mixin.py:190} INFO - [2026-09-27T18:21:39.138+0000] {dag.py:3239} INFO - Sync 1 DAGs
[2026-09-27T18:21:39.169+0000] {logging_mixin.py:190} INFO - [2026-09-27T18:21:39.169+0000] {dag.py:4180} INFO - Setting next_dagrun for medallion_pipeline to 2026-09-27 00:00:00+00:00, run_after=2026-09-28 00:00:00+00:00
[2026-09-27T18:21:39.199+0000] {processor.py:208} INFO - Processing /opt/airflow/dags/medallion_dag.py took 0.631 seconds
[2026-09-27T18:22:09.419+0000] {processor.py:186} INFO - Started process (PID=4933) to work on /opt/airflow/dags/medallion_dag.py
[2026-09-27T18:22:09.421+0000] {processor.py:914} INFO - Processing file /opt/airflow/dags/medallion_dag.py for tasks to queue
[2026-09-27T18:22:09.425+0000] {logging_mixin.py:190} INFO - [2026-09-27T18:22:09.424+0000] {dagbag.py:588} INFO - Filling up the DagBag from /opt/airflow/dags/medallion_dag.py
[2026-09-27T18:22:09.931+0000] {processor.py:925} INFO - DAG(s) 'medallion_pipeline' retrieved from /opt/airflow/dags/medallion_dag.py
[2026-09-27T18:22:09.962+0000] {logging_mixin.py:190} INFO - [2026-09-27T18:22:09.962+0000] {dag.py:3239} INFO - Sync 1 DAGs
[2026-09-27T18:22:09.991+0000] {logging_mixin.py:190} INFO - [2026-09-27T18:22:09.991+0000] {dag.py:4180} INFO - Setting next_dagrun for medallion_pipeline to 2026-09-27 00:00:00+00:00, run_after=2026-09-28 00:00:00+00:00
[2026-09-27T18:22:10.021+0000] {processor.py:208} INFO - Processing /opt/airflow/dags/medallion_dag.py took 0.612 seconds
[2026-09-27T18:22:40.133+0000] {processor.py:186} INFO - Started process (PID=4938) to work on /opt/airflow/dags/medallion_dag.py
[2026-09-27T18:22:40.135+0000] {processor.py:914} INFO - Processing file /opt/airflow/dags/medallion_dag.py for tasks to queue
[2026-09-27T18:22:40.138+0000] {logging_mixin.py:190} INFO - [2026-09-27T18:22:40.138+0000] {dagbag.py:588} INFO - Filling up the DagBag from /opt/airflow/dags/medallion_dag.py
[2026-09-27T18:22:40.635+0000] {processor.py:925} INFO - DAG(s) 'medallion_pipeline' retrieved from /opt/airflow/dags/medallion_dag.py
[2026-09-27T18:22:40.665+0000] {logging_mixin.py:190} INFO - [2026-09-27T18:22:40.664+0000] {dag.py:3239} INFO - Sync 1 DAGs
[2026-09-27T18:22:40.695+0000] {logging_mixin.py:190} INFO - [2026-09-27T18:22:40.695+0000] {dag.py:4180} INFO - Setting next_dagrun for medallion_pipeline to 2026-09-27 00:00:00+00:00, run_after=2026-09-28 00:00:00+00:00
[2026-09-27T18:22:40.722+0000] {processor.py:208} INFO - Processing /opt/airflow/dags/medallion_dag.py took 0.598 seconds
[2026-09-27T18:23:10.903+0000] {processor.py:186} INFO - Started process (PID=4943) to work on /opt/airflow/dags/medallion_dag.py
[2026-09-27T18:23:10.905+0000] {processor.py:914} INFO - Processing file /opt/airflow/dags/medallion_dag.py for tasks to queue
[2026-09-27T18:23:10.914+0000] {logging_mixin.py:190} INFO - [2026-09-27T18:23:10.913+0000] {dagbag.py:588} INFO - Filling up the DagBag from /opt/airflow/dags/medallion_dag.py
[2026-09-27T18:23:11.453+0000] {processor.py:925} INFO - DAG(s) 'medallion_pipeline' retrieved from /opt/airflow/dags/medallion_dag.py
[2026-09-27T18:23:11.483+0000] {logging_mixin.py:190} INFO - [2026-09-27T18:23:11.482+0000] {dag.py:3239} INFO - Sync 1 DAGs
[2026-09-27T18:23:11.511+0000] {logging_mixin.py:190} INFO - [2026-09-27T18:23:11.511+0000] {dag.py:4180} INFO - Setting next_dagrun for medallion_pipeline to 2026-09-27 00:00:00+00:00, run_after=2026-09-28 00:00:00+00:00
[2026-09-27T18:23:11.539+0000] {processor.py:208} INFO - Processing /opt/airflow/dags/medallion_dag.py took 0.647 seconds
[2026-09-27T18:23:42.062+0000] {processor.py:186} INFO - Started process (PID=4948) to work on /opt/airflow/dags/medallion_dag.py
[2026-09-27T18:23:42.066+0000] {processor.py:914} INFO - Processing file /opt/airflow/dags/medallion_dag.py for tasks to queue
[2026-09-27T18:23:42.082+0000] {logging_mixin.py:190} INFO - [2026-09-27T18:23:42.079+0000] {dagbag.py:588} INFO - Filling up the DagBag from /opt/airflow/dags/medallion_dag.py
[2026-09-27T18:23:43.209+0000] {processor.py:925} INFO - DAG(s) 'medallion_pipeline' retrieved from /opt/airflow/dags/medallion_dag.py
[2026-09-27T18:23:43.251+0000] {logging_mixin.py:190} INFO - [2026-09-27T18:23:43.251+0000] {dag.py:3239} INFO - Sync 1 DAGs
[2026-09-27T18:23:43.283+0000] {logging_mixin.py:190} INFO - [2026-09-27T18:23:43.283+0000] {dag.py:4180} INFO - Setting next_dagrun for medallion_pipeline to 2026-09-27 00:00:00+00:00, run_after=2026-09-28 00:00:00+00:00
[2026-09-27T18:23:43.315+0000] {processor.py:208} INFO - Processing /opt/airflow/dags/medallion_dag.py took 1.274 seconds
[2026-09-27T18:24:13.510+0000] {processor.py:186} INFO - Started process (PID=4953) to work on /opt/airflow/dags/medallion_dag.py
[2026-09-27T18:24:13.512+0000] {processor.py:914} INFO - Processing file /opt/airflow/dags/medallion_dag.py for tasks to queue
[2026-09-27T18:24:13.516+0000] {logging_mixin.py:190} INFO - [2026-09-27T18:24:13.515+0000] {dagbag.py:588} INFO - Filling up the DagBag from /opt/airflow/dags/medallion_dag.py
[2026-09-27T18:24:14.009+0000] {processor.py:925} INFO - DAG(s) 'medallion_pipeline' retrieved from /opt/airflow/dags/medallion_dag.py
[2026-09-27T18:24:14.039+0000] {logging_mixin.py:190} INFO - [2026-09-27T18:24:14.039+0000] {dag.py:3239} INFO - Sync 1 DAGs
[2026-09-27T18:24:14.069+0000] {logging_mixin.py:190} INFO - [2026-09-27T18:24:14.068+0000] {dag.py:4180} INFO - Setting next_dagrun for medallion_pipeline to 2026-09-27 00:00:00+00:00, run_after=2026-09-28 00:00:00+00:00
[2026-09-27T18:24:14.097+0000] {processor.py:208} INFO - Processing /opt/airflow/dags/medallion_dag.py took 0.595 seconds
[2026-09-27T18:24:44.215+0000] {processor.py:186} INFO - Started process (PID=4958) to work on /opt/airflow/dags/medallion_dag.py
[2026-09-27T18:24:44.217+0000] {processor.py:914} INFO - Processing file /opt/airflow/dags/medallion_dag.py for tasks to queue
[2026-09-27T18:24:44.222+0000] {logging_mixin.py:190} INFO - [2026-09-27T18:24:44.222+0000] {dagbag.py:588} INFO - Filling up the DagBag from /opt/airflow/dags/medallion_dag.py
[2026-09-27T18:24:44.693+0000] {processor.py:925} INFO - DAG(s) 'medallion_pipeline' retrieved from /opt/airflow/dags/medallion_dag.py
[2026-09-27T18:24:44.722+0000] {logging_mixin.py:190} INFO - [2026-09-27T18:24:44.722+0000] {dag.py:3239} INFO - Sync 1 DAGs
[2026-09-27T18:24:44.749+0000] {logging_mixin.py:190} INFO - [2026-09-27T18:24:44.749+0000] {dag.py:4180} INFO - Setting next_dagrun for medallion_pipeline to 2026-09-27 00:00:00+00:00, run_after=2026-09-28 00:00:00+00:00
[2026-09-27T18:24:44.780+0000] {processor.py:208} INFO - Processing /opt/airflow/dags/medallion_dag.py took 0.573 seconds
[2026-09-27T18:25:14.948+0000] {processor.py:186} INFO - Started process (PID=4963) to work on /opt/airflow/dags/medallion_dag.py
[2026-09-27T18:25:14.951+0000] {processor.py:914} INFO - Processing file /opt/airflow/dags/medallion_dag.py for tasks to queue
[2026-09-27T18:25:14.958+0000] {logging_mixin.py:190} INFO - [2026-09-27T18:25:14.957+0000] {dagbag.py:588} INFO - Filling up the DagBag from /opt/airflow/dags/medallion_dag.py
[2026-09-27T18:25:15.611+0000] {processor.py:925} INFO - DAG(s) 'medallion_pipeline' retrieved from /opt/airflow/dags/medallion_dag.py
[2026-09-27T18:25:15.651+0000] {logging_mixin.py:190} INFO - [2026-09-27T18:25:15.650+0000] {dag.py:3239} INFO - Sync 1 DAGs
[2026-09-27T18:25:15.681+0000] {logging_mixin.py:190} INFO - [2026-09-27T18:25:15.681+0000] {dag.py:4180} INFO - Setting next_dagrun for medallion_pipeline to 2026-09-27 00:00:00+00:00, run_after=2026-09-28 00:00:00+00:00
[2026-09-27T18:25:15.714+0000] {processor.py:208} INFO - Processing /opt/airflow/dags/medallion_dag.py took 0.783 seconds
[2026-09-27T18:25:46.073+0000] {processor.py:186} INFO - Started process (PID=4968) to work on /opt/airflow/dags/medallion_dag.py
[2026-09-27T18:25:46.075+0000] {processor.py:914} INFO - Processing file /opt/airflow/dags/medallion_dag.py for tasks to queue
[2026-09-27T18:25:46.079+0000] {logging_mixin.py:190} INFO - [2026-09-27T18:25:46.078+0000] {dagbag.py:588} INFO - Filling up the DagBag from /opt/airflow/dags/medallion_dag.py
[2026-09-27T18:25:46.571+0000] {processor.py:925} INFO - DAG(s) 'medallion_pipeline' retrieved from /opt/airflow/dags/medallion_dag.py
[2026-09-27T18:25:46.599+0000] {logging_mixin.py:190} INFO - [2026-09-27T18:25:46.599+0000] {dag.py:3239} INFO - Sync 1 DAGs
[2026-09-27T18:25:46.625+0000] {logging_mixin.py:190} INFO - [2026-09-27T18:25:46.625+0000] {dag.py:4180} INFO - Setting next_dagrun for medallion_pipeline to 2026-09-27 00:00:00+00:00, run_after=2026-09-28 00:00:00+00:00
[2026-09-27T18:25:46.651+0000] {processor.py:208} INFO - Processing /opt/airflow/dags/medallion_dag.py took 0.586 seconds
[2026-09-27T18:26:16.913+0000] {processor.py:186} INFO - Started process (PID=4973) to work on /opt/airflow/dags/medallion_dag.py
[2026-09-27T18:26:16.915+0000] {processor.py:914} INFO - Processing file /opt/airflow/dags/medallion_dag.py for tasks to queue
[2026-09-27T18:26:16.919+0000] {logging_mixin.py:190} INFO - [2026-09-27T18:26:16.919+0000] {dagbag.py:588} INFO - Filling up the DagBag from /opt/airflow/dags/medallion_dag.py
[2026-09-27T18:26:17.506+0000] {processor.py:925} INFO - DAG(s) 'medallion_pipeline' retrieved from /opt/airflow/dags/medallion_dag.py
[2026-09-27T18:26:17.540+0000] {logging_mixin.py:190} INFO - [2026-09-27T18:26:17.540+0000] {dag.py:3239} INFO - Sync 1 DAGs
[2026-09-27T18:26:17.575+0000] {logging_mixin.py:190} INFO - [2026-09-27T18:26:17.574+0000] {dag.py:4180} INFO - Setting next_dagrun for medallion_pipeline to 2026-09-27 00:00:00+00:00, run_after=2026-09-28 00:00:00+00:00
[2026-09-27T18:26:17.605+0000] {processor.py:208} INFO - Processing /opt/airflow/dags/medallion_dag.py took 0.702 seconds
[2026-09-27T18:26:48.083+0000] {processor.py:186} INFO - Started process (PID=4978) to work on /opt/airflow/dags/medallion_dag.py
[2026-09-27T18:26:48.085+0000] {processor.py:914} INFO - Processing file /opt/airflow/dags/medallion_dag.py for tasks to queue
[2026-09-27T18:26:48.089+0000] {logging_mixin.py:190} INFO - [2026-09-27T18:26:48.088+0000] {dagbag.py:588} INFO - Filling up the DagBag from /opt/airflow/dags/medallion_dag.py
[2026-09-27T18:26:48.579+0000] {processor.py:925} INFO - DAG(s) 'medallion_pipeline' retrieved from /opt/airflow/dags/medallion_dag.py
[2026-09-27T18:26:48.606+0000] {logging_mixin.py:190} INFO - [2026-09-27T18:26:48.606+0000] {dag.py:3239} INFO - Sync 1 DAGs
[2026-09-27T18:26:48.634+0000] {logging_mixin.py:190} INFO - [2026-09-27T18:26:48.634+0000] {dag.py:4180} INFO - Setting next_dagrun for medallion_pipeline to 2026-09-27 00:00:00+00:00, run_after=2026-09-28 00:00:00+00:00
[2026-09-27T18:26:48.665+0000] {processor.py:208} INFO - Processing /opt/airflow/dags/medallion_dag.py took 0.590 seconds
[2026-09-27T18:27:18.908+0000] {processor.py:186} INFO - Started process (PID=4983) to work on /opt/airflow/dags/medallion_dag.py
[2026-09-27T18:27:18.911+0000] {processor.py:914} INFO - Processing file /opt/airflow/dags/medallion_dag.py for tasks to queue
[2026-09-27T18:27:18.917+0000] {logging_mixin.py:190} INFO - [2026-09-27T18:27:18.916+0000] {dagbag.py:588} INFO - Filling up the DagBag from /opt/airflow/dags/medallion_dag.py
[2026-09-27T18:27:19.847+0000] {processor.py:925} INFO - DAG(s) 'medallion_pipeline' retrieved from /opt/airflow/dags/medallion_dag.py
[2026-09-27T18:27:19.885+0000] {logging_mixin.py:190} INFO - [2026-09-27T18:27:19.885+0000] {dag.py:3239} INFO - Sync 1 DAGs
[2026-09-27T18:27:19.922+0000] {logging_mixin.py:190} INFO - [2026-09-27T18:27:19.922+0000] {dag.py:4180} INFO - Setting next_dagrun for medallion_pipeline to 2026-09-27 00:00:00+00:00, run_after=2026-09-28 00:00:00+00:00
[2026-09-27T18:27:19.964+0000] {processor.py:208} INFO - Processing /opt/airflow/dags/medallion_dag.py took 1.073 seconds
[2026-09-27T18:27:50.312+0000] {processor.py:186} INFO - Started process (PID=4988) to work on /opt/airflow/dags/medallion_dag.py
[2026-09-27T18:27:50.314+0000] {processor.py:914} INFO - Processing file /opt/airflow/dags/medallion_dag.py for tasks to queue
[2026-09-27T18:27:50.322+0000] {logging_mixin.py:190} INFO - [2026-09-27T18:27:50.321+0000] {dagbag.py:588} INFO - Filling up the DagBag from /opt/airflow/dags/medallion_dag.py
[2026-09-27T18:27:50.796+0000] {processor.py:925} INFO - DAG(s) 'medallion_pipeline' retrieved from /opt/airflow/dags/medallion_dag.py
[2026-09-27T18:27:50.825+0000] {logging_mixin.py:190} INFO - [2026-09-27T18:27:50.825+0000] {dag.py:3239} INFO - Sync 1 DAGs
[2026-09-27T18:27:50.852+0000] {logging_mixin.py:190} INFO - [2026-09-27T18:27:50.851+0000] {dag.py:4180} INFO - Setting next_dagrun for medallion_pipeline to 2026-09-27 00:00:00+00:00, run_after=2026-09-28 00:00:00+00:00
[2026-09-27T18:27:50.874+0000] {processor.py:208} INFO - Processing /opt/airflow/dags/medallion_dag.py took 0.571 seconds
[2026-09-27T18:28:21.359+0000] {processor.py:186} INFO - Started process (PID=4993) to work on /opt/airflow/dags/medallion_dag.py
[2026-09-27T18:28:21.361+0000] {processor.py:914} INFO - Processing file /opt/airflow/dags/medallion_dag.py for tasks to queue
[2026-09-27T18:28:21.365+0000] {logging_mixin.py:190} INFO - [2026-09-27T18:28:21.365+0000] {dagbag.py:588} INFO - Filling up the DagBag from /opt/airflow/dags/medallion_dag.py
[2026-09-27T18:28:21.820+0000] {processor.py:925} INFO - DAG(s) 'medallion_pipeline' retrieved from /opt/airflow/dags/medallion_dag.py
[2026-09-27T18:28:21.848+0000] {logging_mixin.py:190} INFO - [2026-09-27T18:28:21.848+0000] {dag.py:3239} INFO - Sync 1 DAGs
[2026-09-27T18:28:21.876+0000] {logging_mixin.py:190} INFO - [2026-09-27T18:28:21.876+0000] {dag.py:4180} INFO - Setting next_dagrun for medallion_pipeline to 2026-09-27 00:00:00+00:00, run_after=2026-09-28 00:00:00+00:00
[2026-09-27T18:28:21.901+0000] {processor.py:208} INFO - Processing /opt/airflow/dags/medallion_dag.py took 0.550 seconds
[2026-09-27T18:28:52.232+0000] {processor.py:186} INFO - Started process (PID=4998) to work on /opt/airflow/dags/medallion_dag.py
[2026-09-27T18:28:52.234+0000] {processor.py:914} INFO - Processing file /opt/airflow/dags/medallion_dag.py for tasks to queue
[2026-09-27T18:28:52.238+0000] {logging_mixin.py:190} INFO - [2026-09-27T18:28:52.237+0000] {dagbag.py:588} INFO - Filling up the DagBag from /opt/airflow/dags/medallion_dag.py
[2026-09-27T18:28:52.741+0000] {processor.py:925} INFO - DAG(s) 'medallion_pipeline' retrieved from /opt/airflow/dags/medallion_dag.py
[2026-09-27T18:28:52.772+0000] {logging_mixin.py:190} INFO - [2026-09-27T18:28:52.771+0000] {dag.py:3239} INFO - Sync 1 DAGs
[2026-09-27T18:28:52.799+0000] {logging_mixin.py:190} INFO - [2026-09-27T18:28:52.799+0000] {dag.py:4180} INFO - Setting next_dagrun for medallion_pipeline to 2026-09-27 00:00:00+00:00, run_after=2026-09-28 00:00:00+00:00
[2026-09-27T18:28:52.827+0000] {processor.py:208} INFO - Processing /opt/airflow/dags/medallion_dag.py took 0.604 seconds
[2026-09-27T18:29:23.236+0000] {processor.py:186} INFO - Started process (PID=5003) to work on /opt/airflow/dags/medallion_dag.py
[2026-09-27T18:29:23.238+0000] {processor.py:914} INFO - Processing file /opt/airflow/dags/medallion_dag.py for tasks to queue
[2026-09-27T18:29:23.243+0000] {logging_mixin.py:190} INFO - [2026-09-27T18:29:23.242+0000] {dagbag.py:588} INFO - Filling up the DagBag from /opt/airflow/dags/medallion_dag.py
[2026-09-27T18:29:23.789+0000] {processor.py:925} INFO - DAG(s) 'medallion_pipeline' retrieved from /opt/airflow/dags/medallion_dag.py
[2026-09-27T18:29:23.820+0000] {logging_mixin.py:190} INFO - [2026-09-27T18:29:23.820+0000] {dag.py:3239} INFO - Sync 1 DAGs
[2026-09-27T18:29:23.849+0000] {logging_mixin.py:190} INFO - [2026-09-27T18:29:23.848+0000] {dag.py:4180} INFO - Setting next_dagrun for medallion_pipeline to 2026-09-27 00:00:00+00:00, run_after=2026-09-28 00:00:00+00:00
[2026-09-27T18:29:23.881+0000] {processor.py:208} INFO - Processing /opt/airflow/dags/medallion_dag.py took 0.656 seconds
[2026-09-27T18:29:54.177+0000] {processor.py:186} INFO - Started process (PID=5008) to work on /opt/airflow/dags/medallion_dag.py
[2026-09-27T18:29:54.179+0000] {processor.py:914} INFO - Processing file /opt/airflow/dags/medallion_dag.py for tasks to queue
[2026-09-27T18:29:54.184+0000] {logging_mixin.py:190} INFO - [2026-09-27T18:29:54.183+0000] {dagbag.py:588} INFO - Filling up the DagBag from /opt/airflow/dags/medallion_dag.py
[2026-09-27T18:29:54.738+0000] {processor.py:925} INFO - DAG(s) 'medallion_pipeline' retrieved from /opt/airflow/dags/medallion_dag.py
[2026-09-27T18:29:54.766+0000] {logging_mixin.py:190} INFO - [2026-09-27T18:29:54.766+0000] {dag.py:3239} INFO - Sync 1 DAGs
[2026-09-27T18:29:54.795+0000] {logging_mixin.py:190} INFO - [2026-09-27T18:29:54.794+0000] {dag.py:4180} INFO - Setting next_dagrun for medallion_pipeline to 2026-09-27 00:00:00+00:00, run_after=2026-09-28 00:00:00+00:00
[2026-09-27T18:29:54.822+0000] {processor.py:208} INFO - Processing /opt/airflow/dags/medallion_dag.py took 0.653 seconds
[2026-09-27T18:30:25.351+0000] {processor.py:186} INFO - Started process (PID=5013) to work on /opt/airflow/dags/medallion_dag.py
[2026-09-27T18:30:25.353+0000] {processor.py:914} INFO - Processing file /opt/airflow/dags/medallion_dag.py for tasks to queue
[2026-09-27T18:30:25.359+0000] {logging_mixin.py:190} INFO - [2026-09-27T18:30:25.358+0000] {dagbag.py:588} INFO - Filling up the DagBag from /opt/airflow/dags/medallion_dag.py
[2026-09-27T18:30:25.855+0000] {processor.py:925} INFO - DAG(s) 'medallion_pipeline' retrieved from /opt/airflow/dags/medallion_dag.py
[2026-09-27T18:30:25.886+0000] {logging_mixin.py:190} INFO - [2026-09-27T18:30:25.886+0000] {dag.py:3239} INFO - Sync 1 DAGs
[2026-09-27T18:30:25.916+0000] {logging_mixin.py:190} INFO - [2026-09-27T18:30:25.915+0000] {dag.py:4180} INFO - Setting next_dagrun for medallion_pipeline to 2026-09-27 00:00:00+00:00, run_after=2026-09-28 00:00:00+00:00
[2026-09-27T18:30:25.941+0000] {processor.py:208} INFO - Processing /opt/airflow/dags/medallion_dag.py took 0.599 seconds
[2026-09-27T18:30:56.153+0000] {processor.py:186} INFO - Started process (PID=5018) to work on /opt/airflow/dags/medallion_dag.py
[2026-09-27T18:30:56.155+0000] {processor.py:914} INFO - Processing file /opt/airflow/dags/medallion_dag.py for tasks to queue
[2026-09-27T18:30:56.159+0000] {logging_mixin.py:190} INFO - [2026-09-27T18:30:56.159+0000] {dagbag.py:588} INFO - Filling up the DagBag from /opt/airflow/dags/medallion_dag.py
[2026-09-27T18:30:56.640+0000] {processor.py:925} INFO - DAG(s) 'medallion_pipeline' retrieved from /opt/airflow/dags/medallion_dag.py
[2026-09-27T18:30:56.671+0000] {logging_mixin.py:190} INFO - [2026-09-27T18:30:56.670+0000] {dag.py:3239} INFO - Sync 1 DAGs
[2026-09-27T18:30:56.697+0000] {logging_mixin.py:190} INFO - [2026-09-27T18:30:56.697+0000] {dag.py:4180} INFO - Setting next_dagrun for medallion_pipeline to 2026-09-27 00:00:00+00:00, run_after=2026-09-28 00:00:00+00:00
[2026-09-27T18:30:56.720+0000] {processor.py:208} INFO - Processing /opt/airflow/dags/medallion_dag.py took 0.576 seconds
[2026-09-27T18:31:27.200+0000] {processor.py:186} INFO - Started process (PID=5023) to work on /opt/airflow/dags/medallion_dag.py
[2026-09-27T18:31:27.202+0000] {processor.py:914} INFO - Processing file /opt/airflow/dags/medallion_dag.py for tasks to queue
[2026-09-27T18:31:27.208+0000] {logging_mixin.py:190} INFO - [2026-09-27T18:31:27.207+0000] {dagbag.py:588} INFO - Filling up the DagBag from /opt/airflow/dags/medallion_dag.py
[2026-09-27T18:31:27.879+0000] {processor.py:925} INFO - DAG(s) 'medallion_pipeline' retrieved from /opt/airflow/dags/medallion_dag.py
[2026-09-27T18:31:27.913+0000] {logging_mixin.py:190} INFO - [2026-09-27T18:31:27.913+0000] {dag.py:3239} INFO - Sync 1 DAGs
[2026-09-27T18:31:27.945+0000] {logging_mixin.py:190} INFO - [2026-09-27T18:31:27.945+0000] {dag.py:4180} INFO - Setting next_dagrun for medallion_pipeline to 2026-09-27 00:00:00+00:00, run_after=2026-09-28 00:00:00+00:00
[2026-09-27T18:31:27.978+0000] {processor.py:208} INFO - Processing /opt/airflow/dags/medallion_dag.py took 0.787 seconds
[2026-09-27T18:31:58.113+0000] {processor.py:186} INFO - Started process (PID=5028) to work on /opt/airflow/dags/medallion_dag.py
[2026-09-27T18:31:58.115+0000] {processor.py:914} INFO - Processing file /opt/airflow/dags/medallion_dag.py for tasks to queue
[2026-09-27T18:31:58.120+0000] {logging_mixin.py:190} INFO - [2026-09-27T18:31:58.119+0000] {dagbag.py:588} INFO - Filling up the DagBag from /opt/airflow/dags/medallion_dag.py
[2026-09-27T18:31:58.592+0000] {processor.py:925} INFO - DAG(s) 'medallion_pipeline' retrieved from /opt/airflow/dags/medallion_dag.py
[2026-09-27T18:31:58.621+0000] {logging_mixin.py:190} INFO - [2026-09-27T18:31:58.620+0000] {dag.py:3239} INFO - Sync 1 DAGs
[2026-09-27T18:31:58.649+0000] {logging_mixin.py:190} INFO - [2026-09-27T18:31:58.649+0000] {dag.py:4180} INFO - Setting next_dagrun for medallion_pipeline to 2026-09-27 00:00:00+00:00, run_after=2026-09-28 00:00:00+00:00
[2026-09-27T18:31:58.674+0000] {processor.py:208} INFO - Processing /opt/airflow/dags/medallion_dag.py took 0.572 seconds
[2026-09-27T18:32:29.019+0000] {processor.py:186} INFO - Started process (PID=5033) to work on /opt/airflow/dags/medallion_dag.py
[2026-09-27T18:32:29.022+0000] {processor.py:914} INFO - Processing file /opt/airflow/dags/medallion_dag.py for tasks to queue
[2026-09-27T18:32:29.026+0000] {logging_mixin.py:190} INFO - [2026-09-27T18:32:29.026+0000] {dagbag.py:588} INFO - Filling up the DagBag from /opt/airflow/dags/medallion_dag.py
[2026-09-27T18:32:29.680+0000] {processor.py:925} INFO - DAG(s) 'medallion_pipeline' retrieved from /opt/airflow/dags/medallion_dag.py
[2026-09-27T18:32:29.717+0000] {logging_mixin.py:190} INFO - [2026-09-27T18:32:29.717+0000] {dag.py:3239} INFO - Sync 1 DAGs
[2026-09-27T18:32:29.749+0000] {logging_mixin.py:190} INFO - [2026-09-27T18:32:29.748+0000] {dag.py:4180} INFO - Setting next_dagrun for medallion_pipeline to 2026-09-27 00:00:00+00:00, run_after=2026-09-28 00:00:00+00:00
[2026-09-27T18:32:29.780+0000] {processor.py:208} INFO - Processing /opt/airflow/dags/medallion_dag.py took 0.771 seconds
[2026-09-27T18:33:00.271+0000] {processor.py:186} INFO - Started process (PID=5038) to work on /opt/airflow/dags/medallion_dag.py
[2026-09-27T18:33:00.273+0000] {processor.py:914} INFO - Processing file /opt/airflow/dags/medallion_dag.py for tasks to queue
[2026-09-27T18:33:00.278+0000] {logging_mixin.py:190} INFO - [2026-09-27T18:33:00.277+0000] {dagbag.py:588} INFO - Filling up the DagBag from /opt/airflow/dags/medallion_dag.py
[2026-09-27T18:33:00.751+0000] {processor.py:925} INFO - DAG(s) 'medallion_pipeline' retrieved from /opt/airflow/dags/medallion_dag.py
[2026-09-27T18:33:00.779+0000] {logging_mixin.py:190} INFO - [2026-09-27T18:33:00.779+0000] {dag.py:3239} INFO - Sync 1 DAGs
[2026-09-27T18:33:00.807+0000] {logging_mixin.py:190} INFO - [2026-09-27T18:33:00.807+0000] {dag.py:4180} INFO - Setting next_dagrun for medallion_pipeline to 2026-09-27 00:00:00+00:00, run_after=2026-09-28 00:00:00+00:00
[2026-09-27T18:33:00.832+0000] {processor.py:208} INFO - Processing /opt/airflow/dags/medallion_dag.py took 0.570 seconds
[2026-09-27T18:33:30.970+0000] {processor.py:186} INFO - Started process (PID=5043) to work on /opt/airflow/dags/medallion_dag.py
[2026-09-27T18:33:30.973+0000] {processor.py:914} INFO - Processing file /opt/airflow/dags/medallion_dag.py for tasks to queue
[2026-09-27T18:33:30.978+0000] {logging_mixin.py:190} INFO - [2026-09-27T18:33:30.977+0000] {dagbag.py:588} INFO - Filling up the DagBag from /opt/airflow/dags/medallion_dag.py
[2026-09-27T18:33:31.526+0000] {processor.py:925} INFO - DAG(s) 'medallion_pipeline' retrieved from /opt/airflow/dags/medallion_dag.py
[2026-09-27T18:33:31.555+0000] {logging_mixin.py:190} INFO - [2026-09-27T18:33:31.555+0000] {dag.py:3239} INFO - Sync 1 DAGs
[2026-09-27T18:33:31.586+0000] {logging_mixin.py:190} INFO - [2026-09-27T18:33:31.585+0000] {dag.py:4180} INFO - Setting next_dagrun for medallion_pipeline to 2026-09-27 00:00:00+00:00, run_after=2026-09-28 00:00:00+00:00
[2026-09-27T18:33:31.615+0000] {processor.py:208} INFO - Processing /opt/airflow/dags/medallion_dag.py took 0.655 seconds
[2026-09-27T18:34:01.721+0000] {processor.py:186} INFO - Started process (PID=5048) to work on /opt/airflow/dags/medallion_dag.py
[2026-09-27T18:34:01.723+0000] {processor.py:914} INFO - Processing file /opt/airflow/dags/medallion_dag.py for tasks to queue
[2026-09-27T18:34:01.727+0000] {logging_mixin.py:190} INFO - [2026-09-27T18:34:01.726+0000] {dagbag.py:588} INFO - Filling up the DagBag from /opt/airflow/dags/medallion_dag.py
[2026-09-27T18:34:02.316+0000] {processor.py:925} INFO - DAG(s) 'medallion_pipeline' retrieved from /opt/airflow/dags/medallion_dag.py
[2026-09-27T18:34:02.353+0000] {logging_mixin.py:190} INFO - [2026-09-27T18:34:02.353+0000] {dag.py:3239} INFO - Sync 1 DAGs
[2026-09-27T18:34:02.382+0000] {logging_mixin.py:190} INFO - [2026-09-27T18:34:02.382+0000] {dag.py:4180} INFO - Setting next_dagrun for medallion_pipeline to 2026-09-27 00:00:00+00:00, run_after=2026-09-28 00:00:00+00:00
[2026-09-27T18:34:02.411+0000] {processor.py:208} INFO - Processing /opt/airflow/dags/medallion_dag.py took 0.698 seconds
[2026-09-27T18:34:32.768+0000] {processor.py:186} INFO - Started process (PID=5053) to work on /opt/airflow/dags/medallion_dag.py
[2026-09-27T18:34:32.770+0000] {processor.py:914} INFO - Processing file /opt/airflow/dags/medallion_dag.py for tasks to queue
[2026-09-27T18:34:32.774+0000] {logging_mixin.py:190} INFO - [2026-09-27T18:34:32.773+0000] {dagbag.py:588} INFO - Filling up the DagBag from /opt/airflow/dags/medallion_dag.py
[2026-09-27T18:34:33.392+0000] {processor.py:925} INFO - DAG(s) 'medallion_pipeline' retrieved from /opt/airflow/dags/medallion_dag.py
[2026-09-27T18:34:33.438+0000] {logging_mixin.py:190} INFO - [2026-09-27T18:34:33.438+0000] {dag.py:3239} INFO - Sync 1 DAGs
[2026-09-27T18:34:33.478+0000] {logging_mixin.py:190} INFO - [2026-09-27T18:34:33.477+0000] {dag.py:4180} INFO - Setting next_dagrun for medallion_pipeline to 2026-09-27 00:00:00+00:00, run_after=2026-09-28 00:00:00+00:00
[2026-09-27T18:34:33.517+0000] {processor.py:208} INFO - Processing /opt/airflow/dags/medallion_dag.py took 0.759 seconds
[2026-09-27T18:35:03.917+0000] {processor.py:186} INFO - Started process (PID=5058) to work on /opt/airflow/dags/medallion_dag.py
[2026-09-27T18:35:03.919+0000] {processor.py:914} INFO - Processing file /opt/airflow/dags/medallion_dag.py for tasks to queue
[2026-09-27T18:35:03.926+0000] {logging_mixin.py:190} INFO - [2026-09-27T18:35:03.926+0000] {dagbag.py:588} INFO - Filling up the DagBag from /opt/airflow/dags/medallion_dag.py
[2026-09-27T18:35:04.516+0000] {processor.py:925} INFO - DAG(s) 'medallion_pipeline' retrieved from /opt/airflow/dags/medallion_dag.py
[2026-09-27T18:35:04.545+0000] {logging_mixin.py:190} INFO - [2026-09-27T18:35:04.545+0000] {dag.py:3239} INFO - Sync 1 DAGs
[2026-09-27T18:35:04.577+0000] {logging_mixin.py:190} INFO - [2026-09-27T18:35:04.576+0000] {dag.py:4180} INFO - Setting next_dagrun for medallion_pipeline to 2026-09-27 00:00:00+00:00, run_after=2026-09-28 00:00:00+00:00
[2026-09-27T18:35:04.610+0000] {processor.py:208} INFO - Processing /opt/airflow/dags/medallion_dag.py took 0.702 seconds
[2026-09-27T18:35:35.046+0000] {processor.py:186} INFO - Started process (PID=5063) to work on /opt/airflow/dags/medallion_dag.py
[2026-09-27T18:35:35.049+0000] {processor.py:914} INFO - Processing file /opt/airflow/dags/medallion_dag.py for tasks to queue
[2026-09-27T18:35:35.052+0000] {logging_mixin.py:190} INFO - [2026-09-27T18:35:35.052+0000] {dagbag.py:588} INFO - Filling up the DagBag from /opt/airflow/dags/medallion_dag.py
[2026-09-27T18:35:35.751+0000] {processor.py:925} INFO - DAG(s) 'medallion_pipeline' retrieved from /opt/airflow/dags/medallion_dag.py
[2026-09-27T18:35:35.782+0000] {logging_mixin.py:190} INFO - [2026-09-27T18:35:35.782+0000] {dag.py:3239} INFO - Sync 1 DAGs
[2026-09-27T18:35:35.814+0000] {logging_mixin.py:190} INFO - [2026-09-27T18:35:35.814+0000] {dag.py:4180} INFO - Setting next_dagrun for medallion_pipeline to 2026-09-27 00:00:00+00:00, run_after=2026-09-28 00:00:00+00:00
[2026-09-27T18:35:35.842+0000] {processor.py:208} INFO - Processing /opt/airflow/dags/medallion_dag.py took 0.805 seconds
[2026-09-27T18:36:06.252+0000] {processor.py:186} INFO - Started process (PID=5068) to work on /opt/airflow/dags/medallion_dag.py
[2026-09-27T18:36:06.255+0000] {processor.py:914} INFO - Processing file /opt/airflow/dags/medallion_dag.py for tasks to queue
[2026-09-27T18:36:06.260+0000] {logging_mixin.py:190} INFO - [2026-09-27T18:36:06.259+0000] {dagbag.py:588} INFO - Filling up the DagBag from /opt/airflow/dags/medallion_dag.py
[2026-09-27T18:36:07.021+0000] {processor.py:925} INFO - DAG(s) 'medallion_pipeline' retrieved from /opt/airflow/dags/medallion_dag.py
[2026-09-27T18:36:07.063+0000] {logging_mixin.py:190} INFO - [2026-09-27T18:36:07.062+0000] {dag.py:3239} INFO - Sync 1 DAGs
[2026-09-27T18:36:07.113+0000] {logging_mixin.py:190} INFO - [2026-09-27T18:36:07.112+0000] {dag.py:4180} INFO - Setting next_dagrun for medallion_pipeline to 2026-09-27 00:00:00+00:00, run_after=2026-09-28 00:00:00+00:00
[2026-09-27T18:36:07.146+0000] {processor.py:208} INFO - Processing /opt/airflow/dags/medallion_dag.py took 0.908 seconds
[2026-09-27T18:36:37.570+0000] {processor.py:186} INFO - Started process (PID=5073) to work on /opt/airflow/dags/medallion_dag.py
[2026-09-27T18:36:37.572+0000] {processor.py:914} INFO - Processing file /opt/airflow/dags/medallion_dag.py for tasks to queue
[2026-09-27T18:36:37.578+0000] {logging_mixin.py:190} INFO - [2026-09-27T18:36:37.577+0000] {dagbag.py:588} INFO - Filling up the DagBag from /opt/airflow/dags/medallion_dag.py
[2026-09-27T18:36:38.289+0000] {processor.py:925} INFO - DAG(s) 'medallion_pipeline' retrieved from /opt/airflow/dags/medallion_dag.py
[2026-09-27T18:36:38.327+0000] {logging_mixin.py:190} INFO - [2026-09-27T18:36:38.326+0000] {dag.py:3239} INFO - Sync 1 DAGs
[2026-09-27T18:36:38.357+0000] {logging_mixin.py:190} INFO - [2026-09-27T18:36:38.357+0000] {dag.py:4180} INFO - Setting next_dagrun for medallion_pipeline to 2026-09-27 00:00:00+00:00, run_after=2026-09-28 00:00:00+00:00
[2026-09-27T18:36:38.389+0000] {processor.py:208} INFO - Processing /opt/airflow/dags/medallion_dag.py took 0.831 seconds
[2026-09-27T18:37:08.875+0000] {processor.py:186} INFO - Started process (PID=5078) to work on /opt/airflow/dags/medallion_dag.py
[2026-09-27T18:37:08.877+0000] {processor.py:914} INFO - Processing file /opt/airflow/dags/medallion_dag.py for tasks to queue
[2026-09-27T18:37:08.881+0000] {logging_mixin.py:190} INFO - [2026-09-27T18:37:08.881+0000] {dagbag.py:588} INFO - Filling up the DagBag from /opt/airflow/dags/medallion_dag.py
[2026-09-27T18:37:09.371+0000] {processor.py:925} INFO - DAG(s) 'medallion_pipeline' retrieved from /opt/airflow/dags/medallion_dag.py
[2026-09-27T18:37:09.398+0000] {logging_mixin.py:190} INFO - [2026-09-27T18:37:09.398+0000] {dag.py:3239} INFO - Sync 1 DAGs
[2026-09-27T18:37:09.424+0000] {logging_mixin.py:190} INFO - [2026-09-27T18:37:09.424+0000] {dag.py:4180} INFO - Setting next_dagrun for medallion_pipeline to 2026-09-27 00:00:00+00:00, run_after=2026-09-28 00:00:00+00:00
[2026-09-27T18:37:09.453+0000] {processor.py:208} INFO - Processing /opt/airflow/dags/medallion_dag.py took 0.586 seconds
[2026-09-27T18:37:39.788+0000] {processor.py:186} INFO - Started process (PID=5083) to work on /opt/airflow/dags/medallion_dag.py
[2026-09-27T18:37:39.791+0000] {processor.py:914} INFO - Processing file /opt/airflow/dags/medallion_dag.py for tasks to queue
[2026-09-27T18:37:39.796+0000] {logging_mixin.py:190} INFO - [2026-09-27T18:37:39.795+0000] {dagbag.py:588} INFO - Filling up the DagBag from /opt/airflow/dags/medallion_dag.py
[2026-09-27T18:37:40.410+0000] {processor.py:925} INFO - DAG(s) 'medallion_pipeline' retrieved from /opt/airflow/dags/medallion_dag.py
[2026-09-27T18:37:40.442+0000] {logging_mixin.py:190} INFO - [2026-09-27T18:37:40.441+0000] {dag.py:3239} INFO - Sync 1 DAGs
[2026-09-27T18:37:40.475+0000] {logging_mixin.py:190} INFO - [2026-09-27T18:37:40.474+0000] {dag.py:4180} INFO - Setting next_dagrun for medallion_pipeline to 2026-09-27 00:00:00+00:00, run_after=2026-09-28 00:00:00+00:00
[2026-09-27T18:37:40.505+0000] {processor.py:208} INFO - Processing /opt/airflow/dags/medallion_dag.py took 0.729 seconds
[2026-09-27T18:38:10.872+0000] {processor.py:186} INFO - Started process (PID=5088) to work on /opt/airflow/dags/medallion_dag.py
[2026-09-27T18:38:10.875+0000] {processor.py:914} INFO - Processing file /opt/airflow/dags/medallion_dag.py for tasks to queue
[2026-09-27T18:38:10.881+0000] {logging_mixin.py:190} INFO - [2026-09-27T18:38:10.880+0000] {dagbag.py:588} INFO - Filling up the DagBag from /opt/airflow/dags/medallion_dag.py
[2026-09-27T18:38:11.622+0000] {processor.py:925} INFO - DAG(s) 'medallion_pipeline' retrieved from /opt/airflow/dags/medallion_dag.py
[2026-09-27T18:38:11.661+0000] {logging_mixin.py:190} INFO - [2026-09-27T18:38:11.661+0000] {dag.py:3239} INFO - Sync 1 DAGs
[2026-09-27T18:38:11.695+0000] {logging_mixin.py:190} INFO - [2026-09-27T18:38:11.694+0000] {dag.py:4180} INFO - Setting next_dagrun for medallion_pipeline to 2026-09-27 00:00:00+00:00, run_after=2026-09-28 00:00:00+00:00
[2026-09-27T18:38:11.735+0000] {processor.py:208} INFO - Processing /opt/airflow/dags/medallion_dag.py took 0.874 seconds
[2026-09-27T18:38:42.139+0000] {processor.py:186} INFO - Started process (PID=5093) to work on /opt/airflow/dags/medallion_dag.py
[2026-09-27T18:38:42.142+0000] {processor.py:914} INFO - Processing file /opt/airflow/dags/medallion_dag.py for tasks to queue
[2026-09-27T18:38:42.148+0000] {logging_mixin.py:190} INFO - [2026-09-27T18:38:42.147+0000] {dagbag.py:588} INFO - Filling up the DagBag from /opt/airflow/dags/medallion_dag.py
[2026-09-27T18:38:42.723+0000] {processor.py:925} INFO - DAG(s) 'medallion_pipeline' retrieved from /opt/airflow/dags/medallion_dag.py
[2026-09-27T18:38:42.755+0000] {logging_mixin.py:190} INFO - [2026-09-27T18:38:42.755+0000] {dag.py:3239} INFO - Sync 1 DAGs
[2026-09-27T18:38:42.789+0000] {logging_mixin.py:190} INFO - [2026-09-27T18:38:42.788+0000] {dag.py:4180} INFO - Setting next_dagrun for medallion_pipeline to 2026-09-27 00:00:00+00:00, run_after=2026-09-28 00:00:00+00:00
[2026-09-27T18:38:42.815+0000] {processor.py:208} INFO - Processing /opt/airflow/dags/medallion_dag.py took 0.687 seconds
[2026-09-27T18:39:13.183+0000] {processor.py:186} INFO - Started process (PID=5098) to work on /opt/airflow/dags/medallion_dag.py
[2026-09-27T18:39:13.185+0000] {processor.py:914} INFO - Processing file /opt/airflow/dags/medallion_dag.py for tasks to queue
[2026-09-27T18:39:13.191+0000] {logging_mixin.py:190} INFO - [2026-09-27T18:39:13.190+0000] {dagbag.py:588} INFO - Filling up the DagBag from /opt/airflow/dags/medallion_dag.py
[2026-09-27T18:39:13.836+0000] {processor.py:925} INFO - DAG(s) 'medallion_pipeline' retrieved from /opt/airflow/dags/medallion_dag.py
[2026-09-27T18:39:13.870+0000] {logging_mixin.py:190} INFO - [2026-09-27T18:39:13.870+0000] {dag.py:3239} INFO - Sync 1 DAGs
[2026-09-27T18:39:13.907+0000] {logging_mixin.py:190} INFO - [2026-09-27T18:39:13.907+0000] {dag.py:4180} INFO - Setting next_dagrun for medallion_pipeline to 2026-09-27 00:00:00+00:00, run_after=2026-09-28 00:00:00+00:00
[2026-09-27T18:39:13.941+0000] {processor.py:208} INFO - Processing /opt/airflow/dags/medallion_dag.py took 0.767 seconds
[2026-09-27T18:39:44.244+0000] {processor.py:186} INFO - Started process (PID=5103) to work on /opt/airflow/dags/medallion_dag.py
[2026-09-27T18:39:44.248+0000] {processor.py:914} INFO - Processing file /opt/airflow/dags/medallion_dag.py for tasks to queue
[2026-09-27T18:39:44.255+0000] {logging_mixin.py:190} INFO - [2026-09-27T18:39:44.254+0000] {dagbag.py:588} INFO - Filling up the DagBag from /opt/airflow/dags/medallion_dag.py
[2026-09-27T18:39:45.495+0000] {processor.py:925} INFO - DAG(s) 'medallion_pipeline' retrieved from /opt/airflow/dags/medallion_dag.py
[2026-09-27T18:39:45.537+0000] {logging_mixin.py:190} INFO - [2026-09-27T18:39:45.537+0000] {dag.py:3239} INFO - Sync 1 DAGs
[2026-09-27T18:39:45.576+0000] {logging_mixin.py:190} INFO - [2026-09-27T18:39:45.576+0000] {dag.py:4180} INFO - Setting next_dagrun for medallion_pipeline to 2026-09-27 00:00:00+00:00, run_after=2026-09-28 00:00:00+00:00
[2026-09-27T18:39:45.617+0000] {processor.py:208} INFO - Processing /opt/airflow/dags/medallion_dag.py took 1.395 seconds
[2026-09-27T18:40:16.116+0000] {processor.py:186} INFO - Started process (PID=5108) to work on /opt/airflow/dags/medallion_dag.py
[2026-09-27T18:40:16.119+0000] {processor.py:914} INFO - Processing file /opt/airflow/dags/medallion_dag.py for tasks to queue
[2026-09-27T18:40:16.124+0000] {logging_mixin.py:190} INFO - [2026-09-27T18:40:16.124+0000] {dagbag.py:588} INFO - Filling up the DagBag from /opt/airflow/dags/medallion_dag.py
[2026-09-27T18:40:16.849+0000] {processor.py:925} INFO - DAG(s) 'medallion_pipeline' retrieved from /opt/airflow/dags/medallion_dag.py
[2026-09-27T18:40:16.887+0000] {logging_mixin.py:190} INFO - [2026-09-27T18:40:16.887+0000] {dag.py:3239} INFO - Sync 1 DAGs
[2026-09-27T18:40:16.928+0000] {logging_mixin.py:190} INFO - [2026-09-27T18:40:16.927+0000] {dag.py:4180} INFO - Setting next_dagrun for medallion_pipeline to 2026-09-27 00:00:00+00:00, run_after=2026-09-28 00:00:00+00:00
[2026-09-27T18:40:16.964+0000] {processor.py:208} INFO - Processing /opt/airflow/dags/medallion_dag.py took 0.861 seconds
[2026-09-27T18:40:47.519+0000] {processor.py:186} INFO - Started process (PID=5113) to work on /opt/airflow/dags/medallion_dag.py
[2026-09-27T18:40:47.523+0000] {processor.py:914} INFO - Processing file /opt/airflow/dags/medallion_dag.py for tasks to queue
[2026-09-27T18:40:47.534+0000] {logging_mixin.py:190} INFO - [2026-09-27T18:40:47.532+0000] {dagbag.py:588} INFO - Filling up the DagBag from /opt/airflow/dags/medallion_dag.py
[2026-09-27T18:40:49.112+0000] {processor.py:925} INFO - DAG(s) 'medallion_pipeline' retrieved from /opt/airflow/dags/medallion_dag.py
[2026-09-27T18:40:49.154+0000] {logging_mixin.py:190} INFO - [2026-09-27T18:40:49.153+0000] {dag.py:3239} INFO - Sync 1 DAGs
[2026-09-27T18:40:49.193+0000] {logging_mixin.py:190} INFO - [2026-09-27T18:40:49.193+0000] {dag.py:4180} INFO - Setting next_dagrun for medallion_pipeline to 2026-09-27 00:00:00+00:00, run_after=2026-09-28 00:00:00+00:00
[2026-09-27T18:40:49.228+0000] {processor.py:208} INFO - Processing /opt/airflow/dags/medallion_dag.py took 1.724 seconds
[2026-09-27T18:41:19.543+0000] {processor.py:186} INFO - Started process (PID=5118) to work on /opt/airflow/dags/medallion_dag.py
[2026-09-27T18:41:19.546+0000] {processor.py:914} INFO - Processing file /opt/airflow/dags/medallion_dag.py for tasks to queue
[2026-09-27T18:41:19.554+0000] {logging_mixin.py:190} INFO - [2026-09-27T18:41:19.553+0000] {dagbag.py:588} INFO - Filling up the DagBag from /opt/airflow/dags/medallion_dag.py
[2026-09-27T18:41:20.468+0000] {processor.py:925} INFO - DAG(s) 'medallion_pipeline' retrieved from /opt/airflow/dags/medallion_dag.py
[2026-09-27T18:41:20.508+0000] {logging_mixin.py:190} INFO - [2026-09-27T18:41:20.508+0000] {dag.py:3239} INFO - Sync 1 DAGs
[2026-09-27T18:41:20.544+0000] {logging_mixin.py:190} INFO - [2026-09-27T18:41:20.544+0000] {dag.py:4180} INFO - Setting next_dagrun for medallion_pipeline to 2026-09-27 00:00:00+00:00, run_after=2026-09-28 00:00:00+00:00
[2026-09-27T18:41:20.586+0000] {processor.py:208} INFO - Processing /opt/airflow/dags/medallion_dag.py took 1.058 seconds
[2026-09-27T18:41:50.871+0000] {processor.py:186} INFO - Started process (PID=5123) to work on /opt/airflow/dags/medallion_dag.py
[2026-09-27T18:41:50.874+0000] {processor.py:914} INFO - Processing file /opt/airflow/dags/medallion_dag.py for tasks to queue
[2026-09-27T18:41:50.880+0000] {logging_mixin.py:190} INFO - [2026-09-27T18:41:50.879+0000] {dagbag.py:588} INFO - Filling up the DagBag from /opt/airflow/dags/medallion_dag.py
[2026-09-27T18:41:51.780+0000] {processor.py:925} INFO - DAG(s) 'medallion_pipeline' retrieved from /opt/airflow/dags/medallion_dag.py
[2026-09-27T18:41:51.826+0000] {logging_mixin.py:190} INFO - [2026-09-27T18:41:51.825+0000] {dag.py:3239} INFO - Sync 1 DAGs
[2026-09-27T18:41:51.874+0000] {logging_mixin.py:190} INFO - [2026-09-27T18:41:51.874+0000] {dag.py:4180} INFO - Setting next_dagrun for medallion_pipeline to 2026-09-27 00:00:00+00:00, run_after=2026-09-28 00:00:00+00:00
[2026-09-27T18:41:51.914+0000] {processor.py:208} INFO - Processing /opt/airflow/dags/medallion_dag.py took 1.055 seconds
[2026-09-27T18:42:22.286+0000] {processor.py:186} INFO - Started process (PID=5128) to work on /opt/airflow/dags/medallion_dag.py
[2026-09-27T18:42:22.288+0000] {processor.py:914} INFO - Processing file /opt/airflow/dags/medallion_dag.py for tasks to queue
[2026-09-27T18:42:22.293+0000] {logging_mixin.py:190} INFO - [2026-09-27T18:42:22.293+0000] {dagbag.py:588} INFO - Filling up the DagBag from /opt/airflow/dags/medallion_dag.py
[2026-09-27T18:42:22.960+0000] {processor.py:925} INFO - DAG(s) 'medallion_pipeline' retrieved from /opt/airflow/dags/medallion_dag.py
[2026-09-27T18:42:22.995+0000] {logging_mixin.py:190} INFO - [2026-09-27T18:42:22.995+0000] {dag.py:3239} INFO - Sync 1 DAGs
[2026-09-27T18:42:23.029+0000] {logging_mixin.py:190} INFO - [2026-09-27T18:42:23.029+0000] {dag.py:4180} INFO - Setting next_dagrun for medallion_pipeline to 2026-09-27 00:00:00+00:00, run_after=2026-09-28 00:00:00+00:00
[2026-09-27T18:42:23.063+0000] {processor.py:208} INFO - Processing /opt/airflow/dags/medallion_dag.py took 0.788 seconds
[2026-09-27T18:42:53.510+0000] {processor.py:186} INFO - Started process (PID=5133) to work on /opt/airflow/dags/medallion_dag.py
[2026-09-27T18:42:53.512+0000] {processor.py:914} INFO - Processing file /opt/airflow/dags/medallion_dag.py for tasks to queue
[2026-09-27T18:42:53.516+0000] {logging_mixin.py:190} INFO - [2026-09-27T18:42:53.516+0000] {dagbag.py:588} INFO - Filling up the DagBag from /opt/airflow/dags/medallion_dag.py
[2026-09-27T18:42:54.211+0000] {processor.py:925} INFO - DAG(s) 'medallion_pipeline' retrieved from /opt/airflow/dags/medallion_dag.py
[2026-09-27T18:42:54.251+0000] {logging_mixin.py:190} INFO - [2026-09-27T18:42:54.251+0000] {dag.py:3239} INFO - Sync 1 DAGs
[2026-09-27T18:42:54.285+0000] {logging_mixin.py:190} INFO - [2026-09-27T18:42:54.284+0000] {dag.py:4180} INFO - Setting next_dagrun for medallion_pipeline to 2026-09-27 00:00:00+00:00, run_after=2026-09-28 00:00:00+00:00
[2026-09-27T18:42:54.312+0000] {processor.py:208} INFO - Processing /opt/airflow/dags/medallion_dag.py took 0.811 seconds
[2026-09-27T18:43:24.675+0000] {processor.py:186} INFO - Started process (PID=5138) to work on /opt/airflow/dags/medallion_dag.py
[2026-09-27T18:43:24.677+0000] {processor.py:914} INFO - Processing file /opt/airflow/dags/medallion_dag.py for tasks to queue
[2026-09-27T18:43:24.680+0000] {logging_mixin.py:190} INFO - [2026-09-27T18:43:24.680+0000] {dagbag.py:588} INFO - Filling up the DagBag from /opt/airflow/dags/medallion_dag.py
[2026-09-27T18:43:25.347+0000] {processor.py:925} INFO - DAG(s) 'medallion_pipeline' retrieved from /opt/airflow/dags/medallion_dag.py
[2026-09-27T18:43:25.377+0000] {logging_mixin.py:190} INFO - [2026-09-27T18:43:25.376+0000] {dag.py:3239} INFO - Sync 1 DAGs
[2026-09-27T18:43:25.408+0000] {logging_mixin.py:190} INFO - [2026-09-27T18:43:25.407+0000] {dag.py:4180} INFO - Setting next_dagrun for medallion_pipeline to 2026-09-27 00:00:00+00:00, run_after=2026-09-28 00:00:00+00:00
[2026-09-27T18:43:25.443+0000] {processor.py:208} INFO - Processing /opt/airflow/dags/medallion_dag.py took 0.777 seconds
[2026-09-27T18:43:55.852+0000] {processor.py:186} INFO - Started process (PID=5143) to work on /opt/airflow/dags/medallion_dag.py
[2026-09-27T18:43:55.854+0000] {processor.py:914} INFO - Processing file /opt/airflow/dags/medallion_dag.py for tasks to queue
[2026-09-27T18:43:55.861+0000] {logging_mixin.py:190} INFO - [2026-09-27T18:43:55.860+0000] {dagbag.py:588} INFO - Filling up the DagBag from /opt/airflow/dags/medallion_dag.py
[2026-09-27T18:43:56.528+0000] {processor.py:925} INFO - DAG(s) 'medallion_pipeline' retrieved from /opt/airflow/dags/medallion_dag.py
[2026-09-27T18:43:56.561+0000] {logging_mixin.py:190} INFO - [2026-09-27T18:43:56.560+0000] {dag.py:3239} INFO - Sync 1 DAGs
[2026-09-27T18:43:56.595+0000] {logging_mixin.py:190} INFO - [2026-09-27T18:43:56.595+0000] {dag.py:4180} INFO - Setting next_dagrun for medallion_pipeline to 2026-09-27 00:00:00+00:00, run_after=2026-09-28 00:00:00+00:00
[2026-09-27T18:43:56.630+0000] {processor.py:208} INFO - Processing /opt/airflow/dags/medallion_dag.py took 0.789 seconds
[2026-09-27T18:44:27.048+0000] {processor.py:186} INFO - Started process (PID=5148) to work on /opt/airflow/dags/medallion_dag.py
[2026-09-27T18:44:27.051+0000] {processor.py:914} INFO - Processing file /opt/airflow/dags/medallion_dag.py for tasks to queue
[2026-09-27T18:44:27.058+0000] {logging_mixin.py:190} INFO - [2026-09-27T18:44:27.057+0000] {dagbag.py:588} INFO - Filling up the DagBag from /opt/airflow/dags/medallion_dag.py
[2026-09-27T18:44:27.720+0000] {processor.py:925} INFO - DAG(s) 'medallion_pipeline' retrieved from /opt/airflow/dags/medallion_dag.py
[2026-09-27T18:44:27.757+0000] {logging_mixin.py:190} INFO - [2026-09-27T18:44:27.757+0000] {dag.py:3239} INFO - Sync 1 DAGs
[2026-09-27T18:44:27.795+0000] {logging_mixin.py:190} INFO - [2026-09-27T18:44:27.795+0000] {dag.py:4180} INFO - Setting next_dagrun for medallion_pipeline to 2026-09-27 00:00:00+00:00, run_after=2026-09-28 00:00:00+00:00
[2026-09-27T18:44:27.831+0000] {processor.py:208} INFO - Processing /opt/airflow/dags/medallion_dag.py took 0.795 seconds
[2026-09-27T18:44:58.200+0000] {processor.py:186} INFO - Started process (PID=5153) to work on /opt/airflow/dags/medallion_dag.py
[2026-09-27T18:44:58.203+0000] {processor.py:914} INFO - Processing file /opt/airflow/dags/medallion_dag.py for tasks to queue
[2026-09-27T18:44:58.211+0000] {logging_mixin.py:190} INFO - [2026-09-27T18:44:58.211+0000] {dagbag.py:588} INFO - Filling up the DagBag from /opt/airflow/dags/medallion_dag.py
[2026-09-27T18:44:59.605+0000] {processor.py:925} INFO - DAG(s) 'medallion_pipeline' retrieved from /opt/airflow/dags/medallion_dag.py
[2026-09-27T18:44:59.656+0000] {logging_mixin.py:190} INFO - [2026-09-27T18:44:59.655+0000] {dag.py:3239} INFO - Sync 1 DAGs
[2026-09-27T18:44:59.698+0000] {logging_mixin.py:190} INFO - [2026-09-27T18:44:59.698+0000] {dag.py:4180} INFO - Setting next_dagrun for medallion_pipeline to 2026-09-27 00:00:00+00:00, run_after=2026-09-28 00:00:00+00:00
[2026-09-27T18:44:59.741+0000] {processor.py:208} INFO - Processing /opt/airflow/dags/medallion_dag.py took 1.549 seconds
[2026-09-27T18:45:30.193+0000] {processor.py:186} INFO - Started process (PID=5158) to work on /opt/airflow/dags/medallion_dag.py
[2026-09-27T18:45:30.195+0000] {processor.py:914} INFO - Processing file /opt/airflow/dags/medallion_dag.py for tasks to queue
[2026-09-27T18:45:30.199+0000] {logging_mixin.py:190} INFO - [2026-09-27T18:45:30.199+0000] {dagbag.py:588} INFO - Filling up the DagBag from /opt/airflow/dags/medallion_dag.py
[2026-09-27T18:45:30.760+0000] {processor.py:925} INFO - DAG(s) 'medallion_pipeline' retrieved from /opt/airflow/dags/medallion_dag.py
[2026-09-27T18:45:30.795+0000] {logging_mixin.py:190} INFO - [2026-09-27T18:45:30.794+0000] {dag.py:3239} INFO - Sync 1 DAGs
[2026-09-27T18:45:30.826+0000] {logging_mixin.py:190} INFO - [2026-09-27T18:45:30.825+0000] {dag.py:4180} INFO - Setting next_dagrun for medallion_pipeline to 2026-09-27 00:00:00+00:00, run_after=2026-09-28 00:00:00+00:00
[2026-09-27T18:45:30.852+0000] {processor.py:208} INFO - Processing /opt/airflow/dags/medallion_dag.py took 0.667 seconds
[2026-09-27T18:46:00.931+0000] {processor.py:186} INFO - Started process (PID=5163) to work on /opt/airflow/dags/medallion_dag.py
[2026-09-27T18:46:00.933+0000] {processor.py:914} INFO - Processing file /opt/airflow/dags/medallion_dag.py for tasks to queue
[2026-09-27T18:46:00.937+0000] {logging_mixin.py:190} INFO - [2026-09-27T18:46:00.937+0000] {dagbag.py:588} INFO - Filling up the DagBag from /opt/airflow/dags/medallion_dag.py
[2026-09-27T18:46:01.711+0000] {processor.py:925} INFO - DAG(s) 'medallion_pipeline' retrieved from /opt/airflow/dags/medallion_dag.py
[2026-09-27T18:46:01.749+0000] {logging_mixin.py:190} INFO - [2026-09-27T18:46:01.749+0000] {dag.py:3239} INFO - Sync 1 DAGs
[2026-09-27T18:46:01.786+0000] {logging_mixin.py:190} INFO - [2026-09-27T18:46:01.786+0000] {dag.py:4180} INFO - Setting next_dagrun for medallion_pipeline to 2026-09-27 00:00:00+00:00, run_after=2026-09-28 00:00:00+00:00
[2026-09-27T18:46:01.819+0000] {processor.py:208} INFO - Processing /opt/airflow/dags/medallion_dag.py took 0.898 seconds
[2026-09-27T18:46:32.219+0000] {processor.py:186} INFO - Started process (PID=5168) to work on /opt/airflow/dags/medallion_dag.py
[2026-09-27T18:46:32.221+0000] {processor.py:914} INFO - Processing file /opt/airflow/dags/medallion_dag.py for tasks to queue
[2026-09-27T18:46:32.226+0000] {logging_mixin.py:190} INFO - [2026-09-27T18:46:32.226+0000] {dagbag.py:588} INFO - Filling up the DagBag from /opt/airflow/dags/medallion_dag.py
[2026-09-27T18:46:32.820+0000] {processor.py:925} INFO - DAG(s) 'medallion_pipeline' retrieved from /opt/airflow/dags/medallion_dag.py
[2026-09-27T18:46:32.852+0000] {logging_mixin.py:190} INFO - [2026-09-27T18:46:32.851+0000] {dag.py:3239} INFO - Sync 1 DAGs
[2026-09-27T18:46:32.882+0000] {logging_mixin.py:190} INFO - [2026-09-27T18:46:32.882+0000] {dag.py:4180} INFO - Setting next_dagrun for medallion_pipeline to 2026-09-27 00:00:00+00:00, run_after=2026-09-28 00:00:00+00:00
[2026-09-27T18:46:32.906+0000] {processor.py:208} INFO - Processing /opt/airflow/dags/medallion_dag.py took 0.698 seconds
[2026-09-27T18:47:03.325+0000] {processor.py:186} INFO - Started process (PID=5173) to work on /opt/airflow/dags/medallion_dag.py
[2026-09-27T18:47:03.327+0000] {processor.py:914} INFO - Processing file /opt/airflow/dags/medallion_dag.py for tasks to queue
[2026-09-27T18:47:03.332+0000] {logging_mixin.py:190} INFO - [2026-09-27T18:47:03.331+0000] {dagbag.py:588} INFO - Filling up the DagBag from /opt/airflow/dags/medallion_dag.py
[2026-09-27T18:47:03.923+0000] {processor.py:925} INFO - DAG(s) 'medallion_pipeline' retrieved from /opt/airflow/dags/medallion_dag.py
[2026-09-27T18:47:03.954+0000] {logging_mixin.py:190} INFO - [2026-09-27T18:47:03.953+0000] {dag.py:3239} INFO - Sync 1 DAGs
[2026-09-27T18:47:03.984+0000] {logging_mixin.py:190} INFO - [2026-09-27T18:47:03.984+0000] {dag.py:4180} INFO - Setting next_dagrun for medallion_pipeline to 2026-09-27 00:00:00+00:00, run_after=2026-09-28 00:00:00+00:00
[2026-09-27T18:47:04.011+0000] {processor.py:208} INFO - Processing /opt/airflow/dags/medallion_dag.py took 0.699 seconds
[2026-09-27T18:47:34.305+0000] {processor.py:186} INFO - Started process (PID=5178) to work on /opt/airflow/dags/medallion_dag.py
[2026-09-27T18:47:34.307+0000] {processor.py:914} INFO - Processing file /opt/airflow/dags/medallion_dag.py for tasks to queue
[2026-09-27T18:47:34.313+0000] {logging_mixin.py:190} INFO - [2026-09-27T18:47:34.313+0000] {dagbag.py:588} INFO - Filling up the DagBag from /opt/airflow/dags/medallion_dag.py
[2026-09-27T18:47:34.820+0000] {processor.py:925} INFO - DAG(s) 'medallion_pipeline' retrieved from /opt/airflow/dags/medallion_dag.py
[2026-09-27T18:47:34.850+0000] {logging_mixin.py:190} INFO - [2026-09-27T18:47:34.850+0000] {dag.py:3239} INFO - Sync 1 DAGs
[2026-09-27T18:47:34.879+0000] {logging_mixin.py:190} INFO - [2026-09-27T18:47:34.879+0000] {dag.py:4180} INFO - Setting next_dagrun for medallion_pipeline to 2026-09-27 00:00:00+00:00, run_after=2026-09-28 00:00:00+00:00
[2026-09-27T18:47:34.903+0000] {processor.py:208} INFO - Processing /opt/airflow/dags/medallion_dag.py took 0.608 seconds
[2026-09-27T18:48:05.339+0000] {processor.py:186} INFO - Started process (PID=5183) to work on /opt/airflow/dags/medallion_dag.py
[2026-09-27T18:48:05.341+0000] {processor.py:914} INFO - Processing file /opt/airflow/dags/medallion_dag.py for tasks to queue
[2026-09-27T18:48:05.346+0000] {logging_mixin.py:190} INFO - [2026-09-27T18:48:05.346+0000] {dagbag.py:588} INFO - Filling up the DagBag from /opt/airflow/dags/medallion_dag.py
[2026-09-27T18:48:05.846+0000] {processor.py:925} INFO - DAG(s) 'medallion_pipeline' retrieved from /opt/airflow/dags/medallion_dag.py
[2026-09-27T18:48:05.879+0000] {logging_mixin.py:190} INFO - [2026-09-27T18:48:05.879+0000] {dag.py:3239} INFO - Sync 1 DAGs
[2026-09-27T18:48:05.909+0000] {logging_mixin.py:190} INFO - [2026-09-27T18:48:05.908+0000] {dag.py:4180} INFO - Setting next_dagrun for medallion_pipeline to 2026-09-27 00:00:00+00:00, run_after=2026-09-28 00:00:00+00:00
[2026-09-27T18:48:05.936+0000] {processor.py:208} INFO - Processing /opt/airflow/dags/medallion_dag.py took 0.605 seconds
[2026-09-27T18:48:36.083+0000] {processor.py:186} INFO - Started process (PID=5188) to work on /opt/airflow/dags/medallion_dag.py
[2026-09-27T18:48:36.086+0000] {processor.py:914} INFO - Processing file /opt/airflow/dags/medallion_dag.py for tasks to queue
[2026-09-27T18:48:36.091+0000] {logging_mixin.py:190} INFO - [2026-09-27T18:48:36.090+0000] {dagbag.py:588} INFO - Filling up the DagBag from /opt/airflow/dags/medallion_dag.py
[2026-09-27T18:48:36.680+0000] {processor.py:925} INFO - DAG(s) 'medallion_pipeline' retrieved from /opt/airflow/dags/medallion_dag.py
[2026-09-27T18:48:36.714+0000] {logging_mixin.py:190} INFO - [2026-09-27T18:48:36.713+0000] {dag.py:3239} INFO - Sync 1 DAGs
[2026-09-27T18:48:36.747+0000] {logging_mixin.py:190} INFO - [2026-09-27T18:48:36.747+0000] {dag.py:4180} INFO - Setting next_dagrun for medallion_pipeline to 2026-09-27 00:00:00+00:00, run_after=2026-09-28 00:00:00+00:00
[2026-09-27T18:48:36.778+0000] {processor.py:208} INFO - Processing /opt/airflow/dags/medallion_dag.py took 0.710 seconds
[2026-09-27T18:49:07.188+0000] {processor.py:186} INFO - Started process (PID=5193) to work on /opt/airflow/dags/medallion_dag.py
[2026-09-27T18:49:07.190+0000] {processor.py:914} INFO - Processing file /opt/airflow/dags/medallion_dag.py for tasks to queue
[2026-09-27T18:49:07.194+0000] {logging_mixin.py:190} INFO - [2026-09-27T18:49:07.194+0000] {dagbag.py:588} INFO - Filling up the DagBag from /opt/airflow/dags/medallion_dag.py
[2026-09-27T18:49:07.709+0000] {processor.py:925} INFO - DAG(s) 'medallion_pipeline' retrieved from /opt/airflow/dags/medallion_dag.py
[2026-09-27T18:49:07.740+0000] {logging_mixin.py:190} INFO - [2026-09-27T18:49:07.740+0000] {dag.py:3239} INFO - Sync 1 DAGs
[2026-09-27T18:49:07.768+0000] {logging_mixin.py:190} INFO - [2026-09-27T18:49:07.767+0000] {dag.py:4180} INFO - Setting next_dagrun for medallion_pipeline to 2026-09-27 00:00:00+00:00, run_after=2026-09-28 00:00:00+00:00
[2026-09-27T18:49:07.798+0000] {processor.py:208} INFO - Processing /opt/airflow/dags/medallion_dag.py took 0.620 seconds
[2026-09-27T18:49:38.050+0000] {processor.py:186} INFO - Started process (PID=5198) to work on /opt/airflow/dags/medallion_dag.py
[2026-09-27T18:49:38.052+0000] {processor.py:914} INFO - Processing file /opt/airflow/dags/medallion_dag.py for tasks to queue
[2026-09-27T18:49:38.059+0000] {logging_mixin.py:190} INFO - [2026-09-27T18:49:38.059+0000] {dagbag.py:588} INFO - Filling up the DagBag from /opt/airflow/dags/medallion_dag.py
[2026-09-27T18:49:38.691+0000] {processor.py:925} INFO - DAG(s) 'medallion_pipeline' retrieved from /opt/airflow/dags/medallion_dag.py
[2026-09-27T18:49:38.730+0000] {logging_mixin.py:190} INFO - [2026-09-27T18:49:38.729+0000] {dag.py:3239} INFO - Sync 1 DAGs
[2026-09-27T18:49:38.765+0000] {logging_mixin.py:190} INFO - [2026-09-27T18:49:38.765+0000] {dag.py:4180} INFO - Setting next_dagrun for medallion_pipeline to 2026-09-27 00:00:00+00:00, run_after=2026-09-28 00:00:00+00:00
[2026-09-27T18:49:38.794+0000] {processor.py:208} INFO - Processing /opt/airflow/dags/medallion_dag.py took 0.755 seconds
[2026-09-27T18:50:09.206+0000] {processor.py:186} INFO - Started process (PID=5203) to work on /opt/airflow/dags/medallion_dag.py
[2026-09-27T18:50:09.209+0000] {processor.py:914} INFO - Processing file /opt/airflow/dags/medallion_dag.py for tasks to queue
[2026-09-27T18:50:09.214+0000] {logging_mixin.py:190} INFO - [2026-09-27T18:50:09.213+0000] {dagbag.py:588} INFO - Filling up the DagBag from /opt/airflow/dags/medallion_dag.py
[2026-09-27T18:50:09.841+0000] {processor.py:925} INFO - DAG(s) 'medallion_pipeline' retrieved from /opt/airflow/dags/medallion_dag.py
[2026-09-27T18:50:09.877+0000] {logging_mixin.py:190} INFO - [2026-09-27T18:50:09.877+0000] {dag.py:3239} INFO - Sync 1 DAGs
[2026-09-27T18:50:09.911+0000] {logging_mixin.py:190} INFO - [2026-09-27T18:50:09.911+0000] {dag.py:4180} INFO - Setting next_dagrun for medallion_pipeline to 2026-09-27 00:00:00+00:00, run_after=2026-09-28 00:00:00+00:00
[2026-09-27T18:50:09.941+0000] {processor.py:208} INFO - Processing /opt/airflow/dags/medallion_dag.py took 0.746 seconds
[2026-09-27T18:50:40.335+0000] {processor.py:186} INFO - Started process (PID=5208) to work on /opt/airflow/dags/medallion_dag.py
[2026-09-27T18:50:40.338+0000] {processor.py:914} INFO - Processing file /opt/airflow/dags/medallion_dag.py for tasks to queue
[2026-09-27T18:50:40.342+0000] {logging_mixin.py:190} INFO - [2026-09-27T18:50:40.342+0000] {dagbag.py:588} INFO - Filling up the DagBag from /opt/airflow/dags/medallion_dag.py
[2026-09-27T18:50:40.846+0000] {processor.py:925} INFO - DAG(s) 'medallion_pipeline' retrieved from /opt/airflow/dags/medallion_dag.py
[2026-09-27T18:50:40.876+0000] {logging_mixin.py:190} INFO - [2026-09-27T18:50:40.876+0000] {dag.py:3239} INFO - Sync 1 DAGs
[2026-09-27T18:50:40.907+0000] {logging_mixin.py:190} INFO - [2026-09-27T18:50:40.907+0000] {dag.py:4180} INFO - Setting next_dagrun for medallion_pipeline to 2026-09-27 00:00:00+00:00, run_after=2026-09-28 00:00:00+00:00
[2026-09-27T18:50:40.936+0000] {processor.py:208} INFO - Processing /opt/airflow/dags/medallion_dag.py took 0.609 seconds
[2026-09-27T18:51:11.230+0000] {processor.py:186} INFO - Started process (PID=5213) to work on /opt/airflow/dags/medallion_dag.py
[2026-09-27T18:51:11.233+0000] {processor.py:914} INFO - Processing file /opt/airflow/dags/medallion_dag.py for tasks to queue
[2026-09-27T18:51:11.241+0000] {logging_mixin.py:190} INFO - [2026-09-27T18:51:11.241+0000] {dagbag.py:588} INFO - Filling up the DagBag from /opt/airflow/dags/medallion_dag.py
[2026-09-27T18:51:11.823+0000] {processor.py:925} INFO - DAG(s) 'medallion_pipeline' retrieved from /opt/airflow/dags/medallion_dag.py
[2026-09-27T18:51:11.858+0000] {logging_mixin.py:190} INFO - [2026-09-27T18:51:11.857+0000] {dag.py:3239} INFO - Sync 1 DAGs
[2026-09-27T18:51:11.888+0000] {logging_mixin.py:190} INFO - [2026-09-27T18:51:11.887+0000] {dag.py:4180} INFO - Setting next_dagrun for medallion_pipeline to 2026-09-27 00:00:00+00:00, run_after=2026-09-28 00:00:00+00:00
[2026-09-27T18:51:11.918+0000] {processor.py:208} INFO - Processing /opt/airflow/dags/medallion_dag.py took 0.699 seconds
[2026-09-27T18:51:42.285+0000] {processor.py:186} INFO - Started process (PID=5218) to work on /opt/airflow/dags/medallion_dag.py
[2026-09-27T18:51:42.288+0000] {processor.py:914} INFO - Processing file /opt/airflow/dags/medallion_dag.py for tasks to queue
[2026-09-27T18:51:42.293+0000] {logging_mixin.py:190} INFO - [2026-09-27T18:51:42.292+0000] {dagbag.py:588} INFO - Filling up the DagBag from /opt/airflow/dags/medallion_dag.py
[2026-09-27T18:51:42.907+0000] {processor.py:925} INFO - DAG(s) 'medallion_pipeline' retrieved from /opt/airflow/dags/medallion_dag.py
[2026-09-27T18:51:42.948+0000] {logging_mixin.py:190} INFO - [2026-09-27T18:51:42.948+0000] {dag.py:3239} INFO - Sync 1 DAGs
[2026-09-27T18:51:42.976+0000] {logging_mixin.py:190} INFO - [2026-09-27T18:51:42.976+0000] {dag.py:4180} INFO - Setting next_dagrun for medallion_pipeline to 2026-09-27 00:00:00+00:00, run_after=2026-09-28 00:00:00+00:00
[2026-09-27T18:51:43.000+0000] {processor.py:208} INFO - Processing /opt/airflow/dags/medallion_dag.py took 0.724 seconds
[2026-09-27T18:52:13.387+0000] {processor.py:186} INFO - Started process (PID=5223) to work on /opt/airflow/dags/medallion_dag.py
[2026-09-27T18:52:13.390+0000] {processor.py:914} INFO - Processing file /opt/airflow/dags/medallion_dag.py for tasks to queue
[2026-09-27T18:52:13.396+0000] {logging_mixin.py:190} INFO - [2026-09-27T18:52:13.395+0000] {dagbag.py:588} INFO - Filling up the DagBag from /opt/airflow/dags/medallion_dag.py
[2026-09-27T18:52:14.017+0000] {processor.py:925} INFO - DAG(s) 'medallion_pipeline' retrieved from /opt/airflow/dags/medallion_dag.py
[2026-09-27T18:52:14.056+0000] {logging_mixin.py:190} INFO - [2026-09-27T18:52:14.056+0000] {dag.py:3239} INFO - Sync 1 DAGs
[2026-09-27T18:52:14.095+0000] {logging_mixin.py:190} INFO - [2026-09-27T18:52:14.094+0000] {dag.py:4180} INFO - Setting next_dagrun for medallion_pipeline to 2026-09-27 00:00:00+00:00, run_after=2026-09-28 00:00:00+00:00
[2026-09-27T18:52:14.125+0000] {processor.py:208} INFO - Processing /opt/airflow/dags/medallion_dag.py took 0.749 seconds
[2026-09-27T18:52:44.350+0000] {processor.py:186} INFO - Started process (PID=5228) to work on /opt/airflow/dags/medallion_dag.py
[2026-09-27T18:52:44.354+0000] {processor.py:914} INFO - Processing file /opt/airflow/dags/medallion_dag.py for tasks to queue
[2026-09-27T18:52:44.359+0000] {logging_mixin.py:190} INFO - [2026-09-27T18:52:44.358+0000] {dagbag.py:588} INFO - Filling up the DagBag from /opt/airflow/dags/medallion_dag.py
[2026-09-27T18:52:44.900+0000] {processor.py:925} INFO - DAG(s) 'medallion_pipeline' retrieved from /opt/airflow/dags/medallion_dag.py
[2026-09-27T18:52:44.931+0000] {logging_mixin.py:190} INFO - [2026-09-27T18:52:44.930+0000] {dag.py:3239} INFO - Sync 1 DAGs
[2026-09-27T18:52:44.962+0000] {logging_mixin.py:190} INFO - [2026-09-27T18:52:44.962+0000] {dag.py:4180} INFO - Setting next_dagrun for medallion_pipeline to 2026-09-27 00:00:00+00:00, run_after=2026-09-28 00:00:00+00:00
[2026-09-27T18:52:44.996+0000] {processor.py:208} INFO - Processing /opt/airflow/dags/medallion_dag.py took 0.656 seconds
[2026-09-27T18:53:15.365+0000] {processor.py:186} INFO - Started process (PID=5233) to work on /opt/airflow/dags/medallion_dag.py
[2026-09-27T18:53:15.367+0000] {processor.py:914} INFO - Processing file /opt/airflow/dags/medallion_dag.py for tasks to queue
[2026-09-27T18:53:15.371+0000] {logging_mixin.py:190} INFO - [2026-09-27T18:53:15.371+0000] {dagbag.py:588} INFO - Filling up the DagBag from /opt/airflow/dags/medallion_dag.py
[2026-09-27T18:53:15.914+0000] {processor.py:925} INFO - DAG(s) 'medallion_pipeline' retrieved from /opt/airflow/dags/medallion_dag.py
[2026-09-27T18:53:15.942+0000] {logging_mixin.py:190} INFO - [2026-09-27T18:53:15.942+0000] {dag.py:3239} INFO - Sync 1 DAGs
[2026-09-27T18:53:15.971+0000] {logging_mixin.py:190} INFO - [2026-09-27T18:53:15.971+0000] {dag.py:4180} INFO - Setting next_dagrun for medallion_pipeline to 2026-09-27 00:00:00+00:00, run_after=2026-09-28 00:00:00+00:00
[2026-09-27T18:53:15.999+0000] {processor.py:208} INFO - Processing /opt/airflow/dags/medallion_dag.py took 0.643 seconds
[2026-09-27T18:53:46.331+0000] {processor.py:186} INFO - Started process (PID=5238) to work on /opt/airflow/dags/medallion_dag.py
[2026-09-27T18:53:46.334+0000] {processor.py:914} INFO - Processing file /opt/airflow/dags/medallion_dag.py for tasks to queue
[2026-09-27T18:53:46.338+0000] {logging_mixin.py:190} INFO - [2026-09-27T18:53:46.338+0000] {dagbag.py:588} INFO - Filling up the DagBag from /opt/airflow/dags/medallion_dag.py
[2026-09-27T18:53:46.900+0000] {processor.py:925} INFO - DAG(s) 'medallion_pipeline' retrieved from /opt/airflow/dags/medallion_dag.py
[2026-09-27T18:53:46.937+0000] {logging_mixin.py:190} INFO - [2026-09-27T18:53:46.937+0000] {dag.py:3239} INFO - Sync 1 DAGs
[2026-09-27T18:53:46.972+0000] {logging_mixin.py:190} INFO - [2026-09-27T18:53:46.972+0000] {dag.py:4180} INFO - Setting next_dagrun for medallion_pipeline to 2026-09-27 00:00:00+00:00, run_after=2026-09-28 00:00:00+00:00
[2026-09-27T18:53:47.004+0000] {processor.py:208} INFO - Processing /opt/airflow/dags/medallion_dag.py took 0.684 seconds
[2026-09-27T18:54:17.484+0000] {processor.py:186} INFO - Started process (PID=5243) to work on /opt/airflow/dags/medallion_dag.py
[2026-09-27T18:54:17.487+0000] {processor.py:914} INFO - Processing file /opt/airflow/dags/medallion_dag.py for tasks to queue
[2026-09-27T18:54:17.491+0000] {logging_mixin.py:190} INFO - [2026-09-27T18:54:17.491+0000] {dagbag.py:588} INFO - Filling up the DagBag from /opt/airflow/dags/medallion_dag.py
[2026-09-27T18:54:17.999+0000] {processor.py:925} INFO - DAG(s) 'medallion_pipeline' retrieved from /opt/airflow/dags/medallion_dag.py
[2026-09-27T18:54:18.029+0000] {logging_mixin.py:190} INFO - [2026-09-27T18:54:18.029+0000] {dag.py:3239} INFO - Sync 1 DAGs
[2026-09-27T18:54:18.056+0000] {logging_mixin.py:190} INFO - [2026-09-27T18:54:18.056+0000] {dag.py:4180} INFO - Setting next_dagrun for medallion_pipeline to 2026-09-27 00:00:00+00:00, run_after=2026-09-28 00:00:00+00:00
[2026-09-27T18:54:18.082+0000] {processor.py:208} INFO - Processing /opt/airflow/dags/medallion_dag.py took 0.608 seconds
[2026-09-27T18:54:48.249+0000] {processor.py:186} INFO - Started process (PID=5248) to work on /opt/airflow/dags/medallion_dag.py
[2026-09-27T18:54:48.251+0000] {processor.py:914} INFO - Processing file /opt/airflow/dags/medallion_dag.py for tasks to queue
[2026-09-27T18:54:48.256+0000] {logging_mixin.py:190} INFO - [2026-09-27T18:54:48.255+0000] {dagbag.py:588} INFO - Filling up the DagBag from /opt/airflow/dags/medallion_dag.py
[2026-09-27T18:54:48.802+0000] {processor.py:925} INFO - DAG(s) 'medallion_pipeline' retrieved from /opt/airflow/dags/medallion_dag.py
[2026-09-27T18:54:48.832+0000] {logging_mixin.py:190} INFO - [2026-09-27T18:54:48.832+0000] {dag.py:3239} INFO - Sync 1 DAGs
[2026-09-27T18:54:48.860+0000] {logging_mixin.py:190} INFO - [2026-09-27T18:54:48.859+0000] {dag.py:4180} INFO - Setting next_dagrun for medallion_pipeline to 2026-09-27 00:00:00+00:00, run_after=2026-09-28 00:00:00+00:00
[2026-09-27T18:54:48.891+0000] {processor.py:208} INFO - Processing /opt/airflow/dags/medallion_dag.py took 0.652 seconds
[2026-09-27T18:55:19.415+0000] {processor.py:186} INFO - Started process (PID=5253) to work on /opt/airflow/dags/medallion_dag.py
[2026-09-27T18:55:19.418+0000] {processor.py:914} INFO - Processing file /opt/airflow/dags/medallion_dag.py for tasks to queue
[2026-09-27T18:55:19.422+0000] {logging_mixin.py:190} INFO - [2026-09-27T18:55:19.421+0000] {dagbag.py:588} INFO - Filling up the DagBag from /opt/airflow/dags/medallion_dag.py
[2026-09-27T18:55:19.971+0000] {processor.py:925} INFO - DAG(s) 'medallion_pipeline' retrieved from /opt/airflow/dags/medallion_dag.py
[2026-09-27T18:55:20.000+0000] {logging_mixin.py:190} INFO - [2026-09-27T18:55:20.000+0000] {dag.py:3239} INFO - Sync 1 DAGs
[2026-09-27T18:55:20.029+0000] {logging_mixin.py:190} INFO - [2026-09-27T18:55:20.029+0000] {dag.py:4180} INFO - Setting next_dagrun for medallion_pipeline to 2026-09-27 00:00:00+00:00, run_after=2026-09-28 00:00:00+00:00
[2026-09-27T18:55:20.058+0000] {processor.py:208} INFO - Processing /opt/airflow/dags/medallion_dag.py took 0.654 seconds
[2026-09-27T18:55:50.173+0000] {processor.py:186} INFO - Started process (PID=5258) to work on /opt/airflow/dags/medallion_dag.py
[2026-09-27T18:55:50.176+0000] {processor.py:914} INFO - Processing file /opt/airflow/dags/medallion_dag.py for tasks to queue
[2026-09-27T18:55:50.179+0000] {logging_mixin.py:190} INFO - [2026-09-27T18:55:50.179+0000] {dagbag.py:588} INFO - Filling up the DagBag from /opt/airflow/dags/medallion_dag.py
[2026-09-27T18:55:50.643+0000] {processor.py:925} INFO - DAG(s) 'medallion_pipeline' retrieved from /opt/airflow/dags/medallion_dag.py
[2026-09-27T18:55:50.672+0000] {logging_mixin.py:190} INFO - [2026-09-27T18:55:50.671+0000] {dag.py:3239} INFO - Sync 1 DAGs
[2026-09-27T18:55:50.702+0000] {logging_mixin.py:190} INFO - [2026-09-27T18:55:50.702+0000] {dag.py:4180} INFO - Setting next_dagrun for medallion_pipeline to 2026-09-27 00:00:00+00:00, run_after=2026-09-28 00:00:00+00:00
[2026-09-27T18:55:50.727+0000] {processor.py:208} INFO - Processing /opt/airflow/dags/medallion_dag.py took 0.560 seconds
[2026-09-27T18:56:20.956+0000] {processor.py:186} INFO - Started process (PID=5263) to work on /opt/airflow/dags/medallion_dag.py
[2026-09-27T18:56:20.958+0000] {processor.py:914} INFO - Processing file /opt/airflow/dags/medallion_dag.py for tasks to queue
[2026-09-27T18:56:20.961+0000] {logging_mixin.py:190} INFO - [2026-09-27T18:56:20.961+0000] {dagbag.py:588} INFO - Filling up the DagBag from /opt/airflow/dags/medallion_dag.py
[2026-09-27T18:56:21.429+0000] {processor.py:925} INFO - DAG(s) 'medallion_pipeline' retrieved from /opt/airflow/dags/medallion_dag.py
[2026-09-27T18:56:21.467+0000] {logging_mixin.py:190} INFO - [2026-09-27T18:56:21.467+0000] {dag.py:3239} INFO - Sync 1 DAGs
[2026-09-27T18:56:21.507+0000] {logging_mixin.py:190} INFO - [2026-09-27T18:56:21.507+0000] {dag.py:4180} INFO - Setting next_dagrun for medallion_pipeline to 2026-09-27 00:00:00+00:00, run_after=2026-09-28 00:00:00+00:00
[2026-09-27T18:56:21.540+0000] {processor.py:208} INFO - Processing /opt/airflow/dags/medallion_dag.py took 0.592 seconds
[2026-09-27T18:56:51.953+0000] {processor.py:186} INFO - Started process (PID=5268) to work on /opt/airflow/dags/medallion_dag.py
[2026-09-27T18:56:51.956+0000] {processor.py:914} INFO - Processing file /opt/airflow/dags/medallion_dag.py for tasks to queue
[2026-09-27T18:56:51.961+0000] {logging_mixin.py:190} INFO - [2026-09-27T18:56:51.960+0000] {dagbag.py:588} INFO - Filling up the DagBag from /opt/airflow/dags/medallion_dag.py
[2026-09-27T18:56:52.547+0000] {processor.py:925} INFO - DAG(s) 'medallion_pipeline' retrieved from /opt/airflow/dags/medallion_dag.py
[2026-09-27T18:56:52.578+0000] {logging_mixin.py:190} INFO - [2026-09-27T18:56:52.577+0000] {dag.py:3239} INFO - Sync 1 DAGs
[2026-09-27T18:56:52.609+0000] {logging_mixin.py:190} INFO - [2026-09-27T18:56:52.608+0000] {dag.py:4180} INFO - Setting next_dagrun for medallion_pipeline to 2026-09-27 00:00:00+00:00, run_after=2026-09-28 00:00:00+00:00
[2026-09-27T18:56:52.640+0000] {processor.py:208} INFO - Processing /opt/airflow/dags/medallion_dag.py took 0.696 seconds
[2026-09-27T18:57:23.060+0000] {processor.py:186} INFO - Started process (PID=5273) to work on /opt/airflow/dags/medallion_dag.py
[2026-09-27T18:57:23.062+0000] {processor.py:914} INFO - Processing file /opt/airflow/dags/medallion_dag.py for tasks to queue
[2026-09-27T18:57:23.066+0000] {logging_mixin.py:190} INFO - [2026-09-27T18:57:23.065+0000] {dagbag.py:588} INFO - Filling up the DagBag from /opt/airflow/dags/medallion_dag.py
[2026-09-27T18:57:23.606+0000] {processor.py:925} INFO - DAG(s) 'medallion_pipeline' retrieved from /opt/airflow/dags/medallion_dag.py
[2026-09-27T18:57:23.636+0000] {logging_mixin.py:190} INFO - [2026-09-27T18:57:23.635+0000] {dag.py:3239} INFO - Sync 1 DAGs
[2026-09-27T18:57:23.663+0000] {logging_mixin.py:190} INFO - [2026-09-27T18:57:23.663+0000] {dag.py:4180} INFO - Setting next_dagrun for medallion_pipeline to 2026-09-27 00:00:00+00:00, run_after=2026-09-28 00:00:00+00:00
[2026-09-27T18:57:23.686+0000] {processor.py:208} INFO - Processing /opt/airflow/dags/medallion_dag.py took 0.634 seconds
[2026-09-27T18:57:54.152+0000] {processor.py:186} INFO - Started process (PID=5278) to work on /opt/airflow/dags/medallion_dag.py
[2026-09-27T18:57:54.155+0000] {processor.py:914} INFO - Processing file /opt/airflow/dags/medallion_dag.py for tasks to queue
[2026-09-27T18:57:54.160+0000] {logging_mixin.py:190} INFO - [2026-09-27T18:57:54.159+0000] {dagbag.py:588} INFO - Filling up the DagBag from /opt/airflow/dags/medallion_dag.py
[2026-09-27T18:57:54.745+0000] {processor.py:925} INFO - DAG(s) 'medallion_pipeline' retrieved from /opt/airflow/dags/medallion_dag.py
[2026-09-27T18:57:54.776+0000] {logging_mixin.py:190} INFO - [2026-09-27T18:57:54.776+0000] {dag.py:3239} INFO - Sync 1 DAGs
[2026-09-27T18:57:54.804+0000] {logging_mixin.py:190} INFO - [2026-09-27T18:57:54.804+0000] {dag.py:4180} INFO - Setting next_dagrun for medallion_pipeline to 2026-09-27 00:00:00+00:00, run_after=2026-09-28 00:00:00+00:00
[2026-09-27T18:57:54.836+0000] {processor.py:208} INFO - Processing /opt/airflow/dags/medallion_dag.py took 0.695 seconds
[2026-09-27T18:58:25.311+0000] {processor.py:186} INFO - Started process (PID=5283) to work on /opt/airflow/dags/medallion_dag.py
[2026-09-27T18:58:25.313+0000] {processor.py:914} INFO - Processing file /opt/airflow/dags/medallion_dag.py for tasks to queue
[2026-09-27T18:58:25.317+0000] {logging_mixin.py:190} INFO - [2026-09-27T18:58:25.317+0000] {dagbag.py:588} INFO - Filling up the DagBag from /opt/airflow/dags/medallion_dag.py
[2026-09-27T18:58:25.809+0000] {processor.py:925} INFO - DAG(s) 'medallion_pipeline' retrieved from /opt/airflow/dags/medallion_dag.py
[2026-09-27T18:58:25.843+0000] {logging_mixin.py:190} INFO - [2026-09-27T18:58:25.842+0000] {dag.py:3239} INFO - Sync 1 DAGs
[2026-09-27T18:58:25.873+0000] {logging_mixin.py:190} INFO - [2026-09-27T18:58:25.872+0000] {dag.py:4180} INFO - Setting next_dagrun for medallion_pipeline to 2026-09-27 00:00:00+00:00, run_after=2026-09-28 00:00:00+00:00
[2026-09-27T18:58:25.897+0000] {processor.py:208} INFO - Processing /opt/airflow/dags/medallion_dag.py took 0.597 seconds
[2026-09-27T18:58:56.255+0000] {processor.py:186} INFO - Started process (PID=5288) to work on /opt/airflow/dags/medallion_dag.py
[2026-09-27T18:58:56.258+0000] {processor.py:914} INFO - Processing file /opt/airflow/dags/medallion_dag.py for tasks to queue
[2026-09-27T18:58:56.262+0000] {logging_mixin.py:190} INFO - [2026-09-27T18:58:56.261+0000] {dagbag.py:588} INFO - Filling up the DagBag from /opt/airflow/dags/medallion_dag.py
[2026-09-27T18:58:56.777+0000] {processor.py:925} INFO - DAG(s) 'medallion_pipeline' retrieved from /opt/airflow/dags/medallion_dag.py
[2026-09-27T18:58:56.807+0000] {logging_mixin.py:190} INFO - [2026-09-27T18:58:56.807+0000] {dag.py:3239} INFO - Sync 1 DAGs
[2026-09-27T18:58:56.836+0000] {logging_mixin.py:190} INFO - [2026-09-27T18:58:56.836+0000] {dag.py:4180} INFO - Setting next_dagrun for medallion_pipeline to 2026-09-27 00:00:00+00:00, run_after=2026-09-28 00:00:00+00:00
[2026-09-27T18:58:56.864+0000] {processor.py:208} INFO - Processing /opt/airflow/dags/medallion_dag.py took 0.616 seconds
[2026-09-27T18:59:27.303+0000] {processor.py:186} INFO - Started process (PID=5293) to work on /opt/airflow/dags/medallion_dag.py
[2026-09-27T18:59:27.305+0000] {processor.py:914} INFO - Processing file /opt/airflow/dags/medallion_dag.py for tasks to queue
[2026-09-27T18:59:27.312+0000] {logging_mixin.py:190} INFO - [2026-09-27T18:59:27.311+0000] {dagbag.py:588} INFO - Filling up the DagBag from /opt/airflow/dags/medallion_dag.py
[2026-09-27T18:59:27.978+0000] {processor.py:925} INFO - DAG(s) 'medallion_pipeline' retrieved from /opt/airflow/dags/medallion_dag.py
[2026-09-27T18:59:28.006+0000] {logging_mixin.py:190} INFO - [2026-09-27T18:59:28.006+0000] {dag.py:3239} INFO - Sync 1 DAGs
[2026-09-27T18:59:28.035+0000] {logging_mixin.py:190} INFO - [2026-09-27T18:59:28.035+0000] {dag.py:4180} INFO - Setting next_dagrun for medallion_pipeline to 2026-09-27 00:00:00+00:00, run_after=2026-09-28 00:00:00+00:00
[2026-09-27T18:59:28.060+0000] {processor.py:208} INFO - Processing /opt/airflow/dags/medallion_dag.py took 0.778 seconds
[2026-09-27T18:59:58.553+0000] {processor.py:186} INFO - Started process (PID=5298) to work on /opt/airflow/dags/medallion_dag.py
[2026-09-27T18:59:58.555+0000] {processor.py:914} INFO - Processing file /opt/airflow/dags/medallion_dag.py for tasks to queue
[2026-09-27T18:59:58.560+0000] {logging_mixin.py:190} INFO - [2026-09-27T18:59:58.559+0000] {dagbag.py:588} INFO - Filling up the DagBag from /opt/airflow/dags/medallion_dag.py
[2026-09-27T18:59:59.060+0000] {processor.py:925} INFO - DAG(s) 'medallion_pipeline' retrieved from /opt/airflow/dags/medallion_dag.py
[2026-09-27T18:59:59.089+0000] {logging_mixin.py:190} INFO - [2026-09-27T18:59:59.088+0000] {dag.py:3239} INFO - Sync 1 DAGs
[2026-09-27T18:59:59.117+0000] {logging_mixin.py:190} INFO - [2026-09-27T18:59:59.117+0000] {dag.py:4180} INFO - Setting next_dagrun for medallion_pipeline to 2026-09-27 00:00:00+00:00, run_after=2026-09-28 00:00:00+00:00
[2026-09-27T18:59:59.145+0000] {processor.py:208} INFO - Processing /opt/airflow/dags/medallion_dag.py took 0.602 seconds
[2026-09-27T19:00:29.454+0000] {processor.py:186} INFO - Started process (PID=5303) to work on /opt/airflow/dags/medallion_dag.py
[2026-09-27T19:00:29.456+0000] {processor.py:914} INFO - Processing file /opt/airflow/dags/medallion_dag.py for tasks to queue
[2026-09-27T19:00:29.460+0000] {logging_mixin.py:190} INFO - [2026-09-27T19:00:29.459+0000] {dagbag.py:588} INFO - Filling up the DagBag from /opt/airflow/dags/medallion_dag.py
[2026-09-27T19:00:29.920+0000] {processor.py:925} INFO - DAG(s) 'medallion_pipeline' retrieved from /opt/airflow/dags/medallion_dag.py
[2026-09-27T19:00:29.948+0000] {logging_mixin.py:190} INFO - [2026-09-27T19:00:29.948+0000] {dag.py:3239} INFO - Sync 1 DAGs
[2026-09-27T19:00:29.974+0000] {logging_mixin.py:190} INFO - [2026-09-27T19:00:29.974+0000] {dag.py:4180} INFO - Setting next_dagrun for medallion_pipeline to 2026-09-27 00:00:00+00:00, run_after=2026-09-28 00:00:00+00:00
[2026-09-27T19:00:29.998+0000] {processor.py:208} INFO - Processing /opt/airflow/dags/medallion_dag.py took 0.551 seconds
[2026-09-27T19:01:00.444+0000] {processor.py:186} INFO - Started process (PID=5308) to work on /opt/airflow/dags/medallion_dag.py
[2026-09-27T19:01:00.448+0000] {processor.py:914} INFO - Processing file /opt/airflow/dags/medallion_dag.py for tasks to queue
[2026-09-27T19:01:00.454+0000] {logging_mixin.py:190} INFO - [2026-09-27T19:01:00.452+0000] {dagbag.py:588} INFO - Filling up the DagBag from /opt/airflow/dags/medallion_dag.py
[2026-09-27T19:01:01.120+0000] {processor.py:925} INFO - DAG(s) 'medallion_pipeline' retrieved from /opt/airflow/dags/medallion_dag.py
[2026-09-27T19:01:01.154+0000] {logging_mixin.py:190} INFO - [2026-09-27T19:01:01.153+0000] {dag.py:3239} INFO - Sync 1 DAGs
[2026-09-27T19:01:01.186+0000] {logging_mixin.py:190} INFO - [2026-09-27T19:01:01.185+0000] {dag.py:4180} INFO - Setting next_dagrun for medallion_pipeline to 2026-09-27 00:00:00+00:00, run_after=2026-09-28 00:00:00+00:00
[2026-09-27T19:01:01.218+0000] {processor.py:208} INFO - Processing /opt/airflow/dags/medallion_dag.py took 0.785 seconds
[2026-09-27T19:01:31.401+0000] {processor.py:186} INFO - Started process (PID=5313) to work on /opt/airflow/dags/medallion_dag.py
[2026-09-27T19:01:31.404+0000] {processor.py:914} INFO - Processing file /opt/airflow/dags/medallion_dag.py for tasks to queue
[2026-09-27T19:01:31.410+0000] {logging_mixin.py:190} INFO - [2026-09-27T19:01:31.409+0000] {dagbag.py:588} INFO - Filling up the DagBag from /opt/airflow/dags/medallion_dag.py
[2026-09-27T19:01:31.956+0000] {processor.py:925} INFO - DAG(s) 'medallion_pipeline' retrieved from /opt/airflow/dags/medallion_dag.py
[2026-09-27T19:01:31.990+0000] {logging_mixin.py:190} INFO - [2026-09-27T19:01:31.990+0000] {dag.py:3239} INFO - Sync 1 DAGs
[2026-09-27T19:01:32.022+0000] {logging_mixin.py:190} INFO - [2026-09-27T19:01:32.022+0000] {dag.py:4180} INFO - Setting next_dagrun for medallion_pipeline to 2026-09-27 00:00:00+00:00, run_after=2026-09-28 00:00:00+00:00
[2026-09-27T19:01:32.053+0000] {processor.py:208} INFO - Processing /opt/airflow/dags/medallion_dag.py took 0.659 seconds
[2026-09-27T19:02:02.513+0000] {processor.py:186} INFO - Started process (PID=5318) to work on /opt/airflow/dags/medallion_dag.py
[2026-09-27T19:02:02.516+0000] {processor.py:914} INFO - Processing file /opt/airflow/dags/medallion_dag.py for tasks to queue
[2026-09-27T19:02:02.522+0000] {logging_mixin.py:190} INFO - [2026-09-27T19:02:02.522+0000] {dagbag.py:588} INFO - Filling up the DagBag from /opt/airflow/dags/medallion_dag.py
[2026-09-27T19:02:03.134+0000] {processor.py:925} INFO - DAG(s) 'medallion_pipeline' retrieved from /opt/airflow/dags/medallion_dag.py
[2026-09-27T19:02:03.166+0000] {logging_mixin.py:190} INFO - [2026-09-27T19:02:03.166+0000] {dag.py:3239} INFO - Sync 1 DAGs
[2026-09-27T19:02:03.197+0000] {logging_mixin.py:190} INFO - [2026-09-27T19:02:03.197+0000] {dag.py:4180} INFO - Setting next_dagrun for medallion_pipeline to 2026-09-27 00:00:00+00:00, run_after=2026-09-28 00:00:00+00:00
[2026-09-27T19:02:03.227+0000] {processor.py:208} INFO - Processing /opt/airflow/dags/medallion_dag.py took 0.726 seconds
[2026-09-27T19:02:33.371+0000] {processor.py:186} INFO - Started process (PID=5323) to work on /opt/airflow/dags/medallion_dag.py
[2026-09-27T19:02:33.374+0000] {processor.py:914} INFO - Processing file /opt/airflow/dags/medallion_dag.py for tasks to queue
[2026-09-27T19:02:33.378+0000] {logging_mixin.py:190} INFO - [2026-09-27T19:02:33.378+0000] {dagbag.py:588} INFO - Filling up the DagBag from /opt/airflow/dags/medallion_dag.py
[2026-09-27T19:02:33.956+0000] {processor.py:925} INFO - DAG(s) 'medallion_pipeline' retrieved from /opt/airflow/dags/medallion_dag.py
[2026-09-27T19:02:33.998+0000] {logging_mixin.py:190} INFO - [2026-09-27T19:02:33.998+0000] {dag.py:3239} INFO - Sync 1 DAGs
[2026-09-27T19:02:34.038+0000] {logging_mixin.py:190} INFO - [2026-09-27T19:02:34.038+0000] {dag.py:4180} INFO - Setting next_dagrun for medallion_pipeline to 2026-09-27 00:00:00+00:00, run_after=2026-09-28 00:00:00+00:00
[2026-09-27T19:02:34.078+0000] {processor.py:208} INFO - Processing /opt/airflow/dags/medallion_dag.py took 0.717 seconds
[2026-09-27T19:03:04.563+0000] {processor.py:186} INFO - Started process (PID=5328) to work on /opt/airflow/dags/medallion_dag.py
[2026-09-27T19:03:04.566+0000] {processor.py:914} INFO - Processing file /opt/airflow/dags/medallion_dag.py for tasks to queue
[2026-09-27T19:03:04.571+0000] {logging_mixin.py:190} INFO - [2026-09-27T19:03:04.571+0000] {dagbag.py:588} INFO - Filling up the DagBag from /opt/airflow/dags/medallion_dag.py
[2026-09-27T19:03:05.758+0000] {processor.py:925} INFO - DAG(s) 'medallion_pipeline' retrieved from /opt/airflow/dags/medallion_dag.py
[2026-09-27T19:03:05.811+0000] {logging_mixin.py:190} INFO - [2026-09-27T19:03:05.810+0000] {dag.py:3239} INFO - Sync 1 DAGs
[2026-09-27T19:03:05.844+0000] {logging_mixin.py:190} INFO - [2026-09-27T19:03:05.844+0000] {dag.py:4180} INFO - Setting next_dagrun for medallion_pipeline to 2026-09-27 00:00:00+00:00, run_after=2026-09-28 00:00:00+00:00
[2026-09-27T19:03:05.875+0000] {processor.py:208} INFO - Processing /opt/airflow/dags/medallion_dag.py took 1.322 seconds
[2026-09-27T19:03:36.014+0000] {processor.py:186} INFO - Started process (PID=5333) to work on /opt/airflow/dags/medallion_dag.py
[2026-09-27T19:03:36.017+0000] {processor.py:914} INFO - Processing file /opt/airflow/dags/medallion_dag.py for tasks to queue
[2026-09-27T19:03:36.022+0000] {logging_mixin.py:190} INFO - [2026-09-27T19:03:36.021+0000] {dagbag.py:588} INFO - Filling up the DagBag from /opt/airflow/dags/medallion_dag.py
[2026-09-27T19:03:36.631+0000] {processor.py:925} INFO - DAG(s) 'medallion_pipeline' retrieved from /opt/airflow/dags/medallion_dag.py
[2026-09-27T19:03:36.669+0000] {logging_mixin.py:190} INFO - [2026-09-27T19:03:36.669+0000] {dag.py:3239} INFO - Sync 1 DAGs
[2026-09-27T19:03:36.703+0000] {logging_mixin.py:190} INFO - [2026-09-27T19:03:36.703+0000] {dag.py:4180} INFO - Setting next_dagrun for medallion_pipeline to 2026-09-27 00:00:00+00:00, run_after=2026-09-28 00:00:00+00:00
[2026-09-27T19:03:36.738+0000] {processor.py:208} INFO - Processing /opt/airflow/dags/medallion_dag.py took 0.734 seconds
[2026-09-27T19:04:07.151+0000] {processor.py:186} INFO - Started process (PID=5338) to work on /opt/airflow/dags/medallion_dag.py
[2026-09-27T19:04:07.159+0000] {processor.py:914} INFO - Processing file /opt/airflow/dags/medallion_dag.py for tasks to queue
[2026-09-27T19:04:07.163+0000] {logging_mixin.py:190} INFO - [2026-09-27T19:04:07.163+0000] {dagbag.py:588} INFO - Filling up the DagBag from /opt/airflow/dags/medallion_dag.py
[2026-09-27T19:04:07.704+0000] {processor.py:925} INFO - DAG(s) 'medallion_pipeline' retrieved from /opt/airflow/dags/medallion_dag.py
[2026-09-27T19:04:07.738+0000] {logging_mixin.py:190} INFO - [2026-09-27T19:04:07.737+0000] {dag.py:3239} INFO - Sync 1 DAGs
[2026-09-27T19:04:07.769+0000] {logging_mixin.py:190} INFO - [2026-09-27T19:04:07.768+0000] {dag.py:4180} INFO - Setting next_dagrun for medallion_pipeline to 2026-09-27 00:00:00+00:00, run_after=2026-09-28 00:00:00+00:00
[2026-09-27T19:04:07.801+0000] {processor.py:208} INFO - Processing /opt/airflow/dags/medallion_dag.py took 0.660 seconds
[2026-09-27T19:04:38.029+0000] {processor.py:186} INFO - Started process (PID=5343) to work on /opt/airflow/dags/medallion_dag.py
[2026-09-27T19:04:38.032+0000] {processor.py:914} INFO - Processing file /opt/airflow/dags/medallion_dag.py for tasks to queue
[2026-09-27T19:04:38.035+0000] {logging_mixin.py:190} INFO - [2026-09-27T19:04:38.035+0000] {dagbag.py:588} INFO - Filling up the DagBag from /opt/airflow/dags/medallion_dag.py
[2026-09-27T19:04:38.533+0000] {processor.py:925} INFO - DAG(s) 'medallion_pipeline' retrieved from /opt/airflow/dags/medallion_dag.py
[2026-09-27T19:04:38.563+0000] {logging_mixin.py:190} INFO - [2026-09-27T19:04:38.563+0000] {dag.py:3239} INFO - Sync 1 DAGs
[2026-09-27T19:04:38.596+0000] {logging_mixin.py:190} INFO - [2026-09-27T19:04:38.595+0000] {dag.py:4180} INFO - Setting next_dagrun for medallion_pipeline to 2026-09-27 00:00:00+00:00, run_after=2026-09-28 00:00:00+00:00
[2026-09-27T19:04:38.625+0000] {processor.py:208} INFO - Processing /opt/airflow/dags/medallion_dag.py took 0.603 seconds
[2026-09-27T19:05:09.148+0000] {processor.py:186} INFO - Started process (PID=5348) to work on /opt/airflow/dags/medallion_dag.py
[2026-09-27T19:05:09.150+0000] {processor.py:914} INFO - Processing file /opt/airflow/dags/medallion_dag.py for tasks to queue
[2026-09-27T19:05:09.155+0000] {logging_mixin.py:190} INFO - [2026-09-27T19:05:09.154+0000] {dagbag.py:588} INFO - Filling up the DagBag from /opt/airflow/dags/medallion_dag.py
[2026-09-27T19:05:09.717+0000] {processor.py:925} INFO - DAG(s) 'medallion_pipeline' retrieved from /opt/airflow/dags/medallion_dag.py
[2026-09-27T19:05:09.749+0000] {logging_mixin.py:190} INFO - [2026-09-27T19:05:09.748+0000] {dag.py:3239} INFO - Sync 1 DAGs
[2026-09-27T19:05:09.779+0000] {logging_mixin.py:190} INFO - [2026-09-27T19:05:09.779+0000] {dag.py:4180} INFO - Setting next_dagrun for medallion_pipeline to 2026-09-27 00:00:00+00:00, run_after=2026-09-28 00:00:00+00:00
[2026-09-27T19:05:09.805+0000] {processor.py:208} INFO - Processing /opt/airflow/dags/medallion_dag.py took 0.665 seconds
[2026-09-27T19:05:39.928+0000] {processor.py:186} INFO - Started process (PID=5353) to work on /opt/airflow/dags/medallion_dag.py
[2026-09-27T19:05:39.930+0000] {processor.py:914} INFO - Processing file /opt/airflow/dags/medallion_dag.py for tasks to queue
[2026-09-27T19:05:39.936+0000] {logging_mixin.py:190} INFO - [2026-09-27T19:05:39.935+0000] {dagbag.py:588} INFO - Filling up the DagBag from /opt/airflow/dags/medallion_dag.py
[2026-09-27T19:05:40.461+0000] {processor.py:925} INFO - DAG(s) 'medallion_pipeline' retrieved from /opt/airflow/dags/medallion_dag.py
[2026-09-27T19:05:40.493+0000] {logging_mixin.py:190} INFO - [2026-09-27T19:05:40.493+0000] {dag.py:3239} INFO - Sync 1 DAGs
[2026-09-27T19:05:40.522+0000] {logging_mixin.py:190} INFO - [2026-09-27T19:05:40.522+0000] {dag.py:4180} INFO - Setting next_dagrun for medallion_pipeline to 2026-09-27 00:00:00+00:00, run_after=2026-09-28 00:00:00+00:00
[2026-09-27T19:05:40.553+0000] {processor.py:208} INFO - Processing /opt/airflow/dags/medallion_dag.py took 0.636 seconds
[2026-09-27T19:06:10.813+0000] {processor.py:186} INFO - Started process (PID=5358) to work on /opt/airflow/dags/medallion_dag.py
[2026-09-27T19:06:10.817+0000] {processor.py:914} INFO - Processing file /opt/airflow/dags/medallion_dag.py for tasks to queue
[2026-09-27T19:06:10.825+0000] {logging_mixin.py:190} INFO - [2026-09-27T19:06:10.824+0000] {dagbag.py:588} INFO - Filling up the DagBag from /opt/airflow/dags/medallion_dag.py
[2026-09-27T19:06:12.150+0000] {processor.py:925} INFO - DAG(s) 'medallion_pipeline' retrieved from /opt/airflow/dags/medallion_dag.py
[2026-09-27T19:06:12.187+0000] {logging_mixin.py:190} INFO - [2026-09-27T19:06:12.187+0000] {dag.py:3239} INFO - Sync 1 DAGs
[2026-09-27T19:06:12.222+0000] {logging_mixin.py:190} INFO - [2026-09-27T19:06:12.222+0000] {dag.py:4180} INFO - Setting next_dagrun for medallion_pipeline to 2026-09-27 00:00:00+00:00, run_after=2026-09-28 00:00:00+00:00
[2026-09-27T19:06:12.251+0000] {processor.py:208} INFO - Processing /opt/airflow/dags/medallion_dag.py took 1.449 seconds
[2026-09-27T19:06:42.524+0000] {processor.py:186} INFO - Started process (PID=5363) to work on /opt/airflow/dags/medallion_dag.py
[2026-09-27T19:06:42.526+0000] {processor.py:914} INFO - Processing file /opt/airflow/dags/medallion_dag.py for tasks to queue
[2026-09-27T19:06:42.530+0000] {logging_mixin.py:190} INFO - [2026-09-27T19:06:42.530+0000] {dagbag.py:588} INFO - Filling up the DagBag from /opt/airflow/dags/medallion_dag.py
[2026-09-27T19:06:43.114+0000] {processor.py:925} INFO - DAG(s) 'medallion_pipeline' retrieved from /opt/airflow/dags/medallion_dag.py
[2026-09-27T19:06:43.143+0000] {logging_mixin.py:190} INFO - [2026-09-27T19:06:43.143+0000] {dag.py:3239} INFO - Sync 1 DAGs
[2026-09-27T19:06:43.172+0000] {logging_mixin.py:190} INFO - [2026-09-27T19:06:43.172+0000] {dag.py:4180} INFO - Setting next_dagrun for medallion_pipeline to 2026-09-27 00:00:00+00:00, run_after=2026-09-28 00:00:00+00:00
[2026-09-27T19:06:43.200+0000] {processor.py:208} INFO - Processing /opt/airflow/dags/medallion_dag.py took 0.687 seconds
[2026-09-27T19:07:13.657+0000] {processor.py:186} INFO - Started process (PID=5368) to work on /opt/airflow/dags/medallion_dag.py
[2026-09-27T19:07:13.659+0000] {processor.py:914} INFO - Processing file /opt/airflow/dags/medallion_dag.py for tasks to queue
[2026-09-27T19:07:13.664+0000] {logging_mixin.py:190} INFO - [2026-09-27T19:07:13.664+0000] {dagbag.py:588} INFO - Filling up the DagBag from /opt/airflow/dags/medallion_dag.py
[2026-09-27T19:07:14.135+0000] {processor.py:925} INFO - DAG(s) 'medallion_pipeline' retrieved from /opt/airflow/dags/medallion_dag.py
[2026-09-27T19:07:14.163+0000] {logging_mixin.py:190} INFO - [2026-09-27T19:07:14.162+0000] {dag.py:3239} INFO - Sync 1 DAGs
[2026-09-27T19:07:14.191+0000] {logging_mixin.py:190} INFO - [2026-09-27T19:07:14.190+0000] {dag.py:4180} INFO - Setting next_dagrun for medallion_pipeline to 2026-09-27 00:00:00+00:00, run_after=2026-09-28 00:00:00+00:00
[2026-09-27T19:07:14.213+0000] {processor.py:208} INFO - Processing /opt/airflow/dags/medallion_dag.py took 0.566 seconds
[2026-09-27T19:07:44.418+0000] {processor.py:186} INFO - Started process (PID=5373) to work on /opt/airflow/dags/medallion_dag.py
[2026-09-27T19:07:44.420+0000] {processor.py:914} INFO - Processing file /opt/airflow/dags/medallion_dag.py for tasks to queue
[2026-09-27T19:07:44.425+0000] {logging_mixin.py:190} INFO - [2026-09-27T19:07:44.424+0000] {dagbag.py:588} INFO - Filling up the DagBag from /opt/airflow/dags/medallion_dag.py
[2026-09-27T19:07:44.874+0000] {processor.py:925} INFO - DAG(s) 'medallion_pipeline' retrieved from /opt/airflow/dags/medallion_dag.py
[2026-09-27T19:07:44.904+0000] {logging_mixin.py:190} INFO - [2026-09-27T19:07:44.904+0000] {dag.py:3239} INFO - Sync 1 DAGs
[2026-09-27T19:07:44.932+0000] {logging_mixin.py:190} INFO - [2026-09-27T19:07:44.932+0000] {dag.py:4180} INFO - Setting next_dagrun for medallion_pipeline to 2026-09-27 00:00:00+00:00, run_after=2026-09-28 00:00:00+00:00
[2026-09-27T19:07:44.959+0000] {processor.py:208} INFO - Processing /opt/airflow/dags/medallion_dag.py took 0.549 seconds
[2026-09-27T19:08:15.064+0000] {processor.py:186} INFO - Started process (PID=5378) to work on /opt/airflow/dags/medallion_dag.py
[2026-09-27T19:08:15.066+0000] {processor.py:914} INFO - Processing file /opt/airflow/dags/medallion_dag.py for tasks to queue
[2026-09-27T19:08:15.070+0000] {logging_mixin.py:190} INFO - [2026-09-27T19:08:15.070+0000] {dagbag.py:588} INFO - Filling up the DagBag from /opt/airflow/dags/medallion_dag.py
[2026-09-27T19:08:15.583+0000] {processor.py:925} INFO - DAG(s) 'medallion_pipeline' retrieved from /opt/airflow/dags/medallion_dag.py
[2026-09-27T19:08:15.613+0000] {logging_mixin.py:190} INFO - [2026-09-27T19:08:15.612+0000] {dag.py:3239} INFO - Sync 1 DAGs
[2026-09-27T19:08:15.640+0000] {logging_mixin.py:190} INFO - [2026-09-27T19:08:15.640+0000] {dag.py:4180} INFO - Setting next_dagrun for medallion_pipeline to 2026-09-27 00:00:00+00:00, run_after=2026-09-28 00:00:00+00:00
[2026-09-27T19:08:15.667+0000] {processor.py:208} INFO - Processing /opt/airflow/dags/medallion_dag.py took 0.616 seconds
[2026-09-27T19:08:45.784+0000] {processor.py:186} INFO - Started process (PID=5383) to work on /opt/airflow/dags/medallion_dag.py
[2026-09-27T19:08:45.786+0000] {processor.py:914} INFO - Processing file /opt/airflow/dags/medallion_dag.py for tasks to queue
[2026-09-27T19:08:45.789+0000] {logging_mixin.py:190} INFO - [2026-09-27T19:08:45.789+0000] {dagbag.py:588} INFO - Filling up the DagBag from /opt/airflow/dags/medallion_dag.py
[2026-09-27T19:08:46.202+0000] {processor.py:925} INFO - DAG(s) 'medallion_pipeline' retrieved from /opt/airflow/dags/medallion_dag.py
[2026-09-27T19:08:46.226+0000] {logging_mixin.py:190} INFO - [2026-09-27T19:08:46.226+0000] {dag.py:3239} INFO - Sync 1 DAGs
[2026-09-27T19:08:46.249+0000] {logging_mixin.py:190} INFO - [2026-09-27T19:08:46.249+0000] {dag.py:4180} INFO - Setting next_dagrun for medallion_pipeline to 2026-09-27 00:00:00+00:00, run_after=2026-09-28 00:00:00+00:00
[2026-09-27T19:08:46.270+0000] {processor.py:208} INFO - Processing /opt/airflow/dags/medallion_dag.py took 0.493 seconds
[2026-09-27T19:09:16.491+0000] {processor.py:186} INFO - Started process (PID=5388) to work on /opt/airflow/dags/medallion_dag.py
[2026-09-27T19:09:16.493+0000] {processor.py:914} INFO - Processing file /opt/airflow/dags/medallion_dag.py for tasks to queue
[2026-09-27T19:09:16.498+0000] {logging_mixin.py:190} INFO - [2026-09-27T19:09:16.498+0000] {dagbag.py:588} INFO - Filling up the DagBag from /opt/airflow/dags/medallion_dag.py
[2026-09-27T19:09:16.940+0000] {processor.py:925} INFO - DAG(s) 'medallion_pipeline' retrieved from /opt/airflow/dags/medallion_dag.py
[2026-09-27T19:09:16.964+0000] {logging_mixin.py:190} INFO - [2026-09-27T19:09:16.964+0000] {dag.py:3239} INFO - Sync 1 DAGs
[2026-09-27T19:09:16.989+0000] {logging_mixin.py:190} INFO - [2026-09-27T19:09:16.989+0000] {dag.py:4180} INFO - Setting next_dagrun for medallion_pipeline to 2026-09-27 00:00:00+00:00, run_after=2026-09-28 00:00:00+00:00
[2026-09-27T19:09:17.010+0000] {processor.py:208} INFO - Processing /opt/airflow/dags/medallion_dag.py took 0.526 seconds
[2026-09-27T19:09:47.404+0000] {processor.py:186} INFO - Started process (PID=5393) to work on /opt/airflow/dags/medallion_dag.py
[2026-09-27T19:09:47.408+0000] {processor.py:914} INFO - Processing file /opt/airflow/dags/medallion_dag.py for tasks to queue
[2026-09-27T19:09:47.415+0000] {logging_mixin.py:190} INFO - [2026-09-27T19:09:47.414+0000] {dagbag.py:588} INFO - Filling up the DagBag from /opt/airflow/dags/medallion_dag.py
[2026-09-27T19:09:48.319+0000] {processor.py:925} INFO - DAG(s) 'medallion_pipeline' retrieved from /opt/airflow/dags/medallion_dag.py
[2026-09-27T19:09:48.349+0000] {logging_mixin.py:190} INFO - [2026-09-27T19:09:48.349+0000] {dag.py:3239} INFO - Sync 1 DAGs
[2026-09-27T19:09:48.377+0000] {logging_mixin.py:190} INFO - [2026-09-27T19:09:48.376+0000] {dag.py:4180} INFO - Setting next_dagrun for medallion_pipeline to 2026-09-27 00:00:00+00:00, run_after=2026-09-28 00:00:00+00:00
[2026-09-27T19:09:48.402+0000] {processor.py:208} INFO - Processing /opt/airflow/dags/medallion_dag.py took 1.007 seconds
[2026-09-27T19:10:18.831+0000] {processor.py:186} INFO - Started process (PID=5398) to work on /opt/airflow/dags/medallion_dag.py
[2026-09-27T19:10:18.833+0000] {processor.py:914} INFO - Processing file /opt/airflow/dags/medallion_dag.py for tasks to queue
[2026-09-27T19:10:18.837+0000] {logging_mixin.py:190} INFO - [2026-09-27T19:10:18.837+0000] {dagbag.py:588} INFO - Filling up the DagBag from /opt/airflow/dags/medallion_dag.py
[2026-09-27T19:10:19.282+0000] {processor.py:925} INFO - DAG(s) 'medallion_pipeline' retrieved from /opt/airflow/dags/medallion_dag.py
[2026-09-27T19:10:19.307+0000] {logging_mixin.py:190} INFO - [2026-09-27T19:10:19.306+0000] {dag.py:3239} INFO - Sync 1 DAGs
[2026-09-27T19:10:19.331+0000] {logging_mixin.py:190} INFO - [2026-09-27T19:10:19.330+0000] {dag.py:4180} INFO - Setting next_dagrun for medallion_pipeline to 2026-09-27 00:00:00+00:00, run_after=2026-09-28 00:00:00+00:00
[2026-09-27T19:10:19.354+0000] {processor.py:208} INFO - Processing /opt/airflow/dags/medallion_dag.py took 0.529 seconds
[2026-09-27T19:10:49.751+0000] {processor.py:186} INFO - Started process (PID=5403) to work on /opt/airflow/dags/medallion_dag.py
[2026-09-27T19:10:49.752+0000] {processor.py:914} INFO - Processing file /opt/airflow/dags/medallion_dag.py for tasks to queue
[2026-09-27T19:10:49.756+0000] {logging_mixin.py:190} INFO - [2026-09-27T19:10:49.755+0000] {dagbag.py:588} INFO - Filling up the DagBag from /opt/airflow/dags/medallion_dag.py
[2026-09-27T19:10:50.367+0000] {processor.py:925} INFO - DAG(s) 'medallion_pipeline' retrieved from /opt/airflow/dags/medallion_dag.py
[2026-09-27T19:10:50.393+0000] {logging_mixin.py:190} INFO - [2026-09-27T19:10:50.392+0000] {dag.py:3239} INFO - Sync 1 DAGs
[2026-09-27T19:10:50.417+0000] {logging_mixin.py:190} INFO - [2026-09-27T19:10:50.417+0000] {dag.py:4180} INFO - Setting next_dagrun for medallion_pipeline to 2026-09-27 00:00:00+00:00, run_after=2026-09-28 00:00:00+00:00
[2026-09-27T19:10:50.439+0000] {processor.py:208} INFO - Processing /opt/airflow/dags/medallion_dag.py took 0.695 seconds
[2026-09-27T19:11:20.587+0000] {processor.py:186} INFO - Started process (PID=5408) to work on /opt/airflow/dags/medallion_dag.py
[2026-09-27T19:11:20.590+0000] {processor.py:914} INFO - Processing file /opt/airflow/dags/medallion_dag.py for tasks to queue
[2026-09-27T19:11:20.595+0000] {logging_mixin.py:190} INFO - [2026-09-27T19:11:20.595+0000] {dagbag.py:588} INFO - Filling up the DagBag from /opt/airflow/dags/medallion_dag.py
[2026-09-27T19:11:21.385+0000] {processor.py:925} INFO - DAG(s) 'medallion_pipeline' retrieved from /opt/airflow/dags/medallion_dag.py
[2026-09-27T19:11:21.413+0000] {logging_mixin.py:190} INFO - [2026-09-27T19:11:21.413+0000] {dag.py:3239} INFO - Sync 1 DAGs
[2026-09-27T19:11:21.435+0000] {logging_mixin.py:190} INFO - [2026-09-27T19:11:21.435+0000] {dag.py:4180} INFO - Setting next_dagrun for medallion_pipeline to 2026-09-27 00:00:00+00:00, run_after=2026-09-28 00:00:00+00:00
[2026-09-27T19:11:21.461+0000] {processor.py:208} INFO - Processing /opt/airflow/dags/medallion_dag.py took 0.881 seconds
[2026-09-27T19:11:51.848+0000] {processor.py:186} INFO - Started process (PID=5413) to work on /opt/airflow/dags/medallion_dag.py
[2026-09-27T19:11:51.850+0000] {processor.py:914} INFO - Processing file /opt/airflow/dags/medallion_dag.py for tasks to queue
[2026-09-27T19:11:51.854+0000] {logging_mixin.py:190} INFO - [2026-09-27T19:11:51.853+0000] {dagbag.py:588} INFO - Filling up the DagBag from /opt/airflow/dags/medallion_dag.py
[2026-09-27T19:11:52.275+0000] {processor.py:925} INFO - DAG(s) 'medallion_pipeline' retrieved from /opt/airflow/dags/medallion_dag.py
[2026-09-27T19:11:52.301+0000] {logging_mixin.py:190} INFO - [2026-09-27T19:11:52.301+0000] {dag.py:3239} INFO - Sync 1 DAGs
[2026-09-27T19:11:52.323+0000] {logging_mixin.py:190} INFO - [2026-09-27T19:11:52.322+0000] {dag.py:4180} INFO - Setting next_dagrun for medallion_pipeline to 2026-09-27 00:00:00+00:00, run_after=2026-09-28 00:00:00+00:00
[2026-09-27T19:11:52.344+0000] {processor.py:208} INFO - Processing /opt/airflow/dags/medallion_dag.py took 0.504 seconds
[2026-09-27T19:12:22.708+0000] {processor.py:186} INFO - Started process (PID=5418) to work on /opt/airflow/dags/medallion_dag.py
[2026-09-27T19:12:22.712+0000] {processor.py:914} INFO - Processing file /opt/airflow/dags/medallion_dag.py for tasks to queue
[2026-09-27T19:12:22.719+0000] {logging_mixin.py:190} INFO - [2026-09-27T19:12:22.718+0000] {dagbag.py:588} INFO - Filling up the DagBag from /opt/airflow/dags/medallion_dag.py
[2026-09-27T19:12:23.505+0000] {processor.py:925} INFO - DAG(s) 'medallion_pipeline' retrieved from /opt/airflow/dags/medallion_dag.py
[2026-09-27T19:12:23.538+0000] {logging_mixin.py:190} INFO - [2026-09-27T19:12:23.538+0000] {dag.py:3239} INFO - Sync 1 DAGs
[2026-09-27T19:12:23.565+0000] {logging_mixin.py:190} INFO - [2026-09-27T19:12:23.565+0000] {dag.py:4180} INFO - Setting next_dagrun for medallion_pipeline to 2026-09-27 00:00:00+00:00, run_after=2026-09-28 00:00:00+00:00
[2026-09-27T19:12:23.598+0000] {processor.py:208} INFO - Processing /opt/airflow/dags/medallion_dag.py took 0.908 seconds
[2026-09-27T19:12:54.138+0000] {processor.py:186} INFO - Started process (PID=5423) to work on /opt/airflow/dags/medallion_dag.py
[2026-09-27T19:12:54.140+0000] {processor.py:914} INFO - Processing file /opt/airflow/dags/medallion_dag.py for tasks to queue
[2026-09-27T19:12:54.145+0000] {logging_mixin.py:190} INFO - [2026-09-27T19:12:54.144+0000] {dagbag.py:588} INFO - Filling up the DagBag from /opt/airflow/dags/medallion_dag.py
[2026-09-27T19:12:55.008+0000] {processor.py:925} INFO - DAG(s) 'medallion_pipeline' retrieved from /opt/airflow/dags/medallion_dag.py
[2026-09-27T19:12:55.034+0000] {logging_mixin.py:190} INFO - [2026-09-27T19:12:55.034+0000] {dag.py:3239} INFO - Sync 1 DAGs
[2026-09-27T19:12:55.060+0000] {logging_mixin.py:190} INFO - [2026-09-27T19:12:55.059+0000] {dag.py:4180} INFO - Setting next_dagrun for medallion_pipeline to 2026-09-27 00:00:00+00:00, run_after=2026-09-28 00:00:00+00:00
[2026-09-27T19:12:55.084+0000] {processor.py:208} INFO - Processing /opt/airflow/dags/medallion_dag.py took 0.956 seconds
[2026-09-27T19:13:25.654+0000] {processor.py:186} INFO - Started process (PID=5428) to work on /opt/airflow/dags/medallion_dag.py
[2026-09-27T19:13:25.656+0000] {processor.py:914} INFO - Processing file /opt/airflow/dags/medallion_dag.py for tasks to queue
[2026-09-27T19:13:25.660+0000] {logging_mixin.py:190} INFO - [2026-09-27T19:13:25.659+0000] {dagbag.py:588} INFO - Filling up the DagBag from /opt/airflow/dags/medallion_dag.py
[2026-09-27T19:13:26.097+0000] {processor.py:925} INFO - DAG(s) 'medallion_pipeline' retrieved from /opt/airflow/dags/medallion_dag.py
[2026-09-27T19:13:26.121+0000] {logging_mixin.py:190} INFO - [2026-09-27T19:13:26.121+0000] {dag.py:3239} INFO - Sync 1 DAGs
[2026-09-27T19:13:26.146+0000] {logging_mixin.py:190} INFO - [2026-09-27T19:13:26.145+0000] {dag.py:4180} INFO - Setting next_dagrun for medallion_pipeline to 2026-09-27 00:00:00+00:00, run_after=2026-09-28 00:00:00+00:00
[2026-09-27T19:13:26.166+0000] {processor.py:208} INFO - Processing /opt/airflow/dags/medallion_dag.py took 0.521 seconds
[2026-09-27T19:13:56.608+0000] {processor.py:186} INFO - Started process (PID=5433) to work on /opt/airflow/dags/medallion_dag.py
[2026-09-27T19:13:56.618+0000] {processor.py:914} INFO - Processing file /opt/airflow/dags/medallion_dag.py for tasks to queue
[2026-09-27T19:13:56.626+0000] {logging_mixin.py:190} INFO - [2026-09-27T19:13:56.625+0000] {dagbag.py:588} INFO - Filling up the DagBag from /opt/airflow/dags/medallion_dag.py
[2026-09-27T19:13:57.069+0000] {processor.py:925} INFO - DAG(s) 'medallion_pipeline' retrieved from /opt/airflow/dags/medallion_dag.py
[2026-09-27T19:13:57.095+0000] {logging_mixin.py:190} INFO - [2026-09-27T19:13:57.094+0000] {dag.py:3239} INFO - Sync 1 DAGs
[2026-09-27T19:13:57.121+0000] {logging_mixin.py:190} INFO - [2026-09-27T19:13:57.121+0000] {dag.py:4180} INFO - Setting next_dagrun for medallion_pipeline to 2026-09-27 00:00:00+00:00, run_after=2026-09-28 00:00:00+00:00
[2026-09-27T19:13:57.143+0000] {processor.py:208} INFO - Processing /opt/airflow/dags/medallion_dag.py took 0.541 seconds
[2026-09-27T19:14:27.422+0000] {processor.py:186} INFO - Started process (PID=5438) to work on /opt/airflow/dags/medallion_dag.py
[2026-09-27T19:14:27.425+0000] {processor.py:914} INFO - Processing file /opt/airflow/dags/medallion_dag.py for tasks to queue
[2026-09-27T19:14:27.429+0000] {logging_mixin.py:190} INFO - [2026-09-27T19:14:27.429+0000] {dagbag.py:588} INFO - Filling up the DagBag from /opt/airflow/dags/medallion_dag.py
[2026-09-27T19:14:27.878+0000] {processor.py:925} INFO - DAG(s) 'medallion_pipeline' retrieved from /opt/airflow/dags/medallion_dag.py
[2026-09-27T19:14:27.906+0000] {logging_mixin.py:190} INFO - [2026-09-27T19:14:27.905+0000] {dag.py:3239} INFO - Sync 1 DAGs
[2026-09-27T19:14:27.929+0000] {logging_mixin.py:190} INFO - [2026-09-27T19:14:27.929+0000] {dag.py:4180} INFO - Setting next_dagrun for medallion_pipeline to 2026-09-27 00:00:00+00:00, run_after=2026-09-28 00:00:00+00:00
[2026-09-27T19:14:27.949+0000] {processor.py:208} INFO - Processing /opt/airflow/dags/medallion_dag.py took 0.539 seconds
[2026-09-27T19:14:58.305+0000] {processor.py:186} INFO - Started process (PID=5443) to work on /opt/airflow/dags/medallion_dag.py
[2026-09-27T19:14:58.307+0000] {processor.py:914} INFO - Processing file /opt/airflow/dags/medallion_dag.py for tasks to queue
[2026-09-27T19:14:58.310+0000] {logging_mixin.py:190} INFO - [2026-09-27T19:14:58.310+0000] {dagbag.py:588} INFO - Filling up the DagBag from /opt/airflow/dags/medallion_dag.py
[2026-09-27T19:14:58.708+0000] {processor.py:925} INFO - DAG(s) 'medallion_pipeline' retrieved from /opt/airflow/dags/medallion_dag.py
[2026-09-27T19:14:58.733+0000] {logging_mixin.py:190} INFO - [2026-09-27T19:14:58.733+0000] {dag.py:3239} INFO - Sync 1 DAGs
[2026-09-27T19:14:58.758+0000] {logging_mixin.py:190} INFO - [2026-09-27T19:14:58.757+0000] {dag.py:4180} INFO - Setting next_dagrun for medallion_pipeline to 2026-09-27 00:00:00+00:00, run_after=2026-09-28 00:00:00+00:00
[2026-09-27T19:14:58.781+0000] {processor.py:208} INFO - Processing /opt/airflow/dags/medallion_dag.py took 0.483 seconds
[2026-09-27T19:15:29.239+0000] {processor.py:186} INFO - Started process (PID=5448) to work on /opt/airflow/dags/medallion_dag.py
[2026-09-27T19:15:29.241+0000] {processor.py:914} INFO - Processing file /opt/airflow/dags/medallion_dag.py for tasks to queue
[2026-09-27T19:15:29.246+0000] {logging_mixin.py:190} INFO - [2026-09-27T19:15:29.246+0000] {dagbag.py:588} INFO - Filling up the DagBag from /opt/airflow/dags/medallion_dag.py
[2026-09-27T19:15:29.652+0000] {processor.py:925} INFO - DAG(s) 'medallion_pipeline' retrieved from /opt/airflow/dags/medallion_dag.py
[2026-09-27T19:15:29.676+0000] {logging_mixin.py:190} INFO - [2026-09-27T19:15:29.676+0000] {dag.py:3239} INFO - Sync 1 DAGs
[2026-09-27T19:15:29.701+0000] {logging_mixin.py:190} INFO - [2026-09-27T19:15:29.700+0000] {dag.py:4180} INFO - Setting next_dagrun for medallion_pipeline to 2026-09-27 00:00:00+00:00, run_after=2026-09-28 00:00:00+00:00
[2026-09-27T19:15:29.720+0000] {processor.py:208} INFO - Processing /opt/airflow/dags/medallion_dag.py took 0.490 seconds
[2026-09-27T19:16:00.211+0000] {processor.py:186} INFO - Started process (PID=5453) to work on /opt/airflow/dags/medallion_dag.py
[2026-09-27T19:16:00.215+0000] {processor.py:914} INFO - Processing file /opt/airflow/dags/medallion_dag.py for tasks to queue
[2026-09-27T19:16:00.222+0000] {logging_mixin.py:190} INFO - [2026-09-27T19:16:00.221+0000] {dagbag.py:588} INFO - Filling up the DagBag from /opt/airflow/dags/medallion_dag.py
[2026-09-27T19:16:00.675+0000] {processor.py:925} INFO - DAG(s) 'medallion_pipeline' retrieved from /opt/airflow/dags/medallion_dag.py
[2026-09-27T19:16:00.701+0000] {logging_mixin.py:190} INFO - [2026-09-27T19:16:00.701+0000] {dag.py:3239} INFO - Sync 1 DAGs
[2026-09-27T19:16:00.727+0000] {logging_mixin.py:190} INFO - [2026-09-27T19:16:00.727+0000] {dag.py:4180} INFO - Setting next_dagrun for medallion_pipeline to 2026-09-27 00:00:00+00:00, run_after=2026-09-28 00:00:00+00:00
[2026-09-27T19:16:00.748+0000] {processor.py:208} INFO - Processing /opt/airflow/dags/medallion_dag.py took 0.549 seconds
[2026-09-27T19:16:31.161+0000] {processor.py:186} INFO - Started process (PID=5458) to work on /opt/airflow/dags/medallion_dag.py
[2026-09-27T19:16:31.163+0000] {processor.py:914} INFO - Processing file /opt/airflow/dags/medallion_dag.py for tasks to queue
[2026-09-27T19:16:31.166+0000] {logging_mixin.py:190} INFO - [2026-09-27T19:16:31.166+0000] {dagbag.py:588} INFO - Filling up the DagBag from /opt/airflow/dags/medallion_dag.py
[2026-09-27T19:16:31.572+0000] {processor.py:925} INFO - DAG(s) 'medallion_pipeline' retrieved from /opt/airflow/dags/medallion_dag.py
[2026-09-27T19:16:31.597+0000] {logging_mixin.py:190} INFO - [2026-09-27T19:16:31.596+0000] {dag.py:3239} INFO - Sync 1 DAGs
[2026-09-27T19:16:31.622+0000] {logging_mixin.py:190} INFO - [2026-09-27T19:16:31.621+0000] {dag.py:4180} INFO - Setting next_dagrun for medallion_pipeline to 2026-09-27 00:00:00+00:00, run_after=2026-09-28 00:00:00+00:00
[2026-09-27T19:16:31.642+0000] {processor.py:208} INFO - Processing /opt/airflow/dags/medallion_dag.py took 0.488 seconds
[2026-09-27T19:17:02.025+0000] {processor.py:186} INFO - Started process (PID=5463) to work on /opt/airflow/dags/medallion_dag.py
[2026-09-27T19:17:02.029+0000] {processor.py:914} INFO - Processing file /opt/airflow/dags/medallion_dag.py for tasks to queue
[2026-09-27T19:17:02.035+0000] {logging_mixin.py:190} INFO - [2026-09-27T19:17:02.034+0000] {dagbag.py:588} INFO - Filling up the DagBag from /opt/airflow/dags/medallion_dag.py
[2026-09-27T19:17:02.515+0000] {processor.py:925} INFO - DAG(s) 'medallion_pipeline' retrieved from /opt/airflow/dags/medallion_dag.py
[2026-09-27T19:17:02.541+0000] {logging_mixin.py:190} INFO - [2026-09-27T19:17:02.541+0000] {dag.py:3239} INFO - Sync 1 DAGs
[2026-09-27T19:17:02.564+0000] {logging_mixin.py:190} INFO - [2026-09-27T19:17:02.563+0000] {dag.py:4180} INFO - Setting next_dagrun for medallion_pipeline to 2026-09-27 00:00:00+00:00, run_after=2026-09-28 00:00:00+00:00
[2026-09-27T19:17:02.585+0000] {processor.py:208} INFO - Processing /opt/airflow/dags/medallion_dag.py took 0.571 seconds
[2026-09-27T19:17:33.095+0000] {processor.py:186} INFO - Started process (PID=5468) to work on /opt/airflow/dags/medallion_dag.py
[2026-09-27T19:17:33.099+0000] {processor.py:914} INFO - Processing file /opt/airflow/dags/medallion_dag.py for tasks to queue
[2026-09-27T19:17:33.106+0000] {logging_mixin.py:190} INFO - [2026-09-27T19:17:33.106+0000] {dagbag.py:588} INFO - Filling up the DagBag from /opt/airflow/dags/medallion_dag.py
[2026-09-27T19:17:33.616+0000] {processor.py:925} INFO - DAG(s) 'medallion_pipeline' retrieved from /opt/airflow/dags/medallion_dag.py
[2026-09-27T19:17:33.640+0000] {logging_mixin.py:190} INFO - [2026-09-27T19:17:33.640+0000] {dag.py:3239} INFO - Sync 1 DAGs
[2026-09-27T19:17:33.663+0000] {logging_mixin.py:190} INFO - [2026-09-27T19:17:33.663+0000] {dag.py:4180} INFO - Setting next_dagrun for medallion_pipeline to 2026-09-27 00:00:00+00:00, run_after=2026-09-28 00:00:00+00:00
[2026-09-27T19:17:33.683+0000] {processor.py:208} INFO - Processing /opt/airflow/dags/medallion_dag.py took 0.599 seconds
[2026-09-27T19:18:03.816+0000] {processor.py:186} INFO - Started process (PID=5473) to work on /opt/airflow/dags/medallion_dag.py
[2026-09-27T19:18:03.819+0000] {processor.py:914} INFO - Processing file /opt/airflow/dags/medallion_dag.py for tasks to queue
[2026-09-27T19:18:03.823+0000] {logging_mixin.py:190} INFO - [2026-09-27T19:18:03.822+0000] {dagbag.py:588} INFO - Filling up the DagBag from /opt/airflow/dags/medallion_dag.py
[2026-09-27T19:18:04.260+0000] {processor.py:925} INFO - DAG(s) 'medallion_pipeline' retrieved from /opt/airflow/dags/medallion_dag.py
[2026-09-27T19:18:04.284+0000] {logging_mixin.py:190} INFO - [2026-09-27T19:18:04.284+0000] {dag.py:3239} INFO - Sync 1 DAGs
[2026-09-27T19:18:04.307+0000] {logging_mixin.py:190} INFO - [2026-09-27T19:18:04.306+0000] {dag.py:4180} INFO - Setting next_dagrun for medallion_pipeline to 2026-09-27 00:00:00+00:00, run_after=2026-09-28 00:00:00+00:00
[2026-09-27T19:18:04.334+0000] {processor.py:208} INFO - Processing /opt/airflow/dags/medallion_dag.py took 0.526 seconds
[2026-09-27T19:18:34.517+0000] {processor.py:186} INFO - Started process (PID=5478) to work on /opt/airflow/dags/medallion_dag.py
[2026-09-27T19:18:34.520+0000] {processor.py:914} INFO - Processing file /opt/airflow/dags/medallion_dag.py for tasks to queue
[2026-09-27T19:18:34.526+0000] {logging_mixin.py:190} INFO - [2026-09-27T19:18:34.525+0000] {dagbag.py:588} INFO - Filling up the DagBag from /opt/airflow/dags/medallion_dag.py
[2026-09-27T19:18:35.211+0000] {processor.py:925} INFO - DAG(s) 'medallion_pipeline' retrieved from /opt/airflow/dags/medallion_dag.py
[2026-09-27T19:18:35.243+0000] {logging_mixin.py:190} INFO - [2026-09-27T19:18:35.242+0000] {dag.py:3239} INFO - Sync 1 DAGs
[2026-09-27T19:18:35.268+0000] {logging_mixin.py:190} INFO - [2026-09-27T19:18:35.268+0000] {dag.py:4180} INFO - Setting next_dagrun for medallion_pipeline to 2026-09-27 00:00:00+00:00, run_after=2026-09-28 00:00:00+00:00
[2026-09-27T19:18:35.289+0000] {processor.py:208} INFO - Processing /opt/airflow/dags/medallion_dag.py took 0.780 seconds
[2026-09-27T19:19:05.743+0000] {processor.py:186} INFO - Started process (PID=5483) to work on /opt/airflow/dags/medallion_dag.py
[2026-09-27T19:19:05.746+0000] {processor.py:914} INFO - Processing file /opt/airflow/dags/medallion_dag.py for tasks to queue
[2026-09-27T19:19:05.750+0000] {logging_mixin.py:190} INFO - [2026-09-27T19:19:05.750+0000] {dagbag.py:588} INFO - Filling up the DagBag from /opt/airflow/dags/medallion_dag.py
[2026-09-27T19:19:06.248+0000] {processor.py:925} INFO - DAG(s) 'medallion_pipeline' retrieved from /opt/airflow/dags/medallion_dag.py
[2026-09-27T19:19:06.271+0000] {logging_mixin.py:190} INFO - [2026-09-27T19:19:06.271+0000] {dag.py:3239} INFO - Sync 1 DAGs
[2026-09-27T19:19:06.297+0000] {logging_mixin.py:190} INFO - [2026-09-27T19:19:06.297+0000] {dag.py:4180} INFO - Setting next_dagrun for medallion_pipeline to 2026-09-27 00:00:00+00:00, run_after=2026-09-28 00:00:00+00:00
[2026-09-27T19:19:06.317+0000] {processor.py:208} INFO - Processing /opt/airflow/dags/medallion_dag.py took 0.582 seconds
[2026-09-27T19:19:36.419+0000] {processor.py:186} INFO - Started process (PID=5488) to work on /opt/airflow/dags/medallion_dag.py
[2026-09-27T19:19:36.421+0000] {processor.py:914} INFO - Processing file /opt/airflow/dags/medallion_dag.py for tasks to queue
[2026-09-27T19:19:36.425+0000] {logging_mixin.py:190} INFO - [2026-09-27T19:19:36.425+0000] {dagbag.py:588} INFO - Filling up the DagBag from /opt/airflow/dags/medallion_dag.py
[2026-09-27T19:19:36.855+0000] {processor.py:925} INFO - DAG(s) 'medallion_pipeline' retrieved from /opt/airflow/dags/medallion_dag.py
[2026-09-27T19:19:36.879+0000] {logging_mixin.py:190} INFO - [2026-09-27T19:19:36.879+0000] {dag.py:3239} INFO - Sync 1 DAGs
[2026-09-27T19:19:36.905+0000] {logging_mixin.py:190} INFO - [2026-09-27T19:19:36.904+0000] {dag.py:4180} INFO - Setting next_dagrun for medallion_pipeline to 2026-09-27 00:00:00+00:00, run_after=2026-09-28 00:00:00+00:00
[2026-09-27T19:19:36.924+0000] {processor.py:208} INFO - Processing /opt/airflow/dags/medallion_dag.py took 0.513 seconds
[2026-09-27T19:20:07.079+0000] {processor.py:186} INFO - Started process (PID=5493) to work on /opt/airflow/dags/medallion_dag.py
[2026-09-27T19:20:07.081+0000] {processor.py:914} INFO - Processing file /opt/airflow/dags/medallion_dag.py for tasks to queue
[2026-09-27T19:20:07.087+0000] {logging_mixin.py:190} INFO - [2026-09-27T19:20:07.086+0000] {dagbag.py:588} INFO - Filling up the DagBag from /opt/airflow/dags/medallion_dag.py
[2026-09-27T19:20:07.703+0000] {processor.py:925} INFO - DAG(s) 'medallion_pipeline' retrieved from /opt/airflow/dags/medallion_dag.py
[2026-09-27T19:20:07.731+0000] {logging_mixin.py:190} INFO - [2026-09-27T19:20:07.731+0000] {dag.py:3239} INFO - Sync 1 DAGs
[2026-09-27T19:20:07.755+0000] {logging_mixin.py:190} INFO - [2026-09-27T19:20:07.754+0000] {dag.py:4180} INFO - Setting next_dagrun for medallion_pipeline to 2026-09-27 00:00:00+00:00, run_after=2026-09-28 00:00:00+00:00
[2026-09-27T19:20:07.783+0000] {processor.py:208} INFO - Processing /opt/airflow/dags/medallion_dag.py took 0.713 seconds
[2026-09-27T19:20:38.188+0000] {processor.py:186} INFO - Started process (PID=5498) to work on /opt/airflow/dags/medallion_dag.py
[2026-09-27T19:20:38.190+0000] {processor.py:914} INFO - Processing file /opt/airflow/dags/medallion_dag.py for tasks to queue
[2026-09-27T19:20:38.194+0000] {logging_mixin.py:190} INFO - [2026-09-27T19:20:38.193+0000] {dagbag.py:588} INFO - Filling up the DagBag from /opt/airflow/dags/medallion_dag.py
[2026-09-27T19:20:38.613+0000] {processor.py:925} INFO - DAG(s) 'medallion_pipeline' retrieved from /opt/airflow/dags/medallion_dag.py
[2026-09-27T19:20:38.637+0000] {logging_mixin.py:190} INFO - [2026-09-27T19:20:38.637+0000] {dag.py:3239} INFO - Sync 1 DAGs
[2026-09-27T19:20:38.660+0000] {logging_mixin.py:190} INFO - [2026-09-27T19:20:38.660+0000] {dag.py:4180} INFO - Setting next_dagrun for medallion_pipeline to 2026-09-27 00:00:00+00:00, run_after=2026-09-28 00:00:00+00:00
[2026-09-27T19:20:38.682+0000] {processor.py:208} INFO - Processing /opt/airflow/dags/medallion_dag.py took 0.502 seconds
[2026-09-27T19:21:09.222+0000] {processor.py:186} INFO - Started process (PID=5503) to work on /opt/airflow/dags/medallion_dag.py
[2026-09-27T19:21:09.227+0000] {processor.py:914} INFO - Processing file /opt/airflow/dags/medallion_dag.py for tasks to queue
[2026-09-27T19:21:09.233+0000] {logging_mixin.py:190} INFO - [2026-09-27T19:21:09.233+0000] {dagbag.py:588} INFO - Filling up the DagBag from /opt/airflow/dags/medallion_dag.py
[2026-09-27T19:21:10.693+0000] {processor.py:925} INFO - DAG(s) 'medallion_pipeline' retrieved from /opt/airflow/dags/medallion_dag.py
[2026-09-27T19:21:10.771+0000] {logging_mixin.py:190} INFO - [2026-09-27T19:21:10.770+0000] {dag.py:3239} INFO - Sync 1 DAGs
[2026-09-27T19:21:10.844+0000] {logging_mixin.py:190} INFO - [2026-09-27T19:21:10.843+0000] {dag.py:4180} INFO - Setting next_dagrun for medallion_pipeline to 2026-09-27 00:00:00+00:00, run_after=2026-09-28 00:00:00+00:00
[2026-09-27T19:21:10.893+0000] {processor.py:208} INFO - Processing /opt/airflow/dags/medallion_dag.py took 1.688 seconds
[2026-09-27T19:21:41.404+0000] {processor.py:186} INFO - Started process (PID=5508) to work on /opt/airflow/dags/medallion_dag.py
[2026-09-27T19:21:41.407+0000] {processor.py:914} INFO - Processing file /opt/airflow/dags/medallion_dag.py for tasks to queue
[2026-09-27T19:21:41.411+0000] {logging_mixin.py:190} INFO - [2026-09-27T19:21:41.411+0000] {dagbag.py:588} INFO - Filling up the DagBag from /opt/airflow/dags/medallion_dag.py
[2026-09-27T19:21:41.990+0000] {processor.py:925} INFO - DAG(s) 'medallion_pipeline' retrieved from /opt/airflow/dags/medallion_dag.py
[2026-09-27T19:21:42.025+0000] {logging_mixin.py:190} INFO - [2026-09-27T19:21:42.024+0000] {dag.py:3239} INFO - Sync 1 DAGs
[2026-09-27T19:21:42.057+0000] {logging_mixin.py:190} INFO - [2026-09-27T19:21:42.057+0000] {dag.py:4180} INFO - Setting next_dagrun for medallion_pipeline to 2026-09-27 00:00:00+00:00, run_after=2026-09-28 00:00:00+00:00
[2026-09-27T19:21:42.089+0000] {processor.py:208} INFO - Processing /opt/airflow/dags/medallion_dag.py took 0.694 seconds
[2026-09-27T19:22:12.500+0000] {processor.py:186} INFO - Started process (PID=5513) to work on /opt/airflow/dags/medallion_dag.py
[2026-09-27T19:22:12.502+0000] {processor.py:914} INFO - Processing file /opt/airflow/dags/medallion_dag.py for tasks to queue
[2026-09-27T19:22:12.506+0000] {logging_mixin.py:190} INFO - [2026-09-27T19:22:12.506+0000] {dagbag.py:588} INFO - Filling up the DagBag from /opt/airflow/dags/medallion_dag.py
[2026-09-27T19:22:13.098+0000] {processor.py:925} INFO - DAG(s) 'medallion_pipeline' retrieved from /opt/airflow/dags/medallion_dag.py
[2026-09-27T19:22:13.129+0000] {logging_mixin.py:190} INFO - [2026-09-27T19:22:13.129+0000] {dag.py:3239} INFO - Sync 1 DAGs
[2026-09-27T19:22:13.161+0000] {logging_mixin.py:190} INFO - [2026-09-27T19:22:13.161+0000] {dag.py:4180} INFO - Setting next_dagrun for medallion_pipeline to 2026-09-27 00:00:00+00:00, run_after=2026-09-28 00:00:00+00:00
[2026-09-27T19:22:13.185+0000] {processor.py:208} INFO - Processing /opt/airflow/dags/medallion_dag.py took 0.696 seconds
[2026-09-27T19:22:43.342+0000] {processor.py:186} INFO - Started process (PID=5518) to work on /opt/airflow/dags/medallion_dag.py
[2026-09-27T19:22:43.344+0000] {processor.py:914} INFO - Processing file /opt/airflow/dags/medallion_dag.py for tasks to queue
[2026-09-27T19:22:43.349+0000] {logging_mixin.py:190} INFO - [2026-09-27T19:22:43.348+0000] {dagbag.py:588} INFO - Filling up the DagBag from /opt/airflow/dags/medallion_dag.py
[2026-09-27T19:22:43.938+0000] {processor.py:925} INFO - DAG(s) 'medallion_pipeline' retrieved from /opt/airflow/dags/medallion_dag.py
[2026-09-27T19:22:43.972+0000] {logging_mixin.py:190} INFO - [2026-09-27T19:22:43.971+0000] {dag.py:3239} INFO - Sync 1 DAGs
[2026-09-27T19:22:43.999+0000] {logging_mixin.py:190} INFO - [2026-09-27T19:22:43.999+0000] {dag.py:4180} INFO - Setting next_dagrun for medallion_pipeline to 2026-09-27 00:00:00+00:00, run_after=2026-09-28 00:00:00+00:00
[2026-09-27T19:22:44.025+0000] {processor.py:208} INFO - Processing /opt/airflow/dags/medallion_dag.py took 0.691 seconds
[2026-09-27T19:23:14.501+0000] {processor.py:186} INFO - Started process (PID=5523) to work on /opt/airflow/dags/medallion_dag.py
[2026-09-27T19:23:14.503+0000] {processor.py:914} INFO - Processing file /opt/airflow/dags/medallion_dag.py for tasks to queue
[2026-09-27T19:23:14.510+0000] {logging_mixin.py:190} INFO - [2026-09-27T19:23:14.509+0000] {dagbag.py:588} INFO - Filling up the DagBag from /opt/airflow/dags/medallion_dag.py
[2026-09-27T19:23:15.189+0000] {processor.py:925} INFO - DAG(s) 'medallion_pipeline' retrieved from /opt/airflow/dags/medallion_dag.py
[2026-09-27T19:23:15.231+0000] {logging_mixin.py:190} INFO - [2026-09-27T19:23:15.230+0000] {dag.py:3239} INFO - Sync 1 DAGs
[2026-09-27T19:23:15.274+0000] {logging_mixin.py:190} INFO - [2026-09-27T19:23:15.274+0000] {dag.py:4180} INFO - Setting next_dagrun for medallion_pipeline to 2026-09-27 00:00:00+00:00, run_after=2026-09-28 00:00:00+00:00
[2026-09-27T19:23:15.311+0000] {processor.py:208} INFO - Processing /opt/airflow/dags/medallion_dag.py took 0.824 seconds
[2026-09-27T19:23:45.749+0000] {processor.py:186} INFO - Started process (PID=5528) to work on /opt/airflow/dags/medallion_dag.py
[2026-09-27T19:23:45.752+0000] {processor.py:914} INFO - Processing file /opt/airflow/dags/medallion_dag.py for tasks to queue
[2026-09-27T19:23:45.758+0000] {logging_mixin.py:190} INFO - [2026-09-27T19:23:45.757+0000] {dagbag.py:588} INFO - Filling up the DagBag from /opt/airflow/dags/medallion_dag.py
[2026-09-27T19:23:46.316+0000] {processor.py:925} INFO - DAG(s) 'medallion_pipeline' retrieved from /opt/airflow/dags/medallion_dag.py
[2026-09-27T19:23:46.348+0000] {logging_mixin.py:190} INFO - [2026-09-27T19:23:46.348+0000] {dag.py:3239} INFO - Sync 1 DAGs
[2026-09-27T19:23:46.376+0000] {logging_mixin.py:190} INFO - [2026-09-27T19:23:46.376+0000] {dag.py:4180} INFO - Setting next_dagrun for medallion_pipeline to 2026-09-27 00:00:00+00:00, run_after=2026-09-28 00:00:00+00:00
[2026-09-27T19:23:46.406+0000] {processor.py:208} INFO - Processing /opt/airflow/dags/medallion_dag.py took 0.667 seconds
[2026-09-27T19:24:16.582+0000] {processor.py:186} INFO - Started process (PID=5533) to work on /opt/airflow/dags/medallion_dag.py
[2026-09-27T19:24:16.584+0000] {processor.py:914} INFO - Processing file /opt/airflow/dags/medallion_dag.py for tasks to queue
[2026-09-27T19:24:16.588+0000] {logging_mixin.py:190} INFO - [2026-09-27T19:24:16.588+0000] {dagbag.py:588} INFO - Filling up the DagBag from /opt/airflow/dags/medallion_dag.py
[2026-09-27T19:24:17.091+0000] {processor.py:925} INFO - DAG(s) 'medallion_pipeline' retrieved from /opt/airflow/dags/medallion_dag.py
[2026-09-27T19:24:17.125+0000] {logging_mixin.py:190} INFO - [2026-09-27T19:24:17.125+0000] {dag.py:3239} INFO - Sync 1 DAGs
[2026-09-27T19:24:17.163+0000] {logging_mixin.py:190} INFO - [2026-09-27T19:24:17.163+0000] {dag.py:4180} INFO - Setting next_dagrun for medallion_pipeline to 2026-09-27 00:00:00+00:00, run_after=2026-09-28 00:00:00+00:00
[2026-09-27T19:24:17.196+0000] {processor.py:208} INFO - Processing /opt/airflow/dags/medallion_dag.py took 0.622 seconds
[2026-09-27T19:24:47.568+0000] {processor.py:186} INFO - Started process (PID=5538) to work on /opt/airflow/dags/medallion_dag.py
[2026-09-27T19:24:47.571+0000] {processor.py:914} INFO - Processing file /opt/airflow/dags/medallion_dag.py for tasks to queue
[2026-09-27T19:24:47.575+0000] {logging_mixin.py:190} INFO - [2026-09-27T19:24:47.574+0000] {dagbag.py:588} INFO - Filling up the DagBag from /opt/airflow/dags/medallion_dag.py
[2026-09-27T19:24:48.107+0000] {processor.py:925} INFO - DAG(s) 'medallion_pipeline' retrieved from /opt/airflow/dags/medallion_dag.py
[2026-09-27T19:24:48.137+0000] {logging_mixin.py:190} INFO - [2026-09-27T19:24:48.137+0000] {dag.py:3239} INFO - Sync 1 DAGs
[2026-09-27T19:24:48.167+0000] {logging_mixin.py:190} INFO - [2026-09-27T19:24:48.167+0000] {dag.py:4180} INFO - Setting next_dagrun for medallion_pipeline to 2026-09-27 00:00:00+00:00, run_after=2026-09-28 00:00:00+00:00
[2026-09-27T19:24:48.197+0000] {processor.py:208} INFO - Processing /opt/airflow/dags/medallion_dag.py took 0.637 seconds
[2026-09-27T19:25:18.402+0000] {processor.py:186} INFO - Started process (PID=5543) to work on /opt/airflow/dags/medallion_dag.py
[2026-09-27T19:25:18.405+0000] {processor.py:914} INFO - Processing file /opt/airflow/dags/medallion_dag.py for tasks to queue
[2026-09-27T19:25:18.409+0000] {logging_mixin.py:190} INFO - [2026-09-27T19:25:18.408+0000] {dagbag.py:588} INFO - Filling up the DagBag from /opt/airflow/dags/medallion_dag.py
[2026-09-27T19:25:18.942+0000] {processor.py:925} INFO - DAG(s) 'medallion_pipeline' retrieved from /opt/airflow/dags/medallion_dag.py
[2026-09-27T19:25:18.973+0000] {logging_mixin.py:190} INFO - [2026-09-27T19:25:18.972+0000] {dag.py:3239} INFO - Sync 1 DAGs
[2026-09-27T19:25:19.003+0000] {logging_mixin.py:190} INFO - [2026-09-27T19:25:19.002+0000] {dag.py:4180} INFO - Setting next_dagrun for medallion_pipeline to 2026-09-27 00:00:00+00:00, run_after=2026-09-28 00:00:00+00:00
[2026-09-27T19:25:19.027+0000] {processor.py:208} INFO - Processing /opt/airflow/dags/medallion_dag.py took 0.632 seconds
[2026-09-27T19:25:49.425+0000] {processor.py:186} INFO - Started process (PID=5548) to work on /opt/airflow/dags/medallion_dag.py
[2026-09-27T19:25:49.427+0000] {processor.py:914} INFO - Processing file /opt/airflow/dags/medallion_dag.py for tasks to queue
[2026-09-27T19:25:49.431+0000] {logging_mixin.py:190} INFO - [2026-09-27T19:25:49.431+0000] {dagbag.py:588} INFO - Filling up the DagBag from /opt/airflow/dags/medallion_dag.py
[2026-09-27T19:25:49.971+0000] {processor.py:925} INFO - DAG(s) 'medallion_pipeline' retrieved from /opt/airflow/dags/medallion_dag.py
[2026-09-27T19:25:50.003+0000] {logging_mixin.py:190} INFO - [2026-09-27T19:25:50.003+0000] {dag.py:3239} INFO - Sync 1 DAGs
[2026-09-27T19:25:50.032+0000] {logging_mixin.py:190} INFO - [2026-09-27T19:25:50.031+0000] {dag.py:4180} INFO - Setting next_dagrun for medallion_pipeline to 2026-09-27 00:00:00+00:00, run_after=2026-09-28 00:00:00+00:00
[2026-09-27T19:25:50.064+0000] {processor.py:208} INFO - Processing /opt/airflow/dags/medallion_dag.py took 0.650 seconds
[2026-09-27T19:26:20.260+0000] {processor.py:186} INFO - Started process (PID=5553) to work on /opt/airflow/dags/medallion_dag.py
[2026-09-27T19:26:20.263+0000] {processor.py:914} INFO - Processing file /opt/airflow/dags/medallion_dag.py for tasks to queue
[2026-09-27T19:26:20.272+0000] {logging_mixin.py:190} INFO - [2026-09-27T19:26:20.271+0000] {dagbag.py:588} INFO - Filling up the DagBag from /opt/airflow/dags/medallion_dag.py
[2026-09-27T19:26:21.420+0000] {processor.py:925} INFO - DAG(s) 'medallion_pipeline' retrieved from /opt/airflow/dags/medallion_dag.py
[2026-09-27T19:26:21.472+0000] {logging_mixin.py:190} INFO - [2026-09-27T19:26:21.471+0000] {dag.py:3239} INFO - Sync 1 DAGs
[2026-09-27T19:26:21.508+0000] {logging_mixin.py:190} INFO - [2026-09-27T19:26:21.508+0000] {dag.py:4180} INFO - Setting next_dagrun for medallion_pipeline to 2026-09-27 00:00:00+00:00, run_after=2026-09-28 00:00:00+00:00
[2026-09-27T19:26:21.551+0000] {processor.py:208} INFO - Processing /opt/airflow/dags/medallion_dag.py took 1.306 seconds
[2026-09-27T19:26:51.817+0000] {processor.py:186} INFO - Started process (PID=5558) to work on /opt/airflow/dags/medallion_dag.py
[2026-09-27T19:26:51.819+0000] {processor.py:914} INFO - Processing file /opt/airflow/dags/medallion_dag.py for tasks to queue
[2026-09-27T19:26:51.827+0000] {logging_mixin.py:190} INFO - [2026-09-27T19:26:51.826+0000] {dagbag.py:588} INFO - Filling up the DagBag from /opt/airflow/dags/medallion_dag.py
[2026-09-27T19:26:52.369+0000] {processor.py:925} INFO - DAG(s) 'medallion_pipeline' retrieved from /opt/airflow/dags/medallion_dag.py
[2026-09-27T19:26:52.400+0000] {logging_mixin.py:190} INFO - [2026-09-27T19:26:52.399+0000] {dag.py:3239} INFO - Sync 1 DAGs
[2026-09-27T19:26:52.430+0000] {logging_mixin.py:190} INFO - [2026-09-27T19:26:52.430+0000] {dag.py:4180} INFO - Setting next_dagrun for medallion_pipeline to 2026-09-27 00:00:00+00:00, run_after=2026-09-28 00:00:00+00:00
[2026-09-27T19:26:52.458+0000] {processor.py:208} INFO - Processing /opt/airflow/dags/medallion_dag.py took 0.650 seconds
[2026-09-27T19:27:22.828+0000] {processor.py:186} INFO - Started process (PID=5563) to work on /opt/airflow/dags/medallion_dag.py
[2026-09-27T19:27:22.831+0000] {processor.py:914} INFO - Processing file /opt/airflow/dags/medallion_dag.py for tasks to queue
[2026-09-27T19:27:22.840+0000] {logging_mixin.py:190} INFO - [2026-09-27T19:27:22.839+0000] {dagbag.py:588} INFO - Filling up the DagBag from /opt/airflow/dags/medallion_dag.py
[2026-09-27T19:27:23.507+0000] {processor.py:925} INFO - DAG(s) 'medallion_pipeline' retrieved from /opt/airflow/dags/medallion_dag.py
[2026-09-27T19:27:23.548+0000] {logging_mixin.py:190} INFO - [2026-09-27T19:27:23.547+0000] {dag.py:3239} INFO - Sync 1 DAGs
[2026-09-27T19:27:23.588+0000] {logging_mixin.py:190} INFO - [2026-09-27T19:27:23.588+0000] {dag.py:4180} INFO - Setting next_dagrun for medallion_pipeline to 2026-09-27 00:00:00+00:00, run_after=2026-09-28 00:00:00+00:00
[2026-09-27T19:27:23.624+0000] {processor.py:208} INFO - Processing /opt/airflow/dags/medallion_dag.py took 0.813 seconds
[2026-09-27T19:27:54.070+0000] {processor.py:186} INFO - Started process (PID=5568) to work on /opt/airflow/dags/medallion_dag.py
[2026-09-27T19:27:54.073+0000] {processor.py:914} INFO - Processing file /opt/airflow/dags/medallion_dag.py for tasks to queue
[2026-09-27T19:27:54.079+0000] {logging_mixin.py:190} INFO - [2026-09-27T19:27:54.078+0000] {dagbag.py:588} INFO - Filling up the DagBag from /opt/airflow/dags/medallion_dag.py
[2026-09-27T19:27:54.607+0000] {processor.py:925} INFO - DAG(s) 'medallion_pipeline' retrieved from /opt/airflow/dags/medallion_dag.py
[2026-09-27T19:27:54.634+0000] {logging_mixin.py:190} INFO - [2026-09-27T19:27:54.634+0000] {dag.py:3239} INFO - Sync 1 DAGs
[2026-09-27T19:27:54.662+0000] {logging_mixin.py:190} INFO - [2026-09-27T19:27:54.662+0000] {dag.py:4180} INFO - Setting next_dagrun for medallion_pipeline to 2026-09-27 00:00:00+00:00, run_after=2026-09-28 00:00:00+00:00
[2026-09-27T19:27:54.685+0000] {processor.py:208} INFO - Processing /opt/airflow/dags/medallion_dag.py took 0.628 seconds
[2026-09-27T19:28:24.989+0000] {processor.py:186} INFO - Started process (PID=5573) to work on /opt/airflow/dags/medallion_dag.py
[2026-09-27T19:28:24.992+0000] {processor.py:914} INFO - Processing file /opt/airflow/dags/medallion_dag.py for tasks to queue
[2026-09-27T19:28:24.996+0000] {logging_mixin.py:190} INFO - [2026-09-27T19:28:24.996+0000] {dagbag.py:588} INFO - Filling up the DagBag from /opt/airflow/dags/medallion_dag.py
[2026-09-27T19:28:25.533+0000] {processor.py:925} INFO - DAG(s) 'medallion_pipeline' retrieved from /opt/airflow/dags/medallion_dag.py
[2026-09-27T19:28:25.564+0000] {logging_mixin.py:190} INFO - [2026-09-27T19:28:25.563+0000] {dag.py:3239} INFO - Sync 1 DAGs
[2026-09-27T19:28:25.594+0000] {logging_mixin.py:190} INFO - [2026-09-27T19:28:25.593+0000] {dag.py:4180} INFO - Setting next_dagrun for medallion_pipeline to 2026-09-27 00:00:00+00:00, run_after=2026-09-28 00:00:00+00:00
[2026-09-27T19:28:25.618+0000] {processor.py:208} INFO - Processing /opt/airflow/dags/medallion_dag.py took 0.640 seconds
[2026-09-27T19:28:56.071+0000] {processor.py:186} INFO - Started process (PID=5578) to work on /opt/airflow/dags/medallion_dag.py
[2026-09-27T19:28:56.073+0000] {processor.py:914} INFO - Processing file /opt/airflow/dags/medallion_dag.py for tasks to queue
[2026-09-27T19:28:56.079+0000] {logging_mixin.py:190} INFO - [2026-09-27T19:28:56.078+0000] {dagbag.py:588} INFO - Filling up the DagBag from /opt/airflow/dags/medallion_dag.py
[2026-09-27T19:28:56.678+0000] {processor.py:925} INFO - DAG(s) 'medallion_pipeline' retrieved from /opt/airflow/dags/medallion_dag.py
[2026-09-27T19:28:56.710+0000] {logging_mixin.py:190} INFO - [2026-09-27T19:28:56.710+0000] {dag.py:3239} INFO - Sync 1 DAGs
[2026-09-27T19:28:56.741+0000] {logging_mixin.py:190} INFO - [2026-09-27T19:28:56.740+0000] {dag.py:4180} INFO - Setting next_dagrun for medallion_pipeline to 2026-09-27 00:00:00+00:00, run_after=2026-09-28 00:00:00+00:00
[2026-09-27T19:28:56.771+0000] {processor.py:208} INFO - Processing /opt/airflow/dags/medallion_dag.py took 0.711 seconds
[2026-09-27T19:29:26.863+0000] {processor.py:186} INFO - Started process (PID=5583) to work on /opt/airflow/dags/medallion_dag.py
[2026-09-27T19:29:26.865+0000] {processor.py:914} INFO - Processing file /opt/airflow/dags/medallion_dag.py for tasks to queue
[2026-09-27T19:29:26.888+0000] {logging_mixin.py:190} INFO - [2026-09-27T19:29:26.887+0000] {dagbag.py:588} INFO - Filling up the DagBag from /opt/airflow/dags/medallion_dag.py
[2026-09-27T19:29:28.003+0000] {processor.py:925} INFO - DAG(s) 'medallion_pipeline' retrieved from /opt/airflow/dags/medallion_dag.py
[2026-09-27T19:29:28.050+0000] {logging_mixin.py:190} INFO - [2026-09-27T19:29:28.049+0000] {dag.py:3239} INFO - Sync 1 DAGs
[2026-09-27T19:29:28.083+0000] {logging_mixin.py:190} INFO - [2026-09-27T19:29:28.083+0000] {dag.py:4180} INFO - Setting next_dagrun for medallion_pipeline to 2026-09-27 00:00:00+00:00, run_after=2026-09-28 00:00:00+00:00
[2026-09-27T19:29:28.122+0000] {processor.py:208} INFO - Processing /opt/airflow/dags/medallion_dag.py took 1.272 seconds
[2026-09-27T19:29:58.719+0000] {processor.py:186} INFO - Started process (PID=5588) to work on /opt/airflow/dags/medallion_dag.py
[2026-09-27T19:29:58.723+0000] {processor.py:914} INFO - Processing file /opt/airflow/dags/medallion_dag.py for tasks to queue
[2026-09-27T19:29:58.730+0000] {logging_mixin.py:190} INFO - [2026-09-27T19:29:58.729+0000] {dagbag.py:588} INFO - Filling up the DagBag from /opt/airflow/dags/medallion_dag.py
[2026-09-27T19:29:59.683+0000] {processor.py:925} INFO - DAG(s) 'medallion_pipeline' retrieved from /opt/airflow/dags/medallion_dag.py
[2026-09-27T19:29:59.722+0000] {logging_mixin.py:190} INFO - [2026-09-27T19:29:59.722+0000] {dag.py:3239} INFO - Sync 1 DAGs
[2026-09-27T19:29:59.755+0000] {logging_mixin.py:190} INFO - [2026-09-27T19:29:59.755+0000] {dag.py:4180} INFO - Setting next_dagrun for medallion_pipeline to 2026-09-27 00:00:00+00:00, run_after=2026-09-28 00:00:00+00:00
[2026-09-27T19:29:59.787+0000] {processor.py:208} INFO - Processing /opt/airflow/dags/medallion_dag.py took 1.079 seconds
[2026-09-27T19:30:30.285+0000] {processor.py:186} INFO - Started process (PID=5593) to work on /opt/airflow/dags/medallion_dag.py
[2026-09-27T19:30:30.288+0000] {processor.py:914} INFO - Processing file /opt/airflow/dags/medallion_dag.py for tasks to queue
[2026-09-27T19:30:30.299+0000] {logging_mixin.py:190} INFO - [2026-09-27T19:30:30.298+0000] {dagbag.py:588} INFO - Filling up the DagBag from /opt/airflow/dags/medallion_dag.py
[2026-09-27T19:30:31.532+0000] {processor.py:925} INFO - DAG(s) 'medallion_pipeline' retrieved from /opt/airflow/dags/medallion_dag.py
[2026-09-27T19:30:31.586+0000] {logging_mixin.py:190} INFO - [2026-09-27T19:30:31.585+0000] {dag.py:3239} INFO - Sync 1 DAGs
[2026-09-27T19:30:31.638+0000] {logging_mixin.py:190} INFO - [2026-09-27T19:30:31.637+0000] {dag.py:4180} INFO - Setting next_dagrun for medallion_pipeline to 2026-09-27 00:00:00+00:00, run_after=2026-09-28 00:00:00+00:00
[2026-09-27T19:30:31.693+0000] {processor.py:208} INFO - Processing /opt/airflow/dags/medallion_dag.py took 1.421 seconds
[2026-09-27T19:31:02.178+0000] {processor.py:186} INFO - Started process (PID=5598) to work on /opt/airflow/dags/medallion_dag.py
[2026-09-27T19:31:02.180+0000] {processor.py:914} INFO - Processing file /opt/airflow/dags/medallion_dag.py for tasks to queue
[2026-09-27T19:31:02.184+0000] {logging_mixin.py:190} INFO - [2026-09-27T19:31:02.184+0000] {dagbag.py:588} INFO - Filling up the DagBag from /opt/airflow/dags/medallion_dag.py
[2026-09-27T19:31:02.759+0000] {processor.py:925} INFO - DAG(s) 'medallion_pipeline' retrieved from /opt/airflow/dags/medallion_dag.py
[2026-09-27T19:31:02.801+0000] {logging_mixin.py:190} INFO - [2026-09-27T19:31:02.801+0000] {dag.py:3239} INFO - Sync 1 DAGs
[2026-09-27T19:31:02.844+0000] {logging_mixin.py:190} INFO - [2026-09-27T19:31:02.844+0000] {dag.py:4180} INFO - Setting next_dagrun for medallion_pipeline to 2026-09-27 00:00:00+00:00, run_after=2026-09-28 00:00:00+00:00
[2026-09-27T19:31:02.873+0000] {processor.py:208} INFO - Processing /opt/airflow/dags/medallion_dag.py took 0.704 seconds
[2026-09-27T19:31:33.179+0000] {processor.py:186} INFO - Started process (PID=5603) to work on /opt/airflow/dags/medallion_dag.py
[2026-09-27T19:31:33.181+0000] {processor.py:914} INFO - Processing file /opt/airflow/dags/medallion_dag.py for tasks to queue
[2026-09-27T19:31:33.185+0000] {logging_mixin.py:190} INFO - [2026-09-27T19:31:33.184+0000] {dagbag.py:588} INFO - Filling up the DagBag from /opt/airflow/dags/medallion_dag.py
[2026-09-27T19:31:33.764+0000] {processor.py:925} INFO - DAG(s) 'medallion_pipeline' retrieved from /opt/airflow/dags/medallion_dag.py
[2026-09-27T19:31:33.800+0000] {logging_mixin.py:190} INFO - [2026-09-27T19:31:33.800+0000] {dag.py:3239} INFO - Sync 1 DAGs
[2026-09-27T19:31:33.831+0000] {logging_mixin.py:190} INFO - [2026-09-27T19:31:33.831+0000] {dag.py:4180} INFO - Setting next_dagrun for medallion_pipeline to 2026-09-27 00:00:00+00:00, run_after=2026-09-28 00:00:00+00:00
[2026-09-27T19:31:33.858+0000] {processor.py:208} INFO - Processing /opt/airflow/dags/medallion_dag.py took 0.689 seconds
[2026-09-27T19:32:04.295+0000] {processor.py:186} INFO - Started process (PID=5608) to work on /opt/airflow/dags/medallion_dag.py
[2026-09-27T19:32:04.298+0000] {processor.py:914} INFO - Processing file /opt/airflow/dags/medallion_dag.py for tasks to queue
[2026-09-27T19:32:04.304+0000] {logging_mixin.py:190} INFO - [2026-09-27T19:32:04.303+0000] {dagbag.py:588} INFO - Filling up the DagBag from /opt/airflow/dags/medallion_dag.py
[2026-09-27T19:32:04.865+0000] {processor.py:925} INFO - DAG(s) 'medallion_pipeline' retrieved from /opt/airflow/dags/medallion_dag.py
[2026-09-27T19:32:04.895+0000] {logging_mixin.py:190} INFO - [2026-09-27T19:32:04.895+0000] {dag.py:3239} INFO - Sync 1 DAGs
[2026-09-27T19:32:04.928+0000] {logging_mixin.py:190} INFO - [2026-09-27T19:32:04.927+0000] {dag.py:4180} INFO - Setting next_dagrun for medallion_pipeline to 2026-09-27 00:00:00+00:00, run_after=2026-09-28 00:00:00+00:00
[2026-09-27T19:32:04.952+0000] {processor.py:208} INFO - Processing /opt/airflow/dags/medallion_dag.py took 0.670 seconds
[2026-09-27T19:32:35.364+0000] {processor.py:186} INFO - Started process (PID=5613) to work on /opt/airflow/dags/medallion_dag.py
[2026-09-27T19:32:35.367+0000] {processor.py:914} INFO - Processing file /opt/airflow/dags/medallion_dag.py for tasks to queue
[2026-09-27T19:32:35.372+0000] {logging_mixin.py:190} INFO - [2026-09-27T19:32:35.372+0000] {dagbag.py:588} INFO - Filling up the DagBag from /opt/airflow/dags/medallion_dag.py
[2026-09-27T19:32:35.971+0000] {processor.py:925} INFO - DAG(s) 'medallion_pipeline' retrieved from /opt/airflow/dags/medallion_dag.py
[2026-09-27T19:32:36.009+0000] {logging_mixin.py:190} INFO - [2026-09-27T19:32:36.008+0000] {dag.py:3239} INFO - Sync 1 DAGs
[2026-09-27T19:32:36.043+0000] {logging_mixin.py:190} INFO - [2026-09-27T19:32:36.043+0000] {dag.py:4180} INFO - Setting next_dagrun for medallion_pipeline to 2026-09-27 00:00:00+00:00, run_after=2026-09-28 00:00:00+00:00
[2026-09-27T19:32:36.077+0000] {processor.py:208} INFO - Processing /opt/airflow/dags/medallion_dag.py took 0.722 seconds
[2026-09-27T19:33:06.346+0000] {processor.py:186} INFO - Started process (PID=5618) to work on /opt/airflow/dags/medallion_dag.py
[2026-09-27T19:33:06.348+0000] {processor.py:914} INFO - Processing file /opt/airflow/dags/medallion_dag.py for tasks to queue
[2026-09-27T19:33:06.353+0000] {logging_mixin.py:190} INFO - [2026-09-27T19:33:06.352+0000] {dagbag.py:588} INFO - Filling up the DagBag from /opt/airflow/dags/medallion_dag.py
[2026-09-27T19:33:06.910+0000] {processor.py:925} INFO - DAG(s) 'medallion_pipeline' retrieved from /opt/airflow/dags/medallion_dag.py
[2026-09-27T19:33:06.939+0000] {logging_mixin.py:190} INFO - [2026-09-27T19:33:06.939+0000] {dag.py:3239} INFO - Sync 1 DAGs
[2026-09-27T19:33:06.976+0000] {logging_mixin.py:190} INFO - [2026-09-27T19:33:06.976+0000] {dag.py:4180} INFO - Setting next_dagrun for medallion_pipeline to 2026-09-27 00:00:00+00:00, run_after=2026-09-28 00:00:00+00:00
[2026-09-27T19:33:07.003+0000] {processor.py:208} INFO - Processing /opt/airflow/dags/medallion_dag.py took 0.666 seconds
[2026-09-27T19:33:37.427+0000] {processor.py:186} INFO - Started process (PID=5623) to work on /opt/airflow/dags/medallion_dag.py
[2026-09-27T19:33:37.429+0000] {processor.py:914} INFO - Processing file /opt/airflow/dags/medallion_dag.py for tasks to queue
[2026-09-27T19:33:37.433+0000] {logging_mixin.py:190} INFO - [2026-09-27T19:33:37.433+0000] {dagbag.py:588} INFO - Filling up the DagBag from /opt/airflow/dags/medallion_dag.py
[2026-09-27T19:33:37.982+0000] {processor.py:925} INFO - DAG(s) 'medallion_pipeline' retrieved from /opt/airflow/dags/medallion_dag.py
[2026-09-27T19:33:38.008+0000] {logging_mixin.py:190} INFO - [2026-09-27T19:33:38.008+0000] {dag.py:3239} INFO - Sync 1 DAGs
[2026-09-27T19:33:38.037+0000] {logging_mixin.py:190} INFO - [2026-09-27T19:33:38.037+0000] {dag.py:4180} INFO - Setting next_dagrun for medallion_pipeline to 2026-09-27 00:00:00+00:00, run_after=2026-09-28 00:00:00+00:00
[2026-09-27T19:33:38.067+0000] {processor.py:208} INFO - Processing /opt/airflow/dags/medallion_dag.py took 0.649 seconds
[2026-09-27T19:34:08.216+0000] {processor.py:186} INFO - Started process (PID=5628) to work on /opt/airflow/dags/medallion_dag.py
[2026-09-27T19:34:08.218+0000] {processor.py:914} INFO - Processing file /opt/airflow/dags/medallion_dag.py for tasks to queue
[2026-09-27T19:34:08.223+0000] {logging_mixin.py:190} INFO - [2026-09-27T19:34:08.223+0000] {dagbag.py:588} INFO - Filling up the DagBag from /opt/airflow/dags/medallion_dag.py
[2026-09-27T19:34:08.868+0000] {processor.py:925} INFO - DAG(s) 'medallion_pipeline' retrieved from /opt/airflow/dags/medallion_dag.py
[2026-09-27T19:34:08.905+0000] {logging_mixin.py:190} INFO - [2026-09-27T19:34:08.904+0000] {dag.py:3239} INFO - Sync 1 DAGs
[2026-09-27T19:34:08.939+0000] {logging_mixin.py:190} INFO - [2026-09-27T19:34:08.938+0000] {dag.py:4180} INFO - Setting next_dagrun for medallion_pipeline to 2026-09-27 00:00:00+00:00, run_after=2026-09-28 00:00:00+00:00
[2026-09-27T19:34:08.967+0000] {processor.py:208} INFO - Processing /opt/airflow/dags/medallion_dag.py took 0.764 seconds
[2026-09-27T19:34:39.384+0000] {processor.py:186} INFO - Started process (PID=5633) to work on /opt/airflow/dags/medallion_dag.py
[2026-09-27T19:34:39.387+0000] {processor.py:914} INFO - Processing file /opt/airflow/dags/medallion_dag.py for tasks to queue
[2026-09-27T19:34:39.391+0000] {logging_mixin.py:190} INFO - [2026-09-27T19:34:39.390+0000] {dagbag.py:588} INFO - Filling up the DagBag from /opt/airflow/dags/medallion_dag.py
[2026-09-27T19:34:39.986+0000] {processor.py:925} INFO - DAG(s) 'medallion_pipeline' retrieved from /opt/airflow/dags/medallion_dag.py
[2026-09-27T19:34:40.026+0000] {logging_mixin.py:190} INFO - [2026-09-27T19:34:40.025+0000] {dag.py:3239} INFO - Sync 1 DAGs
[2026-09-27T19:34:40.059+0000] {logging_mixin.py:190} INFO - [2026-09-27T19:34:40.059+0000] {dag.py:4180} INFO - Setting next_dagrun for medallion_pipeline to 2026-09-27 00:00:00+00:00, run_after=2026-09-28 00:00:00+00:00
[2026-09-27T19:34:40.089+0000] {processor.py:208} INFO - Processing /opt/airflow/dags/medallion_dag.py took 0.712 seconds
[2026-09-27T19:35:10.182+0000] {processor.py:186} INFO - Started process (PID=5638) to work on /opt/airflow/dags/medallion_dag.py
[2026-09-27T19:35:10.185+0000] {processor.py:914} INFO - Processing file /opt/airflow/dags/medallion_dag.py for tasks to queue
[2026-09-27T19:35:10.190+0000] {logging_mixin.py:190} INFO - [2026-09-27T19:35:10.189+0000] {dagbag.py:588} INFO - Filling up the DagBag from /opt/airflow/dags/medallion_dag.py
[2026-09-27T19:35:10.803+0000] {processor.py:925} INFO - DAG(s) 'medallion_pipeline' retrieved from /opt/airflow/dags/medallion_dag.py
[2026-09-27T19:35:10.835+0000] {logging_mixin.py:190} INFO - [2026-09-27T19:35:10.835+0000] {dag.py:3239} INFO - Sync 1 DAGs
[2026-09-27T19:35:10.867+0000] {logging_mixin.py:190} INFO - [2026-09-27T19:35:10.866+0000] {dag.py:4180} INFO - Setting next_dagrun for medallion_pipeline to 2026-09-27 00:00:00+00:00, run_after=2026-09-28 00:00:00+00:00
[2026-09-27T19:35:10.893+0000] {processor.py:208} INFO - Processing /opt/airflow/dags/medallion_dag.py took 0.721 seconds
[2026-09-27T19:35:41.320+0000] {processor.py:186} INFO - Started process (PID=5643) to work on /opt/airflow/dags/medallion_dag.py
[2026-09-27T19:35:41.324+0000] {processor.py:914} INFO - Processing file /opt/airflow/dags/medallion_dag.py for tasks to queue
[2026-09-27T19:35:41.332+0000] {logging_mixin.py:190} INFO - [2026-09-27T19:35:41.330+0000] {dagbag.py:588} INFO - Filling up the DagBag from /opt/airflow/dags/medallion_dag.py
[2026-09-27T19:35:41.952+0000] {processor.py:925} INFO - DAG(s) 'medallion_pipeline' retrieved from /opt/airflow/dags/medallion_dag.py
[2026-09-27T19:35:41.982+0000] {logging_mixin.py:190} INFO - [2026-09-27T19:35:41.982+0000] {dag.py:3239} INFO - Sync 1 DAGs
[2026-09-27T19:35:42.013+0000] {logging_mixin.py:190} INFO - [2026-09-27T19:35:42.013+0000] {dag.py:4180} INFO - Setting next_dagrun for medallion_pipeline to 2026-09-27 00:00:00+00:00, run_after=2026-09-28 00:00:00+00:00
[2026-09-27T19:35:42.038+0000] {processor.py:208} INFO - Processing /opt/airflow/dags/medallion_dag.py took 0.735 seconds
[2026-09-27T19:36:12.272+0000] {processor.py:186} INFO - Started process (PID=5648) to work on /opt/airflow/dags/medallion_dag.py
[2026-09-27T19:36:12.274+0000] {processor.py:914} INFO - Processing file /opt/airflow/dags/medallion_dag.py for tasks to queue
[2026-09-27T19:36:12.282+0000] {logging_mixin.py:190} INFO - [2026-09-27T19:36:12.281+0000] {dagbag.py:588} INFO - Filling up the DagBag from /opt/airflow/dags/medallion_dag.py
[2026-09-27T19:36:12.848+0000] {processor.py:925} INFO - DAG(s) 'medallion_pipeline' retrieved from /opt/airflow/dags/medallion_dag.py
[2026-09-27T19:36:12.886+0000] {logging_mixin.py:190} INFO - [2026-09-27T19:36:12.885+0000] {dag.py:3239} INFO - Sync 1 DAGs
[2026-09-27T19:36:12.916+0000] {logging_mixin.py:190} INFO - [2026-09-27T19:36:12.916+0000] {dag.py:4180} INFO - Setting next_dagrun for medallion_pipeline to 2026-09-27 00:00:00+00:00, run_after=2026-09-28 00:00:00+00:00
[2026-09-27T19:36:12.941+0000] {processor.py:208} INFO - Processing /opt/airflow/dags/medallion_dag.py took 0.682 seconds
[2026-09-27T19:36:43.385+0000] {processor.py:186} INFO - Started process (PID=5653) to work on /opt/airflow/dags/medallion_dag.py
[2026-09-27T19:36:43.388+0000] {processor.py:914} INFO - Processing file /opt/airflow/dags/medallion_dag.py for tasks to queue
[2026-09-27T19:36:43.393+0000] {logging_mixin.py:190} INFO - [2026-09-27T19:36:43.392+0000] {dagbag.py:588} INFO - Filling up the DagBag from /opt/airflow/dags/medallion_dag.py
[2026-09-27T19:36:43.954+0000] {processor.py:925} INFO - DAG(s) 'medallion_pipeline' retrieved from /opt/airflow/dags/medallion_dag.py
[2026-09-27T19:36:43.985+0000] {logging_mixin.py:190} INFO - [2026-09-27T19:36:43.985+0000] {dag.py:3239} INFO - Sync 1 DAGs
[2026-09-27T19:36:44.017+0000] {logging_mixin.py:190} INFO - [2026-09-27T19:36:44.017+0000] {dag.py:4180} INFO - Setting next_dagrun for medallion_pipeline to 2026-09-27 00:00:00+00:00, run_after=2026-09-28 00:00:00+00:00
[2026-09-27T19:36:44.046+0000] {processor.py:208} INFO - Processing /opt/airflow/dags/medallion_dag.py took 0.671 seconds
[2026-09-27T19:37:14.192+0000] {processor.py:186} INFO - Started process (PID=5658) to work on /opt/airflow/dags/medallion_dag.py
[2026-09-27T19:37:14.194+0000] {processor.py:914} INFO - Processing file /opt/airflow/dags/medallion_dag.py for tasks to queue
[2026-09-27T19:37:14.200+0000] {logging_mixin.py:190} INFO - [2026-09-27T19:37:14.199+0000] {dagbag.py:588} INFO - Filling up the DagBag from /opt/airflow/dags/medallion_dag.py
[2026-09-27T19:37:14.890+0000] {processor.py:925} INFO - DAG(s) 'medallion_pipeline' retrieved from /opt/airflow/dags/medallion_dag.py
[2026-09-27T19:37:14.927+0000] {logging_mixin.py:190} INFO - [2026-09-27T19:37:14.927+0000] {dag.py:3239} INFO - Sync 1 DAGs
[2026-09-27T19:37:14.959+0000] {logging_mixin.py:190} INFO - [2026-09-27T19:37:14.959+0000] {dag.py:4180} INFO - Setting next_dagrun for medallion_pipeline to 2026-09-27 00:00:00+00:00, run_after=2026-09-28 00:00:00+00:00
[2026-09-27T19:37:14.991+0000] {processor.py:208} INFO - Processing /opt/airflow/dags/medallion_dag.py took 0.811 seconds
[2026-09-27T19:37:45.393+0000] {processor.py:186} INFO - Started process (PID=5663) to work on /opt/airflow/dags/medallion_dag.py
[2026-09-27T19:37:45.396+0000] {processor.py:914} INFO - Processing file /opt/airflow/dags/medallion_dag.py for tasks to queue
[2026-09-27T19:37:45.400+0000] {logging_mixin.py:190} INFO - [2026-09-27T19:37:45.400+0000] {dagbag.py:588} INFO - Filling up the DagBag from /opt/airflow/dags/medallion_dag.py
[2026-09-27T19:37:46.016+0000] {processor.py:925} INFO - DAG(s) 'medallion_pipeline' retrieved from /opt/airflow/dags/medallion_dag.py
[2026-09-27T19:37:46.048+0000] {logging_mixin.py:190} INFO - [2026-09-27T19:37:46.047+0000] {dag.py:3239} INFO - Sync 1 DAGs
[2026-09-27T19:37:46.077+0000] {logging_mixin.py:190} INFO - [2026-09-27T19:37:46.077+0000] {dag.py:4180} INFO - Setting next_dagrun for medallion_pipeline to 2026-09-27 00:00:00+00:00, run_after=2026-09-28 00:00:00+00:00
[2026-09-27T19:37:46.104+0000] {processor.py:208} INFO - Processing /opt/airflow/dags/medallion_dag.py took 0.722 seconds
[2026-09-27T19:38:16.457+0000] {processor.py:186} INFO - Started process (PID=5668) to work on /opt/airflow/dags/medallion_dag.py
[2026-09-27T19:38:16.460+0000] {processor.py:914} INFO - Processing file /opt/airflow/dags/medallion_dag.py for tasks to queue
[2026-09-27T19:38:16.464+0000] {logging_mixin.py:190} INFO - [2026-09-27T19:38:16.464+0000] {dagbag.py:588} INFO - Filling up the DagBag from /opt/airflow/dags/medallion_dag.py
[2026-09-27T19:38:17.119+0000] {processor.py:925} INFO - DAG(s) 'medallion_pipeline' retrieved from /opt/airflow/dags/medallion_dag.py
[2026-09-27T19:38:17.150+0000] {logging_mixin.py:190} INFO - [2026-09-27T19:38:17.149+0000] {dag.py:3239} INFO - Sync 1 DAGs
[2026-09-27T19:38:17.180+0000] {logging_mixin.py:190} INFO - [2026-09-27T19:38:17.180+0000] {dag.py:4180} INFO - Setting next_dagrun for medallion_pipeline to 2026-09-27 00:00:00+00:00, run_after=2026-09-28 00:00:00+00:00
[2026-09-27T19:38:17.215+0000] {processor.py:208} INFO - Processing /opt/airflow/dags/medallion_dag.py took 0.768 seconds
[2026-09-27T19:38:47.452+0000] {processor.py:186} INFO - Started process (PID=5673) to work on /opt/airflow/dags/medallion_dag.py
[2026-09-27T19:38:47.455+0000] {processor.py:914} INFO - Processing file /opt/airflow/dags/medallion_dag.py for tasks to queue
[2026-09-27T19:38:47.459+0000] {logging_mixin.py:190} INFO - [2026-09-27T19:38:47.458+0000] {dagbag.py:588} INFO - Filling up the DagBag from /opt/airflow/dags/medallion_dag.py
[2026-09-27T19:38:48.009+0000] {processor.py:925} INFO - DAG(s) 'medallion_pipeline' retrieved from /opt/airflow/dags/medallion_dag.py
[2026-09-27T19:38:48.038+0000] {logging_mixin.py:190} INFO - [2026-09-27T19:38:48.038+0000] {dag.py:3239} INFO - Sync 1 DAGs
[2026-09-27T19:38:48.069+0000] {logging_mixin.py:190} INFO - [2026-09-27T19:38:48.069+0000] {dag.py:4180} INFO - Setting next_dagrun for medallion_pipeline to 2026-09-27 00:00:00+00:00, run_after=2026-09-28 00:00:00+00:00
[2026-09-27T19:38:48.094+0000] {processor.py:208} INFO - Processing /opt/airflow/dags/medallion_dag.py took 0.652 seconds
[2026-09-27T19:39:18.579+0000] {processor.py:186} INFO - Started process (PID=5678) to work on /opt/airflow/dags/medallion_dag.py
[2026-09-27T19:39:18.581+0000] {processor.py:914} INFO - Processing file /opt/airflow/dags/medallion_dag.py for tasks to queue
[2026-09-27T19:39:18.587+0000] {logging_mixin.py:190} INFO - [2026-09-27T19:39:18.586+0000] {dagbag.py:588} INFO - Filling up the DagBag from /opt/airflow/dags/medallion_dag.py
[2026-09-27T19:39:19.153+0000] {processor.py:925} INFO - DAG(s) 'medallion_pipeline' retrieved from /opt/airflow/dags/medallion_dag.py
[2026-09-27T19:39:19.188+0000] {logging_mixin.py:190} INFO - [2026-09-27T19:39:19.187+0000] {dag.py:3239} INFO - Sync 1 DAGs
[2026-09-27T19:39:19.224+0000] {logging_mixin.py:190} INFO - [2026-09-27T19:39:19.224+0000] {dag.py:4180} INFO - Setting next_dagrun for medallion_pipeline to 2026-09-27 00:00:00+00:00, run_after=2026-09-28 00:00:00+00:00
[2026-09-27T19:39:19.258+0000] {processor.py:208} INFO - Processing /opt/airflow/dags/medallion_dag.py took 0.690 seconds
[2026-09-27T19:39:49.681+0000] {processor.py:186} INFO - Started process (PID=5683) to work on /opt/airflow/dags/medallion_dag.py
[2026-09-27T19:39:49.685+0000] {processor.py:914} INFO - Processing file /opt/airflow/dags/medallion_dag.py for tasks to queue
[2026-09-27T19:39:49.691+0000] {logging_mixin.py:190} INFO - [2026-09-27T19:39:49.689+0000] {dagbag.py:588} INFO - Filling up the DagBag from /opt/airflow/dags/medallion_dag.py
[2026-09-27T19:39:50.389+0000] {processor.py:925} INFO - DAG(s) 'medallion_pipeline' retrieved from /opt/airflow/dags/medallion_dag.py
[2026-09-27T19:39:50.422+0000] {logging_mixin.py:190} INFO - [2026-09-27T19:39:50.422+0000] {dag.py:3239} INFO - Sync 1 DAGs
[2026-09-27T19:39:50.454+0000] {logging_mixin.py:190} INFO - [2026-09-27T19:39:50.454+0000] {dag.py:4180} INFO - Setting next_dagrun for medallion_pipeline to 2026-09-27 00:00:00+00:00, run_after=2026-09-28 00:00:00+00:00
[2026-09-27T19:39:50.480+0000] {processor.py:208} INFO - Processing /opt/airflow/dags/medallion_dag.py took 0.809 seconds
[2026-09-27T19:40:20.700+0000] {processor.py:186} INFO - Started process (PID=5688) to work on /opt/airflow/dags/medallion_dag.py
[2026-09-27T19:40:20.707+0000] {processor.py:914} INFO - Processing file /opt/airflow/dags/medallion_dag.py for tasks to queue
[2026-09-27T19:40:20.719+0000] {logging_mixin.py:190} INFO - [2026-09-27T19:40:20.718+0000] {dagbag.py:588} INFO - Filling up the DagBag from /opt/airflow/dags/medallion_dag.py
[2026-09-27T19:40:21.977+0000] {processor.py:925} INFO - DAG(s) 'medallion_pipeline' retrieved from /opt/airflow/dags/medallion_dag.py
[2026-09-27T19:40:22.016+0000] {logging_mixin.py:190} INFO - [2026-09-27T19:40:22.015+0000] {dag.py:3239} INFO - Sync 1 DAGs
[2026-09-27T19:40:22.052+0000] {logging_mixin.py:190} INFO - [2026-09-27T19:40:22.052+0000] {dag.py:4180} INFO - Setting next_dagrun for medallion_pipeline to 2026-09-27 00:00:00+00:00, run_after=2026-09-28 00:00:00+00:00
[2026-09-27T19:40:22.097+0000] {processor.py:208} INFO - Processing /opt/airflow/dags/medallion_dag.py took 1.414 seconds
[2026-09-27T19:40:52.409+0000] {processor.py:186} INFO - Started process (PID=5693) to work on /opt/airflow/dags/medallion_dag.py
[2026-09-27T19:40:52.412+0000] {processor.py:914} INFO - Processing file /opt/airflow/dags/medallion_dag.py for tasks to queue
[2026-09-27T19:40:52.421+0000] {logging_mixin.py:190} INFO - [2026-09-27T19:40:52.420+0000] {dagbag.py:588} INFO - Filling up the DagBag from /opt/airflow/dags/medallion_dag.py
[2026-09-27T19:40:52.899+0000] {processor.py:925} INFO - DAG(s) 'medallion_pipeline' retrieved from /opt/airflow/dags/medallion_dag.py
[2026-09-27T19:40:52.927+0000] {logging_mixin.py:190} INFO - [2026-09-27T19:40:52.926+0000] {dag.py:3239} INFO - Sync 1 DAGs
[2026-09-27T19:40:52.952+0000] {logging_mixin.py:190} INFO - [2026-09-27T19:40:52.952+0000] {dag.py:4180} INFO - Setting next_dagrun for medallion_pipeline to 2026-09-27 00:00:00+00:00, run_after=2026-09-28 00:00:00+00:00
[2026-09-27T19:40:52.974+0000] {processor.py:208} INFO - Processing /opt/airflow/dags/medallion_dag.py took 0.575 seconds
[2026-09-27T19:41:23.395+0000] {processor.py:186} INFO - Started process (PID=5698) to work on /opt/airflow/dags/medallion_dag.py
[2026-09-27T19:41:23.397+0000] {processor.py:914} INFO - Processing file /opt/airflow/dags/medallion_dag.py for tasks to queue
[2026-09-27T19:41:23.401+0000] {logging_mixin.py:190} INFO - [2026-09-27T19:41:23.401+0000] {dagbag.py:588} INFO - Filling up the DagBag from /opt/airflow/dags/medallion_dag.py
[2026-09-27T19:41:23.843+0000] {processor.py:925} INFO - DAG(s) 'medallion_pipeline' retrieved from /opt/airflow/dags/medallion_dag.py
[2026-09-27T19:41:23.868+0000] {logging_mixin.py:190} INFO - [2026-09-27T19:41:23.868+0000] {dag.py:3239} INFO - Sync 1 DAGs
[2026-09-27T19:41:23.893+0000] {logging_mixin.py:190} INFO - [2026-09-27T19:41:23.893+0000] {dag.py:4180} INFO - Setting next_dagrun for medallion_pipeline to 2026-09-27 00:00:00+00:00, run_after=2026-09-28 00:00:00+00:00
[2026-09-27T19:41:23.925+0000] {processor.py:208} INFO - Processing /opt/airflow/dags/medallion_dag.py took 0.536 seconds
[2026-09-27T19:41:54.340+0000] {processor.py:186} INFO - Started process (PID=5703) to work on /opt/airflow/dags/medallion_dag.py
[2026-09-27T19:41:54.342+0000] {processor.py:914} INFO - Processing file /opt/airflow/dags/medallion_dag.py for tasks to queue
[2026-09-27T19:41:54.345+0000] {logging_mixin.py:190} INFO - [2026-09-27T19:41:54.345+0000] {dagbag.py:588} INFO - Filling up the DagBag from /opt/airflow/dags/medallion_dag.py
[2026-09-27T19:41:54.813+0000] {processor.py:925} INFO - DAG(s) 'medallion_pipeline' retrieved from /opt/airflow/dags/medallion_dag.py
[2026-09-27T19:41:54.839+0000] {logging_mixin.py:190} INFO - [2026-09-27T19:41:54.839+0000] {dag.py:3239} INFO - Sync 1 DAGs
[2026-09-27T19:41:54.865+0000] {logging_mixin.py:190} INFO - [2026-09-27T19:41:54.864+0000] {dag.py:4180} INFO - Setting next_dagrun for medallion_pipeline to 2026-09-27 00:00:00+00:00, run_after=2026-09-28 00:00:00+00:00
[2026-09-27T19:41:54.888+0000] {processor.py:208} INFO - Processing /opt/airflow/dags/medallion_dag.py took 0.555 seconds
[2026-09-27T19:42:25.317+0000] {processor.py:186} INFO - Started process (PID=5708) to work on /opt/airflow/dags/medallion_dag.py
[2026-09-27T19:42:25.319+0000] {processor.py:914} INFO - Processing file /opt/airflow/dags/medallion_dag.py for tasks to queue
[2026-09-27T19:42:25.323+0000] {logging_mixin.py:190} INFO - [2026-09-27T19:42:25.323+0000] {dagbag.py:588} INFO - Filling up the DagBag from /opt/airflow/dags/medallion_dag.py
[2026-09-27T19:42:25.742+0000] {processor.py:925} INFO - DAG(s) 'medallion_pipeline' retrieved from /opt/airflow/dags/medallion_dag.py
[2026-09-27T19:42:25.772+0000] {logging_mixin.py:190} INFO - [2026-09-27T19:42:25.772+0000] {dag.py:3239} INFO - Sync 1 DAGs
[2026-09-27T19:42:25.807+0000] {logging_mixin.py:190} INFO - [2026-09-27T19:42:25.807+0000] {dag.py:4180} INFO - Setting next_dagrun for medallion_pipeline to 2026-09-27 00:00:00+00:00, run_after=2026-09-28 00:00:00+00:00
[2026-09-27T19:42:25.833+0000] {processor.py:208} INFO - Processing /opt/airflow/dags/medallion_dag.py took 0.522 seconds
[2026-09-27T19:42:56.282+0000] {processor.py:186} INFO - Started process (PID=5713) to work on /opt/airflow/dags/medallion_dag.py
[2026-09-27T19:42:56.283+0000] {processor.py:914} INFO - Processing file /opt/airflow/dags/medallion_dag.py for tasks to queue
[2026-09-27T19:42:56.288+0000] {logging_mixin.py:190} INFO - [2026-09-27T19:42:56.287+0000] {dagbag.py:588} INFO - Filling up the DagBag from /opt/airflow/dags/medallion_dag.py
[2026-09-27T19:42:56.957+0000] {processor.py:925} INFO - DAG(s) 'medallion_pipeline' retrieved from /opt/airflow/dags/medallion_dag.py
[2026-09-27T19:42:56.986+0000] {logging_mixin.py:190} INFO - [2026-09-27T19:42:56.986+0000] {dag.py:3239} INFO - Sync 1 DAGs
[2026-09-27T19:42:57.015+0000] {logging_mixin.py:190} INFO - [2026-09-27T19:42:57.015+0000] {dag.py:4180} INFO - Setting next_dagrun for medallion_pipeline to 2026-09-27 00:00:00+00:00, run_after=2026-09-28 00:00:00+00:00
[2026-09-27T19:42:57.036+0000] {processor.py:208} INFO - Processing /opt/airflow/dags/medallion_dag.py took 0.760 seconds
[2026-09-27T19:43:27.520+0000] {processor.py:186} INFO - Started process (PID=5718) to work on /opt/airflow/dags/medallion_dag.py
[2026-09-27T19:43:27.523+0000] {processor.py:914} INFO - Processing file /opt/airflow/dags/medallion_dag.py for tasks to queue
[2026-09-27T19:43:27.527+0000] {logging_mixin.py:190} INFO - [2026-09-27T19:43:27.527+0000] {dagbag.py:588} INFO - Filling up the DagBag from /opt/airflow/dags/medallion_dag.py
[2026-09-27T19:43:27.986+0000] {processor.py:925} INFO - DAG(s) 'medallion_pipeline' retrieved from /opt/airflow/dags/medallion_dag.py
[2026-09-27T19:43:28.012+0000] {logging_mixin.py:190} INFO - [2026-09-27T19:43:28.012+0000] {dag.py:3239} INFO - Sync 1 DAGs
[2026-09-27T19:43:28.037+0000] {logging_mixin.py:190} INFO - [2026-09-27T19:43:28.037+0000] {dag.py:4180} INFO - Setting next_dagrun for medallion_pipeline to 2026-09-27 00:00:00+00:00, run_after=2026-09-28 00:00:00+00:00
[2026-09-27T19:43:28.063+0000] {processor.py:208} INFO - Processing /opt/airflow/dags/medallion_dag.py took 0.553 seconds
[2026-09-27T19:43:58.518+0000] {processor.py:186} INFO - Started process (PID=5723) to work on /opt/airflow/dags/medallion_dag.py
[2026-09-27T19:43:58.520+0000] {processor.py:914} INFO - Processing file /opt/airflow/dags/medallion_dag.py for tasks to queue
[2026-09-27T19:43:58.525+0000] {logging_mixin.py:190} INFO - [2026-09-27T19:43:58.525+0000] {dagbag.py:588} INFO - Filling up the DagBag from /opt/airflow/dags/medallion_dag.py
[2026-09-27T19:43:59.215+0000] {processor.py:925} INFO - DAG(s) 'medallion_pipeline' retrieved from /opt/airflow/dags/medallion_dag.py
[2026-09-27T19:43:59.241+0000] {logging_mixin.py:190} INFO - [2026-09-27T19:43:59.241+0000] {dag.py:3239} INFO - Sync 1 DAGs
[2026-09-27T19:43:59.268+0000] {logging_mixin.py:190} INFO - [2026-09-27T19:43:59.268+0000] {dag.py:4180} INFO - Setting next_dagrun for medallion_pipeline to 2026-09-27 00:00:00+00:00, run_after=2026-09-28 00:00:00+00:00
[2026-09-27T19:43:59.289+0000] {processor.py:208} INFO - Processing /opt/airflow/dags/medallion_dag.py took 0.781 seconds
[2026-09-27T19:44:29.440+0000] {processor.py:186} INFO - Started process (PID=5728) to work on /opt/airflow/dags/medallion_dag.py
[2026-09-27T19:44:29.444+0000] {processor.py:914} INFO - Processing file /opt/airflow/dags/medallion_dag.py for tasks to queue
[2026-09-27T19:44:29.452+0000] {logging_mixin.py:190} INFO - [2026-09-27T19:44:29.452+0000] {dagbag.py:588} INFO - Filling up the DagBag from /opt/airflow/dags/medallion_dag.py
[2026-09-27T19:44:30.161+0000] {processor.py:925} INFO - DAG(s) 'medallion_pipeline' retrieved from /opt/airflow/dags/medallion_dag.py
[2026-09-27T19:44:30.192+0000] {logging_mixin.py:190} INFO - [2026-09-27T19:44:30.191+0000] {dag.py:3239} INFO - Sync 1 DAGs
[2026-09-27T19:44:30.223+0000] {logging_mixin.py:190} INFO - [2026-09-27T19:44:30.223+0000] {dag.py:4180} INFO - Setting next_dagrun for medallion_pipeline to 2026-09-27 00:00:00+00:00, run_after=2026-09-28 00:00:00+00:00
[2026-09-27T19:44:30.252+0000] {processor.py:208} INFO - Processing /opt/airflow/dags/medallion_dag.py took 0.822 seconds
[2026-09-27T19:45:00.725+0000] {processor.py:186} INFO - Started process (PID=5733) to work on /opt/airflow/dags/medallion_dag.py
[2026-09-27T19:45:00.728+0000] {processor.py:914} INFO - Processing file /opt/airflow/dags/medallion_dag.py for tasks to queue
[2026-09-27T19:45:00.735+0000] {logging_mixin.py:190} INFO - [2026-09-27T19:45:00.734+0000] {dagbag.py:588} INFO - Filling up the DagBag from /opt/airflow/dags/medallion_dag.py
[2026-09-27T19:45:01.587+0000] {processor.py:925} INFO - DAG(s) 'medallion_pipeline' retrieved from /opt/airflow/dags/medallion_dag.py
[2026-09-27T19:45:01.615+0000] {logging_mixin.py:190} INFO - [2026-09-27T19:45:01.614+0000] {dag.py:3239} INFO - Sync 1 DAGs
[2026-09-27T19:45:01.648+0000] {logging_mixin.py:190} INFO - [2026-09-27T19:45:01.647+0000] {dag.py:4180} INFO - Setting next_dagrun for medallion_pipeline to 2026-09-27 00:00:00+00:00, run_after=2026-09-28 00:00:00+00:00
[2026-09-27T19:45:01.683+0000] {processor.py:208} INFO - Processing /opt/airflow/dags/medallion_dag.py took 0.967 seconds
[2026-09-27T19:45:32.175+0000] {processor.py:186} INFO - Started process (PID=5738) to work on /opt/airflow/dags/medallion_dag.py
[2026-09-27T19:45:32.177+0000] {processor.py:914} INFO - Processing file /opt/airflow/dags/medallion_dag.py for tasks to queue
[2026-09-27T19:45:32.181+0000] {logging_mixin.py:190} INFO - [2026-09-27T19:45:32.181+0000] {dagbag.py:588} INFO - Filling up the DagBag from /opt/airflow/dags/medallion_dag.py
[2026-09-27T19:45:32.696+0000] {processor.py:925} INFO - DAG(s) 'medallion_pipeline' retrieved from /opt/airflow/dags/medallion_dag.py
[2026-09-27T19:45:32.730+0000] {logging_mixin.py:190} INFO - [2026-09-27T19:45:32.730+0000] {dag.py:3239} INFO - Sync 1 DAGs
[2026-09-27T19:45:32.759+0000] {logging_mixin.py:190} INFO - [2026-09-27T19:45:32.758+0000] {dag.py:4180} INFO - Setting next_dagrun for medallion_pipeline to 2026-09-27 00:00:00+00:00, run_after=2026-09-28 00:00:00+00:00
[2026-09-27T19:45:32.785+0000] {processor.py:208} INFO - Processing /opt/airflow/dags/medallion_dag.py took 0.617 seconds
[2026-09-27T19:46:03.470+0000] {processor.py:186} INFO - Started process (PID=5743) to work on /opt/airflow/dags/medallion_dag.py
[2026-09-27T19:46:03.472+0000] {processor.py:914} INFO - Processing file /opt/airflow/dags/medallion_dag.py for tasks to queue
[2026-09-27T19:46:03.476+0000] {logging_mixin.py:190} INFO - [2026-09-27T19:46:03.475+0000] {dagbag.py:588} INFO - Filling up the DagBag from /opt/airflow/dags/medallion_dag.py
[2026-09-27T19:46:04.044+0000] {processor.py:925} INFO - DAG(s) 'medallion_pipeline' retrieved from /opt/airflow/dags/medallion_dag.py
[2026-09-27T19:46:04.086+0000] {logging_mixin.py:190} INFO - [2026-09-27T19:46:04.085+0000] {dag.py:3239} INFO - Sync 1 DAGs
[2026-09-27T19:46:04.123+0000] {logging_mixin.py:190} INFO - [2026-09-27T19:46:04.123+0000] {dag.py:4180} INFO - Setting next_dagrun for medallion_pipeline to 2026-09-27 00:00:00+00:00, run_after=2026-09-28 00:00:00+00:00
[2026-09-27T19:46:04.155+0000] {processor.py:208} INFO - Processing /opt/airflow/dags/medallion_dag.py took 0.694 seconds
[2026-09-27T19:46:34.586+0000] {processor.py:186} INFO - Started process (PID=5748) to work on /opt/airflow/dags/medallion_dag.py
[2026-09-27T19:46:34.588+0000] {processor.py:914} INFO - Processing file /opt/airflow/dags/medallion_dag.py for tasks to queue
[2026-09-27T19:46:34.599+0000] {logging_mixin.py:190} INFO - [2026-09-27T19:46:34.598+0000] {dagbag.py:588} INFO - Filling up the DagBag from /opt/airflow/dags/medallion_dag.py
[2026-09-27T19:46:35.054+0000] {processor.py:925} INFO - DAG(s) 'medallion_pipeline' retrieved from /opt/airflow/dags/medallion_dag.py
[2026-09-27T19:46:35.099+0000] {logging_mixin.py:190} INFO - [2026-09-27T19:46:35.099+0000] {dag.py:3239} INFO - Sync 1 DAGs
[2026-09-27T19:46:35.139+0000] {logging_mixin.py:190} INFO - [2026-09-27T19:46:35.138+0000] {dag.py:4180} INFO - Setting next_dagrun for medallion_pipeline to 2026-09-27 00:00:00+00:00, run_after=2026-09-28 00:00:00+00:00
[2026-09-27T19:46:35.174+0000] {processor.py:208} INFO - Processing /opt/airflow/dags/medallion_dag.py took 0.599 seconds
[2026-09-27T19:47:05.556+0000] {processor.py:186} INFO - Started process (PID=5753) to work on /opt/airflow/dags/medallion_dag.py
[2026-09-27T19:47:05.559+0000] {processor.py:914} INFO - Processing file /opt/airflow/dags/medallion_dag.py for tasks to queue
[2026-09-27T19:47:05.563+0000] {logging_mixin.py:190} INFO - [2026-09-27T19:47:05.563+0000] {dagbag.py:588} INFO - Filling up the DagBag from /opt/airflow/dags/medallion_dag.py
[2026-09-27T19:47:06.247+0000] {processor.py:925} INFO - DAG(s) 'medallion_pipeline' retrieved from /opt/airflow/dags/medallion_dag.py
[2026-09-27T19:47:06.287+0000] {logging_mixin.py:190} INFO - [2026-09-27T19:47:06.287+0000] {dag.py:3239} INFO - Sync 1 DAGs
[2026-09-27T19:47:06.333+0000] {logging_mixin.py:190} INFO - [2026-09-27T19:47:06.333+0000] {dag.py:4180} INFO - Setting next_dagrun for medallion_pipeline to 2026-09-27 00:00:00+00:00, run_after=2026-09-28 00:00:00+00:00
[2026-09-27T19:47:06.365+0000] {processor.py:208} INFO - Processing /opt/airflow/dags/medallion_dag.py took 0.819 seconds
[2026-09-27T19:47:36.902+0000] {processor.py:186} INFO - Started process (PID=5758) to work on /opt/airflow/dags/medallion_dag.py
[2026-09-27T19:47:36.907+0000] {processor.py:914} INFO - Processing file /opt/airflow/dags/medallion_dag.py for tasks to queue
[2026-09-27T19:47:36.915+0000] {logging_mixin.py:190} INFO - [2026-09-27T19:47:36.914+0000] {dagbag.py:588} INFO - Filling up the DagBag from /opt/airflow/dags/medallion_dag.py
[2026-09-27T19:47:37.513+0000] {processor.py:925} INFO - DAG(s) 'medallion_pipeline' retrieved from /opt/airflow/dags/medallion_dag.py
[2026-09-27T19:47:37.563+0000] {logging_mixin.py:190} INFO - [2026-09-27T19:47:37.563+0000] {dag.py:3239} INFO - Sync 1 DAGs
[2026-09-27T19:47:37.603+0000] {logging_mixin.py:190} INFO - [2026-09-27T19:47:37.603+0000] {dag.py:4180} INFO - Setting next_dagrun for medallion_pipeline to 2026-09-27 00:00:00+00:00, run_after=2026-09-28 00:00:00+00:00
[2026-09-27T19:47:37.634+0000] {processor.py:208} INFO - Processing /opt/airflow/dags/medallion_dag.py took 0.751 seconds
[2026-09-27T19:48:08.161+0000] {processor.py:186} INFO - Started process (PID=5763) to work on /opt/airflow/dags/medallion_dag.py
[2026-09-27T19:48:08.164+0000] {processor.py:914} INFO - Processing file /opt/airflow/dags/medallion_dag.py for tasks to queue
[2026-09-27T19:48:08.170+0000] {logging_mixin.py:190} INFO - [2026-09-27T19:48:08.169+0000] {dagbag.py:588} INFO - Filling up the DagBag from /opt/airflow/dags/medallion_dag.py
[2026-09-27T19:48:08.717+0000] {processor.py:925} INFO - DAG(s) 'medallion_pipeline' retrieved from /opt/airflow/dags/medallion_dag.py
[2026-09-27T19:48:08.752+0000] {logging_mixin.py:190} INFO - [2026-09-27T19:48:08.752+0000] {dag.py:3239} INFO - Sync 1 DAGs
[2026-09-27T19:48:08.784+0000] {logging_mixin.py:190} INFO - [2026-09-27T19:48:08.784+0000] {dag.py:4180} INFO - Setting next_dagrun for medallion_pipeline to 2026-09-27 00:00:00+00:00, run_after=2026-09-28 00:00:00+00:00
[2026-09-27T19:48:08.808+0000] {processor.py:208} INFO - Processing /opt/airflow/dags/medallion_dag.py took 0.656 seconds
[2026-09-27T19:48:39.248+0000] {processor.py:186} INFO - Started process (PID=5768) to work on /opt/airflow/dags/medallion_dag.py
[2026-09-27T19:48:39.253+0000] {processor.py:914} INFO - Processing file /opt/airflow/dags/medallion_dag.py for tasks to queue
[2026-09-27T19:48:39.260+0000] {logging_mixin.py:190} INFO - [2026-09-27T19:48:39.259+0000] {dagbag.py:588} INFO - Filling up the DagBag from /opt/airflow/dags/medallion_dag.py
[2026-09-27T19:48:39.959+0000] {processor.py:925} INFO - DAG(s) 'medallion_pipeline' retrieved from /opt/airflow/dags/medallion_dag.py
[2026-09-27T19:48:40.017+0000] {logging_mixin.py:190} INFO - [2026-09-27T19:48:40.016+0000] {dag.py:3239} INFO - Sync 1 DAGs
[2026-09-27T19:48:40.067+0000] {logging_mixin.py:190} INFO - [2026-09-27T19:48:40.067+0000] {dag.py:4180} INFO - Setting next_dagrun for medallion_pipeline to 2026-09-27 00:00:00+00:00, run_after=2026-09-28 00:00:00+00:00
[2026-09-27T19:48:40.113+0000] {processor.py:208} INFO - Processing /opt/airflow/dags/medallion_dag.py took 0.874 seconds
[2026-09-27T19:49:10.571+0000] {processor.py:186} INFO - Started process (PID=5773) to work on /opt/airflow/dags/medallion_dag.py
[2026-09-27T19:49:10.574+0000] {processor.py:914} INFO - Processing file /opt/airflow/dags/medallion_dag.py for tasks to queue
[2026-09-27T19:49:10.581+0000] {logging_mixin.py:190} INFO - [2026-09-27T19:49:10.580+0000] {dagbag.py:588} INFO - Filling up the DagBag from /opt/airflow/dags/medallion_dag.py
[2026-09-27T19:49:11.142+0000] {processor.py:925} INFO - DAG(s) 'medallion_pipeline' retrieved from /opt/airflow/dags/medallion_dag.py
[2026-09-27T19:49:11.179+0000] {logging_mixin.py:190} INFO - [2026-09-27T19:49:11.179+0000] {dag.py:3239} INFO - Sync 1 DAGs
[2026-09-27T19:49:11.217+0000] {logging_mixin.py:190} INFO - [2026-09-27T19:49:11.217+0000] {dag.py:4180} INFO - Setting next_dagrun for medallion_pipeline to 2026-09-27 00:00:00+00:00, run_after=2026-09-28 00:00:00+00:00
[2026-09-27T19:49:11.246+0000] {processor.py:208} INFO - Processing /opt/airflow/dags/medallion_dag.py took 0.687 seconds
[2026-09-27T19:49:41.371+0000] {processor.py:186} INFO - Started process (PID=5778) to work on /opt/airflow/dags/medallion_dag.py
[2026-09-27T19:49:41.373+0000] {processor.py:914} INFO - Processing file /opt/airflow/dags/medallion_dag.py for tasks to queue
[2026-09-27T19:49:41.378+0000] {logging_mixin.py:190} INFO - [2026-09-27T19:49:41.378+0000] {dagbag.py:588} INFO - Filling up the DagBag from /opt/airflow/dags/medallion_dag.py
[2026-09-27T19:49:41.856+0000] {processor.py:925} INFO - DAG(s) 'medallion_pipeline' retrieved from /opt/airflow/dags/medallion_dag.py
[2026-09-27T19:49:41.889+0000] {logging_mixin.py:190} INFO - [2026-09-27T19:49:41.889+0000] {dag.py:3239} INFO - Sync 1 DAGs
[2026-09-27T19:49:41.921+0000] {logging_mixin.py:190} INFO - [2026-09-27T19:49:41.921+0000] {dag.py:4180} INFO - Setting next_dagrun for medallion_pipeline to 2026-09-27 00:00:00+00:00, run_after=2026-09-28 00:00:00+00:00
[2026-09-27T19:49:41.946+0000] {processor.py:208} INFO - Processing /opt/airflow/dags/medallion_dag.py took 0.584 seconds
[2026-09-27T19:50:11.998+0000] {processor.py:186} INFO - Started process (PID=5783) to work on /opt/airflow/dags/medallion_dag.py
[2026-09-27T19:50:12.000+0000] {processor.py:914} INFO - Processing file /opt/airflow/dags/medallion_dag.py for tasks to queue
[2026-09-27T19:50:12.008+0000] {logging_mixin.py:190} INFO - [2026-09-27T19:50:12.007+0000] {dagbag.py:588} INFO - Filling up the DagBag from /opt/airflow/dags/medallion_dag.py
[2026-09-27T19:50:12.495+0000] {processor.py:925} INFO - DAG(s) 'medallion_pipeline' retrieved from /opt/airflow/dags/medallion_dag.py
[2026-09-27T19:50:12.535+0000] {logging_mixin.py:190} INFO - [2026-09-27T19:50:12.534+0000] {dag.py:3239} INFO - Sync 1 DAGs
[2026-09-27T19:50:12.575+0000] {logging_mixin.py:190} INFO - [2026-09-27T19:50:12.575+0000] {dag.py:4180} INFO - Setting next_dagrun for medallion_pipeline to 2026-09-27 00:00:00+00:00, run_after=2026-09-28 00:00:00+00:00
[2026-09-27T19:50:12.610+0000] {processor.py:208} INFO - Processing /opt/airflow/dags/medallion_dag.py took 0.620 seconds
[2026-09-27T19:50:42.867+0000] {processor.py:186} INFO - Started process (PID=5788) to work on /opt/airflow/dags/medallion_dag.py
[2026-09-27T19:50:42.870+0000] {processor.py:914} INFO - Processing file /opt/airflow/dags/medallion_dag.py for tasks to queue
[2026-09-27T19:50:42.877+0000] {logging_mixin.py:190} INFO - [2026-09-27T19:50:42.876+0000] {dagbag.py:588} INFO - Filling up the DagBag from /opt/airflow/dags/medallion_dag.py
[2026-09-27T19:50:43.320+0000] {processor.py:925} INFO - DAG(s) 'medallion_pipeline' retrieved from /opt/airflow/dags/medallion_dag.py
[2026-09-27T19:50:43.355+0000] {logging_mixin.py:190} INFO - [2026-09-27T19:50:43.354+0000] {dag.py:3239} INFO - Sync 1 DAGs
[2026-09-27T19:50:43.391+0000] {logging_mixin.py:190} INFO - [2026-09-27T19:50:43.391+0000] {dag.py:4180} INFO - Setting next_dagrun for medallion_pipeline to 2026-09-27 00:00:00+00:00, run_after=2026-09-28 00:00:00+00:00
[2026-09-27T19:50:43.419+0000] {processor.py:208} INFO - Processing /opt/airflow/dags/medallion_dag.py took 0.581 seconds
[2026-09-27T19:51:13.838+0000] {processor.py:186} INFO - Started process (PID=5793) to work on /opt/airflow/dags/medallion_dag.py
[2026-09-27T19:51:13.841+0000] {processor.py:914} INFO - Processing file /opt/airflow/dags/medallion_dag.py for tasks to queue
[2026-09-27T19:51:13.846+0000] {logging_mixin.py:190} INFO - [2026-09-27T19:51:13.845+0000] {dagbag.py:588} INFO - Filling up the DagBag from /opt/airflow/dags/medallion_dag.py
[2026-09-27T19:51:14.418+0000] {processor.py:925} INFO - DAG(s) 'medallion_pipeline' retrieved from /opt/airflow/dags/medallion_dag.py
[2026-09-27T19:51:14.484+0000] {logging_mixin.py:190} INFO - [2026-09-27T19:51:14.484+0000] {dag.py:3239} INFO - Sync 1 DAGs
[2026-09-27T19:51:14.537+0000] {logging_mixin.py:190} INFO - [2026-09-27T19:51:14.536+0000] {dag.py:4180} INFO - Setting next_dagrun for medallion_pipeline to 2026-09-27 00:00:00+00:00, run_after=2026-09-28 00:00:00+00:00
[2026-09-27T19:51:14.584+0000] {processor.py:208} INFO - Processing /opt/airflow/dags/medallion_dag.py took 0.758 seconds
[2026-09-27T19:51:44.785+0000] {processor.py:186} INFO - Started process (PID=5798) to work on /opt/airflow/dags/medallion_dag.py
[2026-09-27T19:51:44.789+0000] {processor.py:914} INFO - Processing file /opt/airflow/dags/medallion_dag.py for tasks to queue
[2026-09-27T19:51:44.794+0000] {logging_mixin.py:190} INFO - [2026-09-27T19:51:44.793+0000] {dagbag.py:588} INFO - Filling up the DagBag from /opt/airflow/dags/medallion_dag.py
[2026-09-27T19:51:45.081+0000] {processor.py:925} INFO - DAG(s) 'medallion_pipeline' retrieved from /opt/airflow/dags/medallion_dag.py
[2026-09-27T19:51:45.116+0000] {logging_mixin.py:190} INFO - [2026-09-27T19:51:45.115+0000] {dag.py:3239} INFO - Sync 1 DAGs
[2026-09-27T19:51:45.150+0000] {logging_mixin.py:190} INFO - [2026-09-27T19:51:45.150+0000] {dag.py:4180} INFO - Setting next_dagrun for medallion_pipeline to 2026-09-27 00:00:00+00:00, run_after=2026-09-28 00:00:00+00:00
[2026-09-27T19:51:45.172+0000] {processor.py:208} INFO - Processing /opt/airflow/dags/medallion_dag.py took 0.397 seconds
[2026-09-27T19:52:15.348+0000] {processor.py:186} INFO - Started process (PID=5803) to work on /opt/airflow/dags/medallion_dag.py
[2026-09-27T19:52:15.351+0000] {processor.py:914} INFO - Processing file /opt/airflow/dags/medallion_dag.py for tasks to queue
[2026-09-27T19:52:15.358+0000] {logging_mixin.py:190} INFO - [2026-09-27T19:52:15.357+0000] {dagbag.py:588} INFO - Filling up the DagBag from /opt/airflow/dags/medallion_dag.py
[2026-09-27T19:52:15.991+0000] {processor.py:925} INFO - DAG(s) 'medallion_pipeline' retrieved from /opt/airflow/dags/medallion_dag.py
[2026-09-27T19:52:16.050+0000] {logging_mixin.py:190} INFO - [2026-09-27T19:52:16.050+0000] {dag.py:3239} INFO - Sync 1 DAGs
[2026-09-27T19:52:16.104+0000] {logging_mixin.py:190} INFO - [2026-09-27T19:52:16.103+0000] {dag.py:4180} INFO - Setting next_dagrun for medallion_pipeline to 2026-09-27 00:00:00+00:00, run_after=2026-09-28 00:00:00+00:00
[2026-09-27T19:52:16.150+0000] {processor.py:208} INFO - Processing /opt/airflow/dags/medallion_dag.py took 0.816 seconds
[2026-09-27T19:52:46.585+0000] {processor.py:186} INFO - Started process (PID=5808) to work on /opt/airflow/dags/medallion_dag.py
[2026-09-27T19:52:46.588+0000] {processor.py:914} INFO - Processing file /opt/airflow/dags/medallion_dag.py for tasks to queue
[2026-09-27T19:52:46.596+0000] {logging_mixin.py:190} INFO - [2026-09-27T19:52:46.595+0000] {dagbag.py:588} INFO - Filling up the DagBag from /opt/airflow/dags/medallion_dag.py
[2026-09-27T19:52:47.220+0000] {processor.py:925} INFO - DAG(s) 'medallion_pipeline' retrieved from /opt/airflow/dags/medallion_dag.py
[2026-09-27T19:52:47.281+0000] {logging_mixin.py:190} INFO - [2026-09-27T19:52:47.280+0000] {dag.py:3239} INFO - Sync 1 DAGs
[2026-09-27T19:52:47.348+0000] {logging_mixin.py:190} INFO - [2026-09-27T19:52:47.347+0000] {dag.py:4180} INFO - Setting next_dagrun for medallion_pipeline to 2026-09-27 00:00:00+00:00, run_after=2026-09-28 00:00:00+00:00
[2026-09-27T19:52:47.399+0000] {processor.py:208} INFO - Processing /opt/airflow/dags/medallion_dag.py took 0.830 seconds
[2026-09-27T19:53:17.873+0000] {processor.py:186} INFO - Started process (PID=5813) to work on /opt/airflow/dags/medallion_dag.py
[2026-09-27T19:53:17.875+0000] {processor.py:914} INFO - Processing file /opt/airflow/dags/medallion_dag.py for tasks to queue
[2026-09-27T19:53:17.883+0000] {logging_mixin.py:190} INFO - [2026-09-27T19:53:17.883+0000] {dagbag.py:588} INFO - Filling up the DagBag from /opt/airflow/dags/medallion_dag.py
[2026-09-27T19:53:18.518+0000] {processor.py:925} INFO - DAG(s) 'medallion_pipeline' retrieved from /opt/airflow/dags/medallion_dag.py
[2026-09-27T19:53:18.563+0000] {logging_mixin.py:190} INFO - [2026-09-27T19:53:18.563+0000] {dag.py:3239} INFO - Sync 1 DAGs
[2026-09-27T19:53:18.601+0000] {logging_mixin.py:190} INFO - [2026-09-27T19:53:18.601+0000] {dag.py:4180} INFO - Setting next_dagrun for medallion_pipeline to 2026-09-27 00:00:00+00:00, run_after=2026-09-28 00:00:00+00:00
[2026-09-27T19:53:18.633+0000] {processor.py:208} INFO - Processing /opt/airflow/dags/medallion_dag.py took 0.771 seconds
[2026-09-27T19:53:49.030+0000] {processor.py:186} INFO - Started process (PID=5818) to work on /opt/airflow/dags/medallion_dag.py
[2026-09-27T19:53:49.033+0000] {processor.py:914} INFO - Processing file /opt/airflow/dags/medallion_dag.py for tasks to queue
[2026-09-27T19:53:49.038+0000] {logging_mixin.py:190} INFO - [2026-09-27T19:53:49.038+0000] {dagbag.py:588} INFO - Filling up the DagBag from /opt/airflow/dags/medallion_dag.py
[2026-09-27T19:53:49.527+0000] {processor.py:925} INFO - DAG(s) 'medallion_pipeline' retrieved from /opt/airflow/dags/medallion_dag.py
[2026-09-27T19:53:49.561+0000] {logging_mixin.py:190} INFO - [2026-09-27T19:53:49.561+0000] {dag.py:3239} INFO - Sync 1 DAGs
[2026-09-27T19:53:49.592+0000] {logging_mixin.py:190} INFO - [2026-09-27T19:53:49.592+0000] {dag.py:4180} INFO - Setting next_dagrun for medallion_pipeline to 2026-09-27 00:00:00+00:00, run_after=2026-09-28 00:00:00+00:00
[2026-09-27T19:53:49.622+0000] {processor.py:208} INFO - Processing /opt/airflow/dags/medallion_dag.py took 0.599 seconds
[2026-09-27T19:54:19.792+0000] {processor.py:186} INFO - Started process (PID=5823) to work on /opt/airflow/dags/medallion_dag.py
[2026-09-27T19:54:19.794+0000] {processor.py:914} INFO - Processing file /opt/airflow/dags/medallion_dag.py for tasks to queue
[2026-09-27T19:54:19.799+0000] {logging_mixin.py:190} INFO - [2026-09-27T19:54:19.798+0000] {dagbag.py:588} INFO - Filling up the DagBag from /opt/airflow/dags/medallion_dag.py
[2026-09-27T19:54:20.329+0000] {processor.py:925} INFO - DAG(s) 'medallion_pipeline' retrieved from /opt/airflow/dags/medallion_dag.py
[2026-09-27T19:54:20.385+0000] {logging_mixin.py:190} INFO - [2026-09-27T19:54:20.385+0000] {dag.py:3239} INFO - Sync 1 DAGs
[2026-09-27T19:54:20.437+0000] {logging_mixin.py:190} INFO - [2026-09-27T19:54:20.437+0000] {dag.py:4180} INFO - Setting next_dagrun for medallion_pipeline to 2026-09-27 00:00:00+00:00, run_after=2026-09-28 00:00:00+00:00
[2026-09-27T19:54:20.472+0000] {processor.py:208} INFO - Processing /opt/airflow/dags/medallion_dag.py took 0.690 seconds
[2026-09-27T19:54:50.864+0000] {processor.py:186} INFO - Started process (PID=5828) to work on /opt/airflow/dags/medallion_dag.py
[2026-09-27T19:54:50.868+0000] {processor.py:914} INFO - Processing file /opt/airflow/dags/medallion_dag.py for tasks to queue
[2026-09-27T19:54:50.873+0000] {logging_mixin.py:190} INFO - [2026-09-27T19:54:50.873+0000] {dagbag.py:588} INFO - Filling up the DagBag from /opt/airflow/dags/medallion_dag.py
[2026-09-27T19:54:51.466+0000] {processor.py:925} INFO - DAG(s) 'medallion_pipeline' retrieved from /opt/airflow/dags/medallion_dag.py
[2026-09-27T19:54:51.507+0000] {logging_mixin.py:190} INFO - [2026-09-27T19:54:51.507+0000] {dag.py:3239} INFO - Sync 1 DAGs
[2026-09-27T19:54:51.553+0000] {logging_mixin.py:190} INFO - [2026-09-27T19:54:51.552+0000] {dag.py:4180} INFO - Setting next_dagrun for medallion_pipeline to 2026-09-27 00:00:00+00:00, run_after=2026-09-28 00:00:00+00:00
[2026-09-27T19:54:51.586+0000] {processor.py:208} INFO - Processing /opt/airflow/dags/medallion_dag.py took 0.733 seconds
[2026-09-27T19:55:21.893+0000] {processor.py:186} INFO - Started process (PID=5833) to work on /opt/airflow/dags/medallion_dag.py
[2026-09-27T19:55:21.896+0000] {processor.py:914} INFO - Processing file /opt/airflow/dags/medallion_dag.py for tasks to queue
[2026-09-27T19:55:21.901+0000] {logging_mixin.py:190} INFO - [2026-09-27T19:55:21.901+0000] {dagbag.py:588} INFO - Filling up the DagBag from /opt/airflow/dags/medallion_dag.py
[2026-09-27T19:55:22.863+0000] {processor.py:925} INFO - DAG(s) 'medallion_pipeline' retrieved from /opt/airflow/dags/medallion_dag.py
[2026-09-27T19:55:22.907+0000] {logging_mixin.py:190} INFO - [2026-09-27T19:55:22.906+0000] {dag.py:3239} INFO - Sync 1 DAGs
[2026-09-27T19:55:22.955+0000] {logging_mixin.py:190} INFO - [2026-09-27T19:55:22.955+0000] {dag.py:4180} INFO - Setting next_dagrun for medallion_pipeline to 2026-09-27 00:00:00+00:00, run_after=2026-09-28 00:00:00+00:00
[2026-09-27T19:55:22.989+0000] {processor.py:208} INFO - Processing /opt/airflow/dags/medallion_dag.py took 1.107 seconds
